fecha,hora,actual,forecast,previo,source_file,BRENTCMDUSD_open,BRENTCMDUSD_high,BRENTCMDUSD_low,BRENTCMDUSD_close,BRENTCMDUSD_volume,BTCUSD_open,BTCUSD_high,BTCUSD_low,BTCUSD_close,BTCUSD_volume,ETHUSD_open,ETHUSD_high,ETHUSD_low,ETHUSD_close,ETHUSD_volume,EURUSD_open,EURUSD_high,EURUSD_low,EURUSD_close,EURUSD_volume,GBPUSD_open,GBPUSD_high,GBPUSD_low,GBPUSD_close,GBPUSD_volume,USA30IDXUSD_open,USA30IDXUSD_high,USA30IDXUSD_low,USA30IDXUSD_close,USA30IDXUSD_volume,USA500IDXUSD_open,USA500IDXUSD_high,USA500IDXUSD_low,USA500IDXUSD_close,USA500IDXUSD_volume,USATECHIDXUSD_open,USATECHIDXUSD_high,USATECHIDXUSD_low,USATECHIDXUSD_close,USATECHIDXUSD_volume,USDCAD_open,USDCAD_high,USDCAD_low,USDCAD_close,USDCAD_volume,USDCHF_open,USDCHF_high,USDCHF_low,USDCHF_close,USDCHF_volume,USDJPY_open,USDJPY_high,USDJPY_low,USDJPY_close,USDJPY_volume,XAGUSD_open,XAGUSD_high,XAGUSD_low,XAGUSD_close,XAGUSD_volume,XAUUSD_open,XAUUSD_high,XAUUSD_low,XAUUSD_close,XAUUSD_volume
2025-08-01,08:30:00,0.3,0.3,0.2,Average Hourly Earnings.xlsx,71.635,71.93,71.205,71.33,60,115025.6,115028.4,114089.1,114552.0,2,3647.8,3647.8,3584.9,3607.2,2,1.14184,1.14204,1.14052,1.14062,3387,1.31941,1.31947,1.31596,1.31603,3432,43770.327,43839.899,43699.863,43763.327,60,6293.128,6296.616,6274.866,6285.429,60,23039.998,23041.887,22932.532,22984.075,60,1.38709,1.38757,1.38682,1.38753,3067,0.81471,0.81704,0.81465,0.81697,4854,150.532,150.626,150.508,150.609,5491,36.437,36.479,36.342,36.416,135,3286.598,3294.248,3285.115,3294.095,60
2025-07-03,08:30:00,0.2,0.3,0.4,Average Hourly Earnings.xlsx,68.505,68.695,68.325,68.605,60,109325.8,109585.4,109322.0,109405.1,2,2598.8,2605.2,2586.2,2586.5,2,1.18013,1.18082,1.17953,1.17977,4777,1.36549,1.36757,1.36545,1.36639,4067,44500.575,44504.551,44456.575,44456.599,60,6232.466,6233.734,6226.222,6226.228,60,22668.331,22680.409,22641.642,22641.686,60,1.35921,1.35927,1.35855,1.35873,5675,0.79137,0.79191,0.79087,0.79187,3341,143.861,143.894,143.77,143.876,4539,36.902,37.064,36.891,37.029,101,3352.825,3358.155,3351.395,3355.995,60
2025-06-06,08:30:00,0.4,0.3,0.2,Average Hourly Earnings.xlsx,64.965,65.19,64.905,65.135,60,103185.6,103647.0,103185.6,103567.9,2,2453.8,2464.6,2452.4,2459.6,2,1.14266,1.14292,1.14115,1.14142,6058,1.35452,1.35479,1.35344,1.35378,3818,42491.799,42499.999,42456.299,42481.703,60,5963.122,5965.113,5957.866,5963.113,60,21627.61,21639.031,21605.543,21628.531,60,1.36677,1.36803,1.36677,1.368,4239,0.8207,0.82203,0.82069,0.82196,4844,143.908,144.068,143.879,144.053,7310,36.147,36.257,36.06,36.211,117,3359.415,3367.559,3358.115,3365.185,60
2025-05-02,08:30:00,0.2,0.3,0.3,Average Hourly Earnings.xlsx,62.084,62.325,61.725,61.745,60,96372.7,96779.5,96372.0,96633.7,2,1813.9,1824.2,1812.1,1821.3,2,1.13278,1.13346,1.13159,1.13319,8353,1.32987,1.3299,1.32819,1.32914,4264,40989.587,41017.099,40884.503,40886.527,60,5626.429,5635.384,5613.875,5614.113,60,19808.898,19855.487,19773.753,19776.376,60,1.38166,1.38341,1.38166,1.38298,3338,0.82728,0.82776,0.82595,0.82621,6607,145.124,145.206,144.819,144.827,10380,32.537,32.584,32.475,32.481,60,3258.785,3261.415,3254.975,3257.775,60
2025-04-04,08:30:00,0.3,0.3,0.2,Average Hourly Earnings.xlsx,68.495,68.565,67.555,67.575,60,83971.8,84620.9,83922.8,84394.9,2,1815.2,1832.2,1812.4,1825.7,2,1.10039,1.10095,1.09749,1.09961,19420,1.30073,1.30144,1.29747,1.29825,13989,40271.039,40280.051,40094.587,40134.063,60,5361.254,5370.236,5348.998,5353.628,60,18426.921,18501.82,18410.654,18431.41,60,1.41467,1.41634,1.41269,1.41317,16128,0.85514,0.857,0.85333,0.85553,13482,146.27,146.485,146.146,146.409,26148,31.246,31.42,31.159,31.375,114,3092.635,3093.885,3078.255,3083.858,60
2025-03-07,09:30:00,0.3,0.3,0.4,Average Hourly Earnings.xlsx,70.235,70.425,70.2,70.415,60,88333.0,89652.4,88324.0,88911.0,2,2182.5,2208.0,2181.7,2190.6,2,1.08508,1.08714,1.08445,1.0861,10963,1.29202,1.29443,1.29146,1.2938,5043,42619.015,42691.551,42610.551,42670.063,60,5752.619,5765.363,5750.366,5759.619,60,20135.587,20193.943,20125.208,20164.199,60,1.42954,1.43002,1.42859,1.42993,8161,0.87782,0.87874,0.87666,0.87853,6233,147.335,147.583,147.289,147.441,15261,32.613,32.668,32.601,32.632,81,2922.195,2922.875,2919.995,2921.335,60
2025-02-07,09:30:00,0.5,0.3,0.3,Average Hourly Earnings.xlsx,74.975,74.98,74.625,74.93,60,97027.0,97375.2,97027.0,97273.6,2,2727.3,2739.5,2724.4,2736.4,2,1.03977,1.03991,1.03896,1.0391,6717,1.2465,1.24683,1.24571,1.2459,5319,44727.527,44782.099,44720.539,44780.799,60,6077.179,6083.131,6075.878,6081.628,60,21747.765,21768.689,21739.053,21757.797,60,1.43065,1.43127,1.4305,1.43113,6114,0.90571,0.90609,0.9055,0.90592,4603,151.74,151.832,151.696,151.822,9106,32.32,32.413,32.285,32.308,88,2866.165,2870.505,2865.425,2868.795,60
2025-01-10,09:30:00,0.3,0.3,0.4,Average Hourly Earnings.xlsx,77.943,78.733,77.858,78.723,60,94633.8,94941.1,94537.7,94764.9,2,3292.9,3307.1,3287.1,3299.3,2,1.03027,1.03058,1.0299,1.02998,12429,1.2288,1.23079,1.2284,1.23019,6454,42601.085,42608.501,42506.549,42562.297,60,5904.827,5906.029,5894.761,5899.764,60,21108.697,21119.499,21073.432,21102.343,60,1.44106,1.44169,1.44075,1.441,6664,0.91247,0.91343,0.91242,0.91338,4796,157.821,157.945,157.622,157.929,33117,30.261,30.34,30.232,30.299,71,2679.765,2682.155,2677.505,2678.244,60
2024-12-06,09:30:00,0.4,0.3,0.4,Average Hourly Earnings.xlsx,71.793,71.953,71.683,71.793,60,98398.7,98494.7,98010.7,98077.7,2,3879.6,3888.3,3856.8,3869.9,6,1.05819,1.05834,1.05713,1.05772,13481,1.27608,1.27647,1.27551,1.2759,4372,44772.503,44781.515,44742.075,44769.063,60,6076.282,6077.032,6072.511,6074.02,59,21441.064,21441.986,21417.009,21423.465,60,1.40364,1.40435,1.40355,1.40383,6814,0.87873,0.87943,0.87862,0.87882,4032,150.367,150.604,150.361,150.574,21856,31.334,31.363,31.257,31.309,83,2644.045,2645.535,2639.605,2640.615,60
2024-11-01,08:30:00,0.4,0.3,0.3,Average Hourly Earnings.xlsx,74.333,74.923,74.313,74.553,60,69164.4,69420.0,69145.6,69258.4,2,2502.0,2512.8,2493.4,2499.0,3,1.08679,1.0868,1.08573,1.08622,14443,1.28978,1.29179,1.28879,1.29039,5390,41819.475,41872.451,41804.415,41849.963,60,5718.617,5726.002,5717.632,5722.743,60,19964.286,19990.632,19956.032,19970.675,60,1.39412,1.39421,1.39287,1.39307,5035,0.86848,0.86935,0.86745,0.86808,7168,152.546,152.691,152.522,152.639,24978,32.655,32.868,32.639,32.834,133,2749.535,2754.948,2748.455,2753.335,60
2024-10-04,08:30:00,0.4,0.3,0.5,Average Hourly Earnings.xlsx,78.213,78.473,78.103,78.453,60,61406.1,61609.3,61304.2,61415.9,2,2379.2,2391.1,2375.4,2379.2,2,1.10278,1.103,1.10212,1.10254,12855,1.31586,1.31656,1.31452,1.31563,7124,42033.263,42035.263,41967.239,41972.287,60,5706.877,5708.832,5700.564,5700.829,60,19835.12,19845.975,19802.32,19806.108,60,1.35582,1.3564,1.35571,1.35585,6446,0.852,0.85254,0.85152,0.85152,6145,146.305,146.41,146.247,146.336,17816,32.081,32.085,31.954,31.999,94,2660.865,2661.405,2658.715,2658.894,60
2024-09-06,08:30:00,0.4,0.3,-0.1,Average Hourly Earnings.xlsx,73.067,73.217,72.457,72.702,60,55762.7,55897.4,55603.0,55749.2,2,2342.0,2355.1,2336.1,2347.8,2,1.11157,1.11207,1.11129,1.11173,9461,1.31814,1.3184,1.31658,1.31671,5218,40619.025,40668.087,40585.003,40613.299,60,5469.57,5472.877,5460.564,5464.573,60,18743.153,18756.298,18675.489,18691.189,60,1.34955,1.3505,1.34931,1.35021,4780,0.84206,0.84206,0.84054,0.84095,4858,142.522,142.724,142.48,142.612,36093,28.788,28.866,28.739,28.778,160,2516.355,2518.155,2515.358,2517.738,60
2024-08-02,08:30:00,0.2,0.3,0.3,Average Hourly Earnings.xlsx,80.357,80.433,79.893,79.928,60,64095.4,64556.9,63966.5,64556.9,2,3143.7,3155.6,3130.7,3155.0,2,1.08041,1.08152,1.08031,1.08145,16338,1.2713,1.2737,1.2713,1.2735,4773,40085.003,40138.087,40058.087,40132.599,60,5399.073,5400.627,5386.073,5398.832,60,18619.832,18632.12,18543.631,18600.776,60,1.38712,1.38807,1.38684,1.38744,6534,0.8718,0.87251,0.87136,0.87171,5996,149.21,149.321,148.832,149.071,28703,28.893,28.953,28.858,28.885,72,2461.505,2465.225,2460.815,2461.918,60
2024-07-05,08:30:00,0.3,0.3,0.4,Average Hourly Earnings.xlsx,87.483,87.563,87.293,87.293,60,54368.5,54395.2,54023.1,54048.0,2,2879.2,2881.5,2847.1,2849.0,3,1.08289,1.08305,1.08227,1.0828,7141,1.27801,1.27812,1.27734,1.27793,2152,39348.003,39356.575,39299.551,39317.575,60,5539.664,5542.882,5537.364,5538.126,60,20208.52,20224.889,20192.943,20196.487,60,1.36037,1.36113,1.36029,1.36039,4251,0.89801,0.8988,0.89789,0.89827,2404,160.77,160.823,160.632,160.737,11236,30.58,30.612,30.546,30.557,62,2365.115,2367.955,2364.515,2366.355,60
2024-06-07,08:30:00,0.4,0.3,0.2,Average Hourly Earnings.xlsx,79.913,79.993,79.523,79.623,60,71062.2,71128.1,70994.8,71078.0,2,3813.5,3814.3,3805.4,3808.4,4,1.08927,1.08929,1.08831,1.08889,13340,1.28002,1.2801,1.27821,1.27882,3551,38938.163,38938.663,38874.627,38887.627,60,5356.111,5358.177,5351.623,5353.117,60,19045.319,19059.899,19036.776,19041.153,60,1.36731,1.36876,1.36724,1.36829,5716,0.88959,0.89004,0.88925,0.88935,3558,155.419,155.565,155.312,155.356,23959,31.204,31.221,30.633,30.746,283,2373.415,2373.765,2342.424,2347.195,60
2024-05-03,08:30:00,0.2,0.3,0.3,Average Hourly Earnings.xlsx,83.973,84.013,83.653,83.813,60,59151.9,59353.0,59107.2,59190.7,2,2966.6,2981.7,2962.2,2971.0,3,1.07344,1.07441,1.07323,1.07425,8616,1.25475,1.25625,1.25457,1.25591,4349,38465.527,38510.563,38460.299,38491.075,60,5076.906,5082.677,5076.65,5081.056,60,17639.13,17661.419,17634.542,17653.519,60,1.36694,1.36716,1.36612,1.36626,4349,0.90761,0.90819,0.90722,0.90782,4048,153.297,153.332,153.151,153.19,16509,26.533,26.598,26.486,26.528,61,2299.105,2302.555,2298.255,2301.305,60
2024-04-05,08:30:00,0.3,0.3,0.2,Average Hourly Earnings.xlsx,90.743,90.873,90.583,90.763,60,66885.7,67611.6,66873.0,67108.2,2,3283.4,3310.0,3274.4,3282.1,2,1.0839,1.08463,1.08361,1.08375,7314,1.26268,1.26401,1.26215,1.26366,3148,38658.027,38673.799,38637.015,38656.575,60,5162.264,5165.023,5159.282,5163.017,60,17940.886,17953.631,17926.743,17944.653,60,1.35604,1.35663,1.3557,1.35613,2407,0.90412,0.90446,0.90283,0.90341,4012,151.336,151.45,151.306,151.41,20791,26.761,26.807,26.69,26.75,95,2289.045,2291.685,2284.768,2288.015,60
2024-03-08,09:30:00,0.1,0.2,0.5,Average Hourly Earnings.xlsx,83.733,83.823,83.148,83.208,60,67222.0,67427.0,67066.6,67102.0,2,3944.7,3952.9,3929.6,3931.1,2,1.09358,1.09373,1.09261,1.09352,9923,1.28201,1.28292,1.28125,1.28272,4080,38792.063,38795.015,38732.503,38745.003,60,5164.437,5165.076,5161.181,5162.461,60,18302.13,18324.289,18287.732,18313.587,60,1.34355,1.34395,1.34315,1.34367,5091,0.87637,0.8767,0.87575,0.87646,3749,147.814,147.825,146.874,147.132,16916,24.476,24.531,24.459,24.504,75,2165.125,2170.995,2164.525,2168.978,60
2024-02-02,09:30:00,0.6,0.3,0.4,Average Hourly Earnings.xlsx,78.717,79.233,78.573,79.108,60,42960.1,43018.6,42907.5,42939.5,2,2305.3,2310.7,2303.5,2306.4,2,1.08792,1.08974,1.08792,1.08908,11609,1.27421,1.2764,1.27421,1.27572,3394,38524.299,38528.599,38496.039,38509.539,60,4935.473,4937.707,4929.66,4932.641,60,17521.631,17540.042,17504.665,17516.643,60,1.33798,1.33803,1.3367,1.33685,6383,0.85686,0.85686,0.85562,0.85633,4389,146.735,146.798,146.671,146.694,24780,23.13,23.211,23.112,23.161,66,2053.905,2054.885,2052.595,2052.945,60
2024-01-05,09:30:00,0.4,0.3,0.4,Average Hourly Earnings.xlsx,78.125,78.473,78.043,78.253,60,43901.9,44276.5,43891.3,44133.0,2,2251.3,2267.3,2251.1,2263.1,2,1.09075,1.09305,1.09028,1.09126,14624,1.26615,1.26707,1.26568,1.26596,4573,37423.797,37424.799,37362.559,37368.009,60,4684.187,4685.437,4678.271,4679.039,60,16247.809,16259.089,16229.509,16235.779,60,1.33625,1.33727,1.33569,1.33723,4206,0.85208,0.85339,0.85124,0.85295,8390,145.08,145.202,145.002,145.184,24543,23.013,23.037,22.943,22.962,71,2042.305,2043.598,2038.295,2038.735,60
2023-12-08,09:30:00,0.4,0.3,0.2,Average Hourly Earnings.xlsx,75.803,76.073,75.573,75.653,60,43178.6,43254.4,43093.2,43101.6,2,2348.9,2354.5,2343.9,2345.2,2,1.07892,1.07893,1.07723,1.07767,19105,1.25677,1.2568,1.25541,1.25568,5274,36119.599,36152.019,36116.519,36132.799,60,4580.37,4587.152,4580.234,4586.176,60,15986.899,16008.759,15986.319,16007.139,60,1.35818,1.35848,1.35773,1.35791,7075,0.87425,0.87544,0.87408,0.87517,4453,143.984,144.408,143.959,144.285,46680,23.735,23.804,23.723,23.767,310,2028.085,2029.085,2026.535,2028.505,60
2023-11-03,08:30:00,0.2,0.3,0.3,Average Hourly Earnings.xlsx,87.257,87.343,87.062,87.183,60,34429.8,34573.9,34218.4,34398.6,2,1796.4,1802.1,1786.9,1793.9,2,1.06291,1.06322,1.06197,1.0627,10092,1.21994,1.21994,1.21856,1.21935,4163,33860.539,33867.077,33839.079,33850.079,60,4312.173,4314.217,4310.314,4312.057,60,14869.499,14874.859,14861.849,14866.169,60,1.37304,1.3745,1.37278,1.37441,3793,0.90597,0.90686,0.90575,0.90683,2953,150.341,150.416,150.321,150.4,11845,22.618,22.699,22.599,22.668,60,1986.358,1988.985,1986.008,1988.438,60
2023-10-06,08:30:00,0.2,0.3,0.2,Average Hourly Earnings.xlsx,84.533,84.533,84.088,84.148,60,27604.5,27632.5,27574.5,27588.2,2,1628.4,1634.7,1627.9,1630.4,2,1.05497,1.05532,1.05421,1.05482,18368,1.22035,1.22057,1.2192,1.21982,7408,33126.089,33155.097,33116.039,33122.009,60,4260.976,4263.45,4256.78,4257.802,60,14749.249,14756.079,14723.239,14729.109,60,1.36955,1.37115,1.36952,1.37101,5822,0.91223,0.91332,0.91203,0.9129,11894,148.889,148.944,148.841,148.908,20464,21.013,21.022,20.912,20.992,87,1821.295,1821.995,1819.195,1821.825,60
2023-09-01,08:30:00,0.2,0.3,0.4,Average Hourly Earnings.xlsx,87.103,87.323,86.923,87.193,60,25953.6,25978.4,25924.1,25942.6,2,1642.7,1644.9,1639.8,1640.2,2,1.0856,1.08563,1.08463,1.08483,11179,1.26838,1.26849,1.26718,1.26748,4341,34828.047,34836.039,34813.529,34828.299,60,4519.801,4520.072,4516.324,4517.85,60,15526.937,15529.399,15508.559,15512.119,60,1.34992,1.3513,1.34977,1.35093,6583,0.88176,0.88298,0.88154,0.88269,3715,145.418,145.513,145.386,145.465,18514,24.572,24.588,24.53,24.586,80,1943.005,1943.685,1941.795,1942.925,60
2023-08-04,08:30:00,0.4,0.3,0.4,Average Hourly Earnings.xlsx,85.543,85.633,85.313,85.478,60,29143.2,29208.2,29115.7,29145.9,2,1834.2,1836.0,1830.7,1830.7,2,1.09474,1.09527,1.09378,1.09401,15452,1.27055,1.27112,1.26942,1.26994,4971,35300.029,35330.099,35266.509,35276.019,60,4520.734,4526.207,4516.426,4518.04,60,15441.019,15471.109,15424.349,15433.099,60,1.33617,1.337,1.33566,1.33674,4382,0.87677,0.8779,0.87619,0.87758,6594,142.653,142.722,142.607,142.66,23600,23.482,23.49,23.411,23.424,71,1932.785,1933.595,1932.055,1932.355,60
2023-07-07,08:30:00,0.4,0.3,0.4,Average Hourly Earnings.xlsx,76.893,76.913,76.343,76.413,60,29975.3,30072.5,29939.7,30039.6,2,1853.6,1859.3,1851.5,1853.5,2,1.08758,1.08808,1.08669,1.08776,18220,1.27314,1.27456,1.27255,1.27343,5066,33874.499,33896.559,33847.089,33886.069,60,4403.567,4407.484,4399.819,4406.251,60,15049.769,15069.799,15035.779,15067.039,60,1.33769,1.33867,1.33718,1.3374,4484,0.89578,0.8965,0.8954,0.89573,4277,143.234,143.255,142.943,142.962,30862,22.7,22.718,22.638,22.693,64,1914.505,1915.645,1913.235,1915.495,60
2023-06-02,08:30:00,0.3,0.4,0.4,Average Hourly Earnings.xlsx,75.068,75.597,74.513,75.543,60,27020.5,27145.9,27020.5,27139.7,2,1883.7,1891.3,1883.6,1890.3,2,1.07617,1.0777,1.076,1.07742,13937,1.25256,1.25411,1.25216,1.25356,4441,33182.509,33200.799,33163.999,33190.069,60,4234.686,4237.716,4233.93,4237.704,60,14479.189,14493.899,14467.499,14493.899,60,1.34244,1.34247,1.34062,1.34107,3597,0.9051,0.90513,0.90382,0.90436,3061,139.005,139.105,138.794,138.825,19859,23.874,23.977,23.863,23.959,73,1975.925,1979.785,1974.905,1979.015,60
2023-05-05,08:30:00,0.5,0.3,0.3,Average Hourly Earnings.xlsx,73.718,73.833,73.253,73.788,60,29046.5,29098.1,29021.5,29038.1,2,1893.4,1898.7,1892.8,1894.5,2,1.10268,1.10316,1.1024,1.10281,16947,1.261,1.26111,1.25989,1.26073,4501,33204.299,33243.079,33158.549,33234.299,60,4074.9,4080.78,4070.15,4079.547,60,13030.349,13045.399,13017.299,13039.859,60,1.34999,1.35105,1.34926,1.3499,4410,0.88934,0.89312,0.889,0.89181,6120,134.053,134.192,133.961,134.149,8834,25.918,25.927,25.866,25.897,60,2040.425,2041.605,2038.735,2039.795,60
2023-04-07,08:30:00,0.3,0.3,0.2,Average Hourly Earnings.xlsx,,,,,,27813.5,27907.4,27777.1,27783.9,2,1848.9,1855.4,1845.4,1849.4,2,1.09154,1.09176,1.0913,1.09153,2215,1.24356,1.24403,1.24282,1.244,1877,33412.559,33424.529,33407.499,33424.529,57,4097.642,4100.876,4097.633,4100.876,43,13042.559,13062.099,13041.609,13059.189,60,1.34909,1.35131,1.34909,1.35092,911,0.90431,0.90452,0.90363,0.90392,1346,131.883,131.895,131.769,131.802,8005,,,,,,,,,,
2023-03-10,09:30:00,0.2,0.3,0.3,Average Hourly Earnings.xlsx,81.013,81.353,80.713,81.128,60,19924.6,19931.8,19803.7,19828.5,2,1402.7,1403.3,1392.3,1392.7,4,1.05913,1.05986,1.05798,1.05811,21890,1.19384,1.20091,1.19358,1.19876,10136,32036.017,32129.799,32026.299,32063.509,60,3894.686,3909.487,3893.421,3901.674,60,11962.237,12011.499,11956.209,11987.819,60,1.38575,1.38615,1.38265,1.38353,8675,0.93066,0.93083,0.92896,0.93025,5711,136.618,136.802,136.604,136.779,20317,20.075,20.134,20.028,20.033,60,1835.055,1836.758,1831.458,1831.458,60
2023-02-03,09:30:00,0.3,0.3,0.4,Average Hourly Earnings.xlsx,82.007,82.597,81.727,82.522,60,23386.8,23409.7,23364.4,23387.0,2,1638.2,1640.8,1637.1,1639.0,2,1.09035,1.09308,1.08934,1.09297,20869,1.21958,1.22516,1.21876,1.22456,15462,33970.549,33979.299,33936.049,33936.099,60,4144.453,4150.582,4141.103,4145.866,60,12557.859,12614.799,12544.199,12598.539,60,1.33664,1.33738,1.33444,1.33467,7718,0.91632,0.91647,0.91255,0.91287,5422,128.707,128.707,128.547,128.557,16438,23.381,23.525,23.327,23.466,174,1912.045,1916.055,1910.265,1913.115,60
2023-01-06,09:30:00,0.3,0.4,0.4,Average Hourly Earnings.xlsx,78.817,79.367,78.327,79.162,60,16761.1,16761.1,16726.1,16749.8,2,1246.5,1246.7,1243.4,1245.1,2,1.05182,1.05193,1.04965,1.05072,18436,1.18863,1.18886,1.18533,1.18576,8296,32981.027,32982.559,32912.089,32948.059,60,3813.866,3814.081,3803.055,3808.686,60,10751.517,10752.289,10701.749,10726.699,60,1.35974,1.36278,1.35972,1.36146,10030,0.93903,0.9405,0.93868,0.93998,6034,134.347,134.59,134.28,134.41,40619,23.378,23.42,23.305,23.404,68,1837.005,1837.345,1833.165,1835.415,60
2022-12-02,09:30:00,0.6,0.3,0.5,Average Hourly Earnings.xlsx,86.637,87.177,86.432,87.152,60,16930.4,16952.5,16927.4,16932.2,2,1274.8,1278.7,1274.0,1275.6,2,1.05353,1.05401,1.05152,1.05296,36195,1.22809,1.22823,1.2253,1.22741,13955,34349.077,34373.299,34327.019,34371.079,60,4073.829,4077.906,4070.595,4077.621,60,12024.407,12035.267,12007.349,12033.909,60,1.34356,1.34477,1.34331,1.34335,11078,0.9349,0.93701,0.93489,0.93507,11642,133.764,134.243,133.682,133.986,64888,22.687,22.783,22.649,22.755,88,1801.817,1802.558,1799.818,1801.658,60
2022-11-04,08:30:00,0.4,0.3,0.3,Average Hourly Earnings.xlsx,96.577,96.782,96.177,96.527,56,20572.8,20613.9,20554.7,20562.4,2,1584.7,1585.7,1578.0,1578.0,3,0.97638,0.97834,0.97638,0.97734,26727,1.12006,1.1229,1.12006,1.12214,7344,32038.547,32109.297,32026.009,32073.299,56,3726.116,3736.616,3724.36,3731.625,56,10717.199,10748.709,10710.149,10732.619,56,1.36689,1.36695,1.36376,1.36541,15199,1.01137,1.01138,1.00944,1.01081,12038,147.884,147.886,147.534,147.738,45623,19.726,19.847,19.725,19.774,68,1644.828,1649.518,1644.748,1647.467,56
2022-10-07,08:30:00,0.3,0.3,0.3,Average Hourly Earnings.xlsx,94.762,94.972,94.469,94.787,60,19894.9,19979.9,19887.0,19940.6,2,1353.5,1357.3,1352.5,1353.5,3,0.97985,0.98167,0.97932,0.98015,40311,1.11671,1.12185,1.11601,1.11923,17539,29886.579,29944.587,29857.509,29940.799,60,3732.729,3739.546,3728.13,3739.239,60,11427.107,11444.699,11407.409,11441.589,60,1.37386,1.37429,1.37148,1.37239,15235,0.98988,0.99045,0.98779,0.99043,15873,144.913,144.913,144.715,144.824,15683,20.718,20.786,20.693,20.735,63,1710.782,1713.704,1709.348,1712.188,60
2022-09-02,08:30:00,0.3,0.4,0.5,Average Hourly Earnings.xlsx,94.237,95.152,93.912,95.067,60,20073.7,20097.0,20032.8,20059.1,2,1591.6,1595.2,1582.3,1587.6,2,0.99882,0.99898,0.99714,0.99726,22038,1.15571,1.1563,1.15506,1.15547,6027,31586.297,31690.099,31583.559,31678.009,60,3959.934,3973.499,3959.442,3971.451,60,12263.279,12302.909,12261.229,12292.969,60,1.31463,1.31471,1.31329,1.31382,6014,0.97913,0.98036,0.97907,0.97993,6875,140.243,140.334,140.24,140.329,10826,17.946,17.966,17.908,17.938,63,1703.588,1704.548,1702.004,1704.434,60
2022-08-05,08:30:00,0.5,0.3,0.4,Average Hourly Earnings.xlsx,94.932,94.937,94.159,94.477,60,23151.4,23215.9,23066.6,23110.2,2,1660.3,1665.5,1649.6,1654.8,4,1.02334,1.02375,1.0218,1.02235,15682,1.21547,1.21563,1.21376,1.2144,7460,32793.559,32793.559,32735.499,32753.099,60,4156.842,4157.897,4148.045,4150.548,60,13332.529,13337.197,13290.889,13302.219,60,1.28673,1.2887,1.2867,1.28818,6353,0.95609,0.95732,0.95546,0.95566,8266,133.301,133.317,133.048,133.079,20072,20.169,20.177,20.078,20.088,60,1790.417,1790.667,1785.324,1787.337,60
2022-07-08,08:30:00,0.3,0.3,0.4,Average Hourly Earnings.xlsx,104.402,104.837,103.892,104.222,60,21750.8,21767.2,21383.7,21386.5,2,1237.9,1241.3,1213.5,1214.1,4,1.01082,1.01195,1.00864,1.01134,11703,1.19431,1.19536,1.19191,1.19346,10844,31312.797,31347.299,31255.049,31270.519,60,3890.334,3894.852,3883.039,3884.854,60,12066.017,12079.097,12040.899,12043.719,60,1.30062,1.30165,1.30031,1.30163,5241,0.97756,0.97843,0.97637,0.97701,11402,135.834,135.868,135.515,135.731,15167,19.093,19.204,19.074,19.121,68,1736.419,1743.248,1734.834,1737.738,60
2022-06-03,08:30:00,0.3,0.4,0.3,Average Hourly Earnings.xlsx,116.392,117.287,116.002,116.782,60,30371.5,30444.1,30319.1,30362.7,2,1809.2,1816.8,1802.0,1805.6,2,1.07562,1.07624,1.07494,1.07532,6278,1.25741,1.25815,1.2571,1.25739,3682,33189.997,33226.297,33149.299,33172.519,60,4165.833,4170.551,4161.533,4165.748,60,12824.087,12844.389,12806.209,12835.629,60,1.25664,1.25732,1.25558,1.25615,4288,0.95623,0.95833,0.95616,0.95821,4135,129.879,129.986,129.865,129.969,4436,22.291,22.382,22.274,22.352,60,1864.514,1866.338,1864.243,1864.748,60
2022-05-06,08:30:00,0.3,0.4,0.5,Average Hourly Earnings.xlsx,111.244,112.887,110.989,112.622,60,36338.5,36459.0,36138.2,36172.0,2,2726.6,2740.4,2713.7,2715.3,6,1.05212,1.05809,1.05123,1.05573,43736,1.23128,1.23572,1.23048,1.23399,16734,32909.569,33019.569,32870.519,32904.039,60,4135.248,4150.199,4128.948,4132.151,60,12815.199,12865.007,12787.019,12789.639,60,1.28531,1.28566,1.28234,1.28435,13333,0.98603,0.98668,0.9831,0.98453,12166,130.519,130.572,130.396,130.442,22782,22.35,22.481,22.296,22.461,87,1874.013,1881.698,1873.008,1881.668,60
2022-04-01,08:30:00,0.4,0.4,0.1,Average Hourly Earnings.xlsx,103.524,104.474,103.486,104.464,60,45030.9,45368.3,45030.9,45099.0,2,3276.4,3292.1,3275.5,3277.0,2,1.10524,1.10741,1.10483,1.10605,16256,1.31229,1.31295,1.31151,1.31287,6543,34840.037,34868.099,34831.799,34862.559,60,4552.343,4556.199,4551.048,4555.199,60,14928.607,14938.419,14914.399,14924.629,60,1.25118,1.25149,1.24986,1.24992,5351,0.9239,0.92438,0.92347,0.92388,6215,122.629,122.763,122.479,122.569,14408,24.658,24.714,24.628,24.678,76,1930.593,1932.738,1929.56,1932.003,60
2022-03-04,09:30:00,0.0,0.5,0.6,Average Hourly Earnings.xlsx,110.414,111.727,110.112,111.354,60,41628.9,41818.5,41349.8,41557.8,2,2740.5,2745.3,2714.4,2726.4,3,1.10118,1.10242,1.10118,1.1014,6051,1.33098,1.33191,1.3303,1.33042,5905,33557.009,33588.569,33454.029,33509.999,60,4333.542,4336.545,4318.551,4326.951,60,13954.629,13955.409,13887.829,13914.559,60,1.27089,1.27315,1.27058,1.27304,7344,0.91868,0.91903,0.91787,0.91882,5589,115.392,115.421,115.321,115.415,8183,25.121,25.248,25.113,25.227,81,1938.579,1946.088,1938.108,1945.668,60
2022-02-04,09:30:00,0.7,0.5,0.5,Average Hourly Earnings.xlsx,92.317,92.642,92.019,92.292,60,37923.5,38074.5,37869.6,38020.5,2,2832.7,2853.2,2821.4,2844.7,2,1.146,1.14654,1.14494,1.14632,6049,1.3572,1.35806,1.35668,1.35687,6918,35204.579,35237.299,35174.999,35186.059,60,4515.236,4518.949,4506.433,4508.639,60,14741.299,14755.089,14692.639,14697.839,60,1.27065,1.27142,1.27036,1.27118,8232,0.92199,0.92266,0.92078,0.92119,8537,115.082,115.095,114.908,114.943,7157,22.497,22.563,22.473,22.541,64,1808.475,1811.799,1808.285,1810.905,60
2022-01-07,09:30:00,0.6,0.4,0.4,Average Hourly Earnings.xlsx,82.522,82.801,82.412,82.682,60,42019.3,42544.8,42006.4,42366.0,2,3226.4,3270.6,3224.3,3245.9,3,1.13122,1.13174,1.13094,1.13146,4705,1.35478,1.35565,1.35432,1.35546,3171,36244.077,36303.049,36230.579,36276.539,60,4690.542,4705.299,4688.533,4700.539,60,15692.329,15784.289,15688.329,15756.929,60,1.27213,1.27273,1.27121,1.27133,4268,0.92047,0.92146,0.92015,0.92122,2923,115.786,115.861,115.778,115.844,4797,22.158,22.22,22.128,22.198,60,1790.398,1793.758,1788.378,1792.968,60
2021-12-03,09:30:00,0.3,0.4,0.4,Average Hourly Earnings.xlsx,71.537,71.972,71.379,71.597,60,56544.4,56812.7,56408.2,56791.4,2,4559.3,4581.6,4548.6,4577.6,2,1.12908,1.12979,1.12855,1.12974,4033,1.32749,1.32898,1.32678,1.32858,6653,34657.049,34687.299,34622.089,34635.069,60,4574.434,4580.543,4570.839,4572.851,60,15955.787,15985.989,15937.779,15949.229,60,1.28275,1.28359,1.28217,1.28247,3816,0.92107,0.92155,0.92051,0.92056,3540,113.364,113.385,113.31,113.314,5271,22.332,22.337,22.269,22.315,60,1769.648,1769.705,1766.02,1768.868,60
2021-11-05,08:30:00,0.4,0.4,0.6,Average Hourly Earnings.xlsx,80.597,81.412,80.592,80.977,60,62117.9,62174.4,61941.3,62168.8,2,4528.5,4540.6,4517.4,4539.4,2,1.15604,1.15613,1.15472,1.15491,6045,1.35044,1.35047,1.34493,1.34506,5753,36091.569,36130.559,36086.019,36105.069,60,4677.939,4683.999,4677.933,4681.736,59,16326.629,16362.689,16326.159,16358.799,60,1.24583,1.24686,1.24555,1.24668,3763,0.91344,0.91384,0.91267,0.91348,5057,113.76,113.838,113.731,113.776,7927,23.832,23.931,23.795,23.828,61,1796.444,1800.024,1794.794,1796.228,60
2021-10-08,08:30:00,0.6,0.4,0.4,Average Hourly Earnings.xlsx,83.087,83.317,82.999,83.247,59,54766.1,56031.7,54722.8,55760.4,2,3599.7,3666.4,3594.9,3659.2,2,1.15476,1.15563,1.15432,1.15535,3385,1.35918,1.36053,1.35864,1.35995,2738,34793.579,34808.099,34721.009,34727.299,60,4400.036,4402.099,4391.036,4392.239,60,14872.229,14879.089,14847.939,14853.419,60,1.2545,1.25541,1.25426,1.25456,3838,0.9298,0.93054,0.92977,0.93025,3164,111.955,111.998,111.934,111.959,5202,22.5,22.503,22.454,22.471,60,1756.248,1756.408,1754.838,1755.668,60
2021-09-03,08:30:00,0.6,0.3,0.4,Average Hourly Earnings.xlsx,73.092,73.332,72.892,73.167,60,49259.3,49975.7,49227.2,49950.7,2,3793.7,3894.0,3787.6,3889.3,2,1.18746,1.18826,1.18736,1.18746,3145,1.38252,1.38408,1.38242,1.38346,3132,35490.797,35502.597,35482.529,35488.999,60,4545.099,4545.599,4543.536,4543.745,55,15621.817,15627.789,15609.029,15609.519,60,1.25448,1.25468,1.25329,1.25411,3651,0.9142,0.9143,0.91344,0.9141,1664,110.028,110.034,109.94,109.971,2520,23.937,24.01,23.934,23.96,60,1811.147,1812.957,1811.027,1811.465,60
2021-08-06,08:30:00,0.4,0.3,0.4,Average Hourly Earnings.xlsx,71.602,71.882,71.492,71.677,60,40705.0,41082.6,40524.8,40921.7,2,2767.0,2779.9,2756.2,2775.8,2,1.18242,1.18245,1.18074,1.18109,3023,1.39206,1.39275,1.39123,1.39176,2660,35036.029,35074.589,35020.539,35068.499,60,4425.743,4430.299,4424.233,4429.439,54,15155.729,15167.909,15149.789,15164.539,60,1.25033,1.25115,1.25015,1.25101,2711,0.90721,0.90824,0.90691,0.90795,2640,109.721,109.787,109.712,109.781,2990,25.148,25.148,25.095,25.107,70,1799.928,1800.608,1798.828,1799.658,60
2021-07-02,08:30:00,0.3,0.4,0.4,Average Hourly Earnings.xlsx,75.778,75.893,75.453,75.843,60,33321.7,33559.6,33204.2,33335.8,2,2059.3,2078.3,2050.2,2058.2,3,1.18244,1.18333,1.18238,1.18277,6358,1.37599,1.37669,1.37535,1.37548,5414,34668.039,34677.039,34603.009,34611.539,60,4324.639,4325.699,4318.336,4319.654,60,14581.039,14586.299,14562.829,14569.379,60,1.24398,1.24408,1.24233,1.24356,2680,0.92726,0.92726,0.92573,0.92604,3915,111.571,111.585,111.407,111.47,5325,26.03,26.153,26.02,26.078,73,1777.865,1784.128,1777.598,1781.878,60
2021-06-04,08:30:00,0.5,0.2,0.7,Average Hourly Earnings.xlsx,71.473,71.733,71.473,71.648,60,36575.6,36792.7,36255.5,36682.7,2,2617.9,2641.2,2589.4,2622.0,4,1.2113,1.21169,1.21094,1.21118,3775,1.41146,1.41317,1.41108,1.41269,6391,34564.019,34582.999,34530.499,34545.099,60,4193.099,4196.748,4190.033,4191.533,60,13527.137,13547.609,13520.579,13526.229,60,1.2121,1.21276,1.21164,1.21237,2098,0.90501,0.90534,0.90421,0.90435,2769,110.181,110.204,110.134,110.141,2911,27.36,27.4,27.327,27.382,62,1871.085,1871.388,1868.188,1869.465,60
2021-05-07,08:30:00,0.7,0.1,-0.1,Average Hourly Earnings.xlsx,68.118,68.133,67.843,68.073,60,55767.4,56139.3,55573.7,56083.1,2,3435.2,3442.8,3409.1,3435.2,7,1.20768,1.20905,1.2074,1.20874,4595,1.39222,1.39283,1.39161,1.39244,4594,34538.529,34573.799,34534.009,34570.009,60,4201.651,4206.639,4201.133,4206.342,60,13610.827,13633.589,13605.899,13629.319,60,1.21825,1.21878,1.21764,1.21766,2488,0.9083,0.90842,0.90684,0.90741,4400,109.146,109.194,109.091,109.129,4106,27.29,27.385,27.272,27.317,66,1819.008,1823.048,1818.508,1820.628,60
2021-04-02,08:30:00,-0.1,0.1,0.3,Average Hourly Earnings.xlsx,,,,,,59438.1,59600.0,59385.6,59443.0,2,1993.3,2002.9,1988.9,1989.0,4,1.17775,1.17866,1.17743,1.1782,2163,1.38371,1.38415,1.38342,1.38352,1114,33184.997,33206.799,33176.569,33206.799,53,4030.033,4032.152,4028.136,4032.139,38,13373.757,13378.499,13366.739,13378.409,60,1.25562,1.25635,1.25545,1.25632,977,0.94135,0.9416,0.94079,0.94095,1442,110.545,110.555,110.373,110.388,2452,,,,,,,,,,
2021-03-05,09:30:00,0.2,0.2,0.1,Average Hourly Earnings.xlsx,67.843,68.378,67.773,68.358,60,46582.1,47099.1,46502.0,47007.9,2,1453.7,1470.3,1451.3,1468.6,3,1.19267,1.19383,1.19207,1.19276,16631,1.38391,1.38452,1.38118,1.38193,9437,30818.049,30839.299,30740.029,30826.019,60,3755.699,3760.499,3746.933,3754.699,60,12415.669,12445.909,12381.159,12388.019,60,1.2692,1.27076,1.26824,1.26998,6555,0.92996,0.93008,0.92875,0.92927,6487,108.424,108.522,108.393,108.454,8211,25.246,25.327,25.166,25.191,114,1693.745,1695.885,1691.055,1694.474,60
2021-02-05,09:30:00,0.2,0.3,1.0,Average Hourly Earnings.xlsx,59.473,59.723,59.473,59.538,60,37729.3,37781.6,37241.4,37273.1,2,1668.1,1677.1,1651.2,1652.4,4,1.19842,1.19878,1.19763,1.19767,6536,1.37012,1.3712,1.369,1.36902,3917,31121.537,31188.299,31105.549,31163.999,60,3881.14,3887.699,3878.346,3884.748,60,13597.709,13604.789,13574.659,13594.259,60,1.27915,1.27964,1.27853,1.27946,3068,0.90211,0.90295,0.90191,0.90288,2805,105.342,105.476,105.334,105.471,2334,26.647,26.686,26.536,26.602,65,1808.325,1808.818,1803.895,1807.655,60
2021-01-08,09:30:00,0.8,0.2,0.3,Average Hourly Earnings.xlsx,54.793,54.893,54.633,54.693,59,38661.3,39359.3,38240.9,39349.6,2,1199.0,1220.5,1186.6,1220.1,6,1.22237,1.22407,1.22174,1.22399,12807,1.35807,1.3602,1.35722,1.36003,8782,31152.539,31154.099,31080.999,31147.549,60,3814.64,3815.149,3806.333,3814.854,60,12980.409,12988.809,12956.719,12987.609,60,1.26938,1.26984,1.26754,1.26763,5321,0.88727,0.88761,0.88569,0.88584,5634,103.971,103.999,103.797,103.809,6813,26.477,26.564,26.351,26.54,74,1888.905,1892.745,1886.298,1891.685,60
2020-12-04,09:30:00,0.3,0.1,0.1,Average Hourly Earnings.xlsx,49.759,49.764,49.409,49.544,60,19387.2,19402.1,19312.8,19357.5,2,609.7,610.5,606.1,607.5,2,1.21604,1.21731,1.21596,1.21667,30661,1.34192,1.34937,1.34183,1.34814,24132,30031.029,30108.567,30023.549,30077.579,60,3676.331,3680.899,3675.542,3677.054,58,12506.707,12511.589,12498.629,12500.879,60,1.2861,1.28654,1.28504,1.28553,4158,0.89091,0.89169,0.89055,0.89145,4388,104.014,104.044,103.926,103.957,9274,24.188,24.317,24.159,24.267,64,1840.428,1843.628,1839.458,1842.098,60
2020-11-06,09:30:00,0.1,0.2,0.1,Average Hourly Earnings.xlsx,40.35,40.445,40.11,40.145,60,15475.6,15541.0,15286.5,15405.9,2,429.1,432.9,424.8,431.1,2,1.18431,1.18535,1.18256,1.18531,29155,1.31259,1.31415,1.31002,1.31407,42124,28252.578,28252.578,28099.019,28121.579,60,3486.451,3487.442,3466.936,3468.848,60,11957.408,11969.588,11904.819,11909.338,60,1.30757,1.3088,1.30658,1.30711,5785,0.90207,0.90338,0.90134,0.90152,5708,103.488,103.57,103.36,103.381,10967,25.292,25.347,25.176,25.285,106,1945.298,1948.928,1943.805,1948.215,60
2020-10-02,08:30:00,0.1,0.2,0.3,Average Hourly Earnings.xlsx,39.685,39.855,39.585,39.665,60,10474.3,10474.5,10416.3,10433.3,2,340.7,341.7,335.5,337.0,2,1.17229,1.17315,1.17114,1.17135,87297,1.29149,1.29537,1.28939,1.29457,28601,27488.0,27523.01,27443.02,27500.04,60,3338.449,3342.855,3331.94,3339.634,60,11391.59,11413.19,11366.23,11392.31,60,1.33018,1.33134,1.32965,1.33121,6162,0.91998,0.9214,0.91986,0.9212,5927,105.173,105.224,105.132,105.203,7728,23.934,23.954,23.818,23.828,63,1909.525,1912.578,1905.085,1905.938,60
2020-09-04,08:30:00,0.4,,0.1,Average Hourly Earnings.xlsx,44.18,44.405,44.12,44.355,60,10288.9,10429.6,10286.5,10414.7,2,384.7,396.7,384.6,395.2,2,1.18399,1.18654,1.18387,1.18591,39399,1.32924,1.33148,1.32887,1.33099,16555,28452.1,28550.3,28440.01,28521.01,60,3469.84,3478.855,3466.843,3476.037,60,11772.33,11789.3,11733.14,11770.74,60,1.31072,1.31084,1.30901,1.30929,4942,0.91043,0.9117,0.90945,0.90962,4389,106.169,106.247,106.151,106.206,7726,26.733,26.864,26.67,26.857,60,1935.635,1939.848,1933.358,1939.748,60
2020-08-07,08:30:00,0.2,-0.5,-1.3,Average Hourly Earnings.xlsx,45.095,45.095,44.715,44.796,60,11733.9,11786.1,11690.1,11778.9,2,392.6,394.9,390.9,394.1,2,1.18403,1.18403,1.1821,1.18326,19610,1.31025,1.31102,1.30857,1.31044,15633,27328.03,27343.04,27247.03,27264.03,60,3345.74,3346.8,3336.246,3338.243,59,11242.9,11247.0,11210.42,11223.99,60,1.33399,1.33557,1.33399,1.3352,5225,0.91232,0.91398,0.91231,0.91295,5695,105.598,105.685,105.572,105.596,8345,28.419,28.443,28.184,28.369,69,2064.425,2064.485,2058.368,2060.508,60
2020-07-02,08:30:00,-1.2,-0.7,-1.0,Average Hourly Earnings.xlsx,42.49,42.625,42.185,42.215,60,9158.1,9162.5,9120.3,9154.1,28,227.0,227.7,226.3,227.4,3,1.12807,1.13026,1.12753,1.12972,12129,1.2503,1.25238,1.24957,1.25228,11153,25905.3,26001.05,25899.04,25936.0,60,3132.552,3140.6,3130.543,3134.355,60,10328.9,10346.85,10323.85,10333.91,60,1.35802,1.35875,1.35752,1.35839,3836,0.94436,0.94453,0.94262,0.94293,3442,107.481,107.484,107.349,107.372,7030,17.904,17.971,17.873,17.902,166,1768.985,1772.398,1768.725,1772.188,60
2020-06-05,08:30:00,-1.0,1.0,4.7,Average Hourly Earnings.xlsx,40.835,40.995,40.56,40.91,60,9719.2,9800.9,9617.0,9780.1,42,242.2,246.4,240.0,244.9,15,1.13485,1.13559,1.13262,1.13323,15403,1.26689,1.26747,1.26215,1.26369,19059,26642.07,26659.3,26567.5,26601.09,60,3146.434,3147.0,3136.455,3140.452,60,9700.74,9701.7,9663.12,9676.16,60,1.34653,1.34911,1.34601,1.34787,5986,0.95705,0.95785,0.95602,0.95766,6531,109.372,109.413,109.169,109.243,12350,17.685,17.731,17.664,17.729,190,1709.405,1713.248,1707.135,1711.125,60
2020-05-08,08:30:00,4.7,0.4,0.5,Average Hourly Earnings.xlsx,30.235,30.46,29.62,29.89,60,9770.2,9857.5,9768.2,9812.1,51,208.1,209.3,208.0,208.1,8,1.08246,1.08349,1.08193,1.08343,8889,1.23853,1.2395,1.23791,1.2394,5293,24152.09,24161.52,24104.8,24160.08,60,2912.837,2914.2,2908.137,2914.0,60,9192.89,9194.09,9175.2,9193.06,60,1.39461,1.39596,1.39459,1.39494,2990,0.97273,0.97301,0.97164,0.97164,3997,106.37,106.376,106.299,106.355,4699,15.463,15.55,15.446,15.522,166,1719.428,1721.268,1716.368,1719.648,60
2020-04-03,08:30:00,0.4,0.2,0.3,Average Hourly Earnings.xlsx,31.395,31.685,30.67,31.115,60,6888.7,6932.3,6826.7,6878.1,65,143.5,144.3,141.7,142.7,8,1.07902,1.08064,1.07871,1.07981,17114,1.23405,1.23448,1.22826,1.23004,28673,21203.24,21239.77,21080.8,21136.79,60,2504.446,2508.749,2489.24,2496.646,60,7574.9,7589.66,7527.05,7550.28,60,1.41638,1.41782,1.41318,1.41547,9808,0.97736,0.97763,0.97616,0.97693,9323,108.221,108.287,108.123,108.262,8971,14.463,14.463,14.3,14.358,95,1614.978,1617.455,1607.818,1611.415,60
2020-03-06,09:30:00,0.3,0.3,0.2,Average Hourly Earnings.xlsx,49.171,49.271,48.636,48.636,60,9069.9,9080.9,9056.8,9070.6,40,235.3,235.7,234.5,235.1,8,1.12723,1.12952,1.1268,1.12939,15400,1.29706,1.2998,1.29669,1.29882,16826,25836.31,25913.1,25586.81,25587.88,60,2985.9,2995.452,2956.652,2956.952,60,8557.69,8583.18,8466.66,8466.78,60,1.33868,1.34066,1.33824,1.34024,9766,0.94078,0.94176,0.93872,0.93881,13197,105.762,105.821,105.116,105.171,19452,17.355,17.417,17.32,17.38,233,1677.998,1685.898,1676.388,1684.338,60
2020-02-07,09:30:00,0.2,0.3,0.1,Average Hourly Earnings.xlsx,55.005,55.386,54.906,55.035,60,9695.8,9733.7,9694.4,9723.3,31,215.9,217.7,215.6,217.0,6,1.09582,1.09646,1.09534,1.09543,7055,1.29257,1.29351,1.29236,1.29291,7670,29336.85,29345.9,29275.1,29283.85,60,3343.043,3344.1,3335.543,3336.3,60,9433.3,9436.99,9406.75,9409.47,60,1.33078,1.33112,1.33034,1.33099,3578,0.97589,0.97658,0.97551,0.97589,4862,109.94,109.95,109.78,109.783,4408,17.764,17.812,17.752,17.792,177,1565.105,1568.468,1564.258,1568.035,60
2020-01-10,09:30:00,0.1,0.3,0.3,Average Hourly Earnings.xlsx,65.255,65.316,65.025,65.215,60,7642.2,7687.2,7632.5,7660.1,25,134.3,134.7,134.1,134.3,2,1.10994,1.11,1.10912,1.10963,9399,1.30665,1.30884,1.30509,1.30675,14098,29007.9,29022.88,28996.82,29021.86,60,3279.94,3282.452,3279.234,3282.452,51,9012.69,9023.1,9011.19,9022.68,60,1.30706,1.30744,1.30683,1.307,2886,0.97425,0.97481,0.97411,0.9746,2684,109.576,109.649,109.566,109.64,3306,17.922,17.934,17.892,17.904,169,1550.995,1551.275,1547.735,1548.245,60
2019-12-06,09:30:00,0.2,0.3,0.4,Average Hourly Earnings.xlsx,63.276,63.546,63.245,63.485,60,7296.3,7391.3,7265.8,7335.3,24,143.3,144.5,142.2,143.1,4,1.11074,1.11089,1.10951,1.10966,6019,1.31341,1.31362,1.3111,1.31241,6732,27733.569,27750.07,27729.069,27742.07,60,3124.47,3125.97,3123.47,3124.97,54,8332.26,8338.87,8330.27,8335.76,60,1.31726,1.31768,1.31712,1.31747,2094,0.98697,0.98811,0.98691,0.98797,2158,108.601,108.646,108.575,108.605,3790,16.912,16.922,16.89,16.916,104,1474.725,1475.388,1473.445,1474.735,60
2019-11-01,08:30:00,0.2,0.3,0.4,Average Hourly Earnings.xlsx,59.421,59.721,59.385,59.705,60,9059.8,9130.4,9059.3,9098.1,34,177.5,180.0,176.6,179.4,5,1.11636,1.11688,1.11552,1.11605,7739,1.29694,1.29723,1.29562,1.29581,8067,27094.07,27112.57,27078.07,27089.07,60,3043.869,3045.87,3041.67,3043.17,59,8105.57,8110.66,8097.67,8103.059,60,1.3148,1.31514,1.31407,1.31502,4129,0.98601,0.98625,0.98571,0.9858,3007,107.956,108.015,107.928,107.999,5880,18.13,18.144,18.099,18.112,152,1512.418,1514.708,1511.798,1512.658,60
2019-10-04,08:30:00,0.0,0.3,0.4,Average Hourly Earnings.xlsx,58.161,58.251,57.895,58.191,60,8084.3,8084.7,8037.4,8041.7,9,171.4,171.5,168.3,168.7,3,1.09717,1.09761,1.09682,1.09735,8806,1.23304,1.23427,1.23258,1.23289,8431,26185.569,26206.07,26157.57,26169.57,60,2908.369,2910.07,2903.87,2905.37,60,7639.369,7645.869,7624.06,7630.47,60,1.33258,1.33266,1.33223,1.33261,5015,0.99804,0.99806,0.99669,0.9969,3484,106.77,106.801,106.757,106.785,6176,17.574,17.596,17.564,17.569,115,1508.365,1509.238,1507.655,1508.678,60
2019-09-06,08:30:00,0.4,0.3,0.3,Average Hourly Earnings.xlsx,60.805,61.005,60.735,60.955,60,10694.8,10741.5,10651.2,10675.0,31,171.3,173.3,171.1,172.3,4,1.10466,1.10481,1.10368,1.10371,9413,1.23087,1.23124,1.22853,1.22978,11643,26761.569,26762.569,26742.569,26755.07,60,2978.769,2978.77,2976.769,2978.069,54,7865.37,7867.27,7859.77,7864.87,60,1.32003,1.3206,1.31995,1.3204,3563,0.98769,0.98895,0.98768,0.98888,5013,106.982,107.046,106.972,107.04,7847,18.318,18.344,18.239,18.274,300,1509.555,1510.168,1506.185,1508.185,60
2019-08-02,08:30:00,0.3,0.2,0.3,Average Hourly Earnings.xlsx,61.616,62.021,61.566,61.926,60,10485.6,10485.7,10436.1,10457.3,28,217.4,218.8,215.3,216.1,4,1.11133,1.11134,1.10948,1.1096,26245,1.21305,1.21353,1.21146,1.21172,12980,26488.569,26520.07,26459.57,26480.57,60,2937.97,2941.97,2934.669,2937.97,60,7741.26,7751.57,7726.459,7736.57,60,1.3217,1.32274,1.32139,1.32243,9709,0.98545,0.98662,0.98543,0.98642,10333,106.914,106.974,106.86,106.931,17708,16.148,16.17,16.108,16.133,245,1439.098,1439.298,1434.968,1436.418,60
2019-07-05,08:30:00,0.2,0.3,0.3,Average Hourly Earnings.xlsx,62.976,63.381,62.9,63.235,60,10916.4,10916.6,10806.6,10837.8,19,281.3,282.5,279.3,282.1,7,1.12675,1.12681,1.12612,1.12621,16033,1.25601,1.25624,1.25493,1.25551,9200,26953.07,26955.57,26917.07,26920.57,60,2995.07,2995.07,2989.87,2990.07,53,7863.67,7864.36,7844.96,7845.659,60,1.30639,1.30674,1.30604,1.30667,3165,0.98701,0.9876,0.98685,0.98751,4193,108.051,108.069,107.986,108.021,7167,15.194,15.242,15.177,15.234,152,1413.565,1414.975,1412.538,1414.028,60
2019-06-07,08:30:00,0.2,0.3,0.2,Average Hourly Earnings.xlsx,63.066,63.066,62.525,62.651,60,7891.0,7977.1,7890.5,7919.0,8,244.3,246.1,243.6,244.9,2,1.12626,1.12682,1.12573,1.12651,18465,1.27093,1.27171,1.2703,1.27162,8727,25786.57,25823.07,25783.57,25807.069,60,2849.87,2854.169,2849.87,2852.369,55,7286.46,7306.26,7286.07,7301.47,60,1.33466,1.33574,1.33466,1.33566,3738,0.99345,0.99407,0.99328,0.99384,3946,108.466,108.507,108.458,108.5,5920,14.928,14.947,14.918,14.929,92,1335.348,1336.068,1334.978,1335.838,60
2019-05-03,08:30:00,0.2,0.3,0.2,Average Hourly Earnings.xlsx,70.215,70.335,69.935,70.055,60,5526.4,5665.5,5497.4,5617.5,10,156.1,157.0,155.4,156.2,2,1.1168,1.1168,1.11608,1.11649,16546,1.30224,1.30274,1.3016,1.30178,7240,26352.07,26378.07,26352.069,26369.07,60,2924.569,2927.07,2924.569,2925.77,51,7757.57,7764.87,7757.369,7759.87,60,1.34663,1.34668,1.34586,1.34587,4611,1.0199,1.0204,1.01962,1.02005,3600,111.476,111.518,111.475,111.498,4390,14.627,14.631,14.613,14.627,81,1270.365,1270.655,1269.335,1270.185,60
2019-04-05,08:30:00,0.1,0.2,0.4,Average Hourly Earnings.xlsx,69.071,69.281,68.895,69.225,60,4879.9,4915.5,4879.9,4910.5,2,158.1,160.4,157.8,159.9,2,1.12292,1.12311,1.12247,1.123,20905,1.30948,1.30988,1.30813,1.30813,16444,26418.07,26433.07,26412.569,26418.069,60,2882.97,2884.869,2882.669,2882.869,50,7550.459,7557.969,7547.659,7549.259,60,1.33511,1.33632,1.33496,1.33566,3966,0.99975,1.00026,0.9996,0.99992,4213,111.671,111.721,111.669,111.684,4603,15.161,15.172,15.14,15.151,122,1290.218,1290.308,1288.498,1288.715,60
2019-03-08,09:30:00,0.4,0.3,0.1,Average Hourly Earnings.xlsx,65.396,65.656,65.125,65.286,60,3801.9,3809.1,3796.7,3807.5,10,131.1,131.1,129.9,131.0,2,1.12082,1.12155,1.12058,1.12126,21009,1.30937,1.31018,1.30859,1.30873,15012,25373.07,25411.57,25368.569,25373.569,60,2738.169,2741.97,2737.669,2738.169,58,6982.96,6994.37,6981.36,6983.66,60,1.34582,1.34591,1.34503,1.34557,6321,1.00947,1.00997,1.00925,1.00992,6093,111.019,111.121,111.0,111.099,7046,15.127,15.141,15.116,15.119,97,1294.245,1295.725,1293.688,1294.088,60
2019-02-01,09:30:00,0.1,0.3,0.4,Average Hourly Earnings.xlsx,60.625,60.766,60.425,60.635,60,3337.2,3339.4,3333.0,3335.5,2,100.4,100.9,99.5,100.3,2,1.14482,1.14675,1.14453,1.14665,31647,1.31034,1.31089,1.30452,1.30457,17947,25048.569,25069.07,25040.069,25050.07,60,2704.87,2706.87,2703.869,2704.87,60,6883.16,6887.17,6876.16,6880.36,60,1.315,1.31511,1.31412,1.31442,3895,0.99403,0.99414,0.99273,0.99287,9271,108.935,108.935,108.87,108.915,8445,15.92,15.943,15.91,15.936,114,1318.595,1319.725,1318.488,1319.325,60
2019-01-04,09:30:00,0.4,0.3,0.2,Average Hourly Earnings.xlsx,56.861,57.146,56.696,57.031,60,3732.3,3737.3,3717.4,3724.1,2,147.1,147.4,145.4,146.1,2,1.14081,1.14189,1.14024,1.14032,20925,1.2669,1.26819,1.26683,1.26718,15410,22897.57,22984.57,22873.569,22938.569,60,2473.069,2483.07,2469.57,2477.77,60,6230.76,6264.269,6221.86,6246.26,60,1.34354,1.34459,1.34304,1.34451,5250,0.98601,0.98702,0.98528,0.987,6761,108.035,108.039,107.865,108.031,12122,15.685,15.724,15.656,15.678,277,1291.725,1292.508,1289.328,1290.075,60
2018-12-07,09:30:00,0.2,0.3,0.1,Average Hourly Earnings.xlsx,60.155,60.155,59.085,59.921,60,3298.5,3323.8,3278.1,3297.3,2,79.3,80.5,78.6,79.4,2,1.13774,1.13797,1.1363,1.1366,11429,1.27476,1.27602,1.27339,1.27569,6691,24766.569,24834.07,24739.07,24817.569,60,2676.669,2683.37,2673.87,2682.17,60,6784.269,6805.47,6775.56,6799.269,60,1.33902,1.33973,1.33879,1.33925,3808,0.99284,0.99413,0.99257,0.99393,3240,112.826,112.852,112.786,112.844,6476,14.505,14.523,14.487,14.512,133,1239.985,1240.128,1239.258,1240.048,60
2018-11-02,08:30:00,0.2,0.2,0.3,Average Hourly Earnings.xlsx,72.746,72.96,72.495,72.735,60,6289.8,6290.0,6281.8,6282.3,2,193.3,193.3,193.0,193.0,2,1.14372,1.1443,1.143,1.14302,12955,1.30269,1.30386,1.30222,1.30244,9090,25606.57,25623.57,25569.57,25583.57,60,2761.969,2763.97,2758.17,2759.47,60,7102.969,7117.77,7087.06,7093.26,60,1.30543,1.30597,1.30495,1.30544,4957,1.0007,1.00105,1.0001,1.00043,5296,112.967,112.967,112.874,112.883,7271,14.752,14.796,14.736,14.743,257,1233.825,1235.808,1233.355,1233.545,60
2018-10-05,08:30:00,0.3,0.3,0.3,Average Hourly Earnings.xlsx,84.815,84.846,84.3,84.43,60,6500.0,6510.3,6484.8,6499.2,2,219.1,220.2,218.5,219.0,2,1.15074,1.15083,1.14913,1.1492,12374,1.30413,1.30436,1.30242,1.30325,9396,26611.07,26616.07,26582.069,26606.07,60,2900.369,2900.37,2896.669,2898.87,60,7471.37,7472.759,7456.469,7466.459,60,1.29338,1.29406,1.29331,1.29349,3140,0.99382,0.99417,0.99332,0.99399,7052,113.835,113.86,113.803,113.843,4577,14.556,14.567,14.539,14.557,100,1199.208,1199.629,1198.318,1199.091,60
2018-09-07,08:30:00,0.4,0.3,0.3,Average Hourly Earnings.xlsx,76.726,76.786,76.335,76.345,60,6426.9,6427.4,6377.3,6390.6,2,223.3,223.4,220.2,221.5,2,1.16456,1.16482,1.16403,1.16441,10455,1.29435,1.29437,1.29317,1.29419,5830,25981.07,25981.07,25949.07,25952.57,60,2876.67,2876.67,2873.37,2873.869,57,7447.36,7447.36,7436.86,7438.559,60,1.31326,1.31372,1.31296,1.31346,2456,0.96541,0.96553,0.96492,0.96502,4914,110.743,110.777,110.675,110.721,4787,14.123,14.163,14.11,14.134,150,1199.768,1201.778,1199.458,1200.828,60
2018-08-03,08:30:00,0.3,0.3,0.1,Average Hourly Earnings.xlsx,73.095,73.316,73.085,73.12,60,7330.9,7350.9,7304.8,7314.8,30,406.1,408.3,405.3,406.1,2,1.15619,1.15792,1.15615,1.15791,13131,1.29761,1.29965,1.29753,1.29939,7117,25308.57,25321.069,25294.069,25314.07,60,2826.866,2827.17,2824.67,2826.67,49,7375.36,7377.869,7370.859,7375.869,60,1.30365,1.30389,1.30212,1.30231,2950,0.9964,0.99647,0.99474,0.99476,4414,111.848,111.876,111.693,111.711,6009,15.239,15.322,15.239,15.318,143,1204.528,1207.788,1204.5,1207.428,60
2018-07-06,08:30:00,0.2,0.3,0.3,Average Hourly Earnings.xlsx,77.325,77.346,76.979,77.135,60,6423.0,6469.9,6415.8,6446.6,63,453.9,460.6,453.7,457.0,2,1.17022,1.17147,1.1701,1.17132,12051,1.32396,1.32482,1.3233,1.32461,8229,24336.069,24359.07,24299.07,24342.069,60,2735.87,2738.67,2733.169,2737.67,59,7096.359,7107.17,7087.06,7104.06,60,1.31309,1.31385,1.31261,1.31337,3910,0.99291,0.99294,0.99227,0.99238,4339,110.577,110.642,110.547,110.632,4916,16.021,16.03,16.011,16.017,119,1255.748,1256.319,1255.108,1255.208,60
2018-06-01,08:30:00,0.3,0.2,0.1,Average Hourly Earnings.xlsx,77.605,77.796,77.565,77.656,60,7511.1,7526.3,7495.0,7526.3,33,579.1,584.7,577.8,584.3,2,1.16836,1.16978,1.16773,1.16818,14308,1.32853,1.32946,1.32763,1.32946,9043,24491.07,24507.569,24485.07,24493.57,60,2714.97,2716.17,2713.97,2714.67,53,6990.96,6994.169,6988.66,6991.87,60,1.29484,1.29556,1.29413,1.29544,5194,0.9874,0.98756,0.98632,0.98643,4371,109.196,109.212,109.072,109.21,5711,16.441,16.464,16.437,16.447,94,1299.148,1300.048,1298.978,1299.261,60
2018-05-04,08:30:00,0.1,0.2,0.2,Average Hourly Earnings.xlsx,73.5,73.515,73.285,73.31,59,9597.6,9703.7,9592.1,9689.3,75,778.7,800.3,778.2,798.6,2,1.19639,1.19772,1.19613,1.19628,10025,1.35643,1.35797,1.35435,1.35461,6687,23949.57,23976.07,23915.07,23939.57,60,2631.67,2634.37,2628.769,2631.37,53,6651.06,6661.859,6640.469,6647.459,60,1.28627,1.2875,1.28572,1.28749,3296,0.99893,0.99919,0.99818,0.99895,4406,109.075,109.103,108.986,109.049,5449,16.393,16.416,16.377,16.377,73,1310.208,1311.141,1308.671,1308.761,60
2018-04-06,08:30:00,0.3,0.3,0.1,Average Hourly Earnings.xlsx,67.835,68.201,67.835,68.085,60,6555.8,6556.9,6504.7,6526.0,78,365.2,367.4,364.0,366.5,2,1.2227,1.22368,1.22217,1.22349,13561,1.39982,1.40094,1.3993,1.40049,6219,24270.069,24302.07,24247.069,24291.57,60,2640.069,2642.77,2637.969,2641.77,60,6526.37,6539.27,6524.859,6535.87,60,1.27801,1.27838,1.27739,1.27794,3490,0.96339,0.96366,0.96291,0.96324,4699,107.405,107.443,107.352,107.414,5670,16.303,16.315,16.283,16.294,83,1324.509,1325.378,1323.718,1324.039,60
2018-03-09,09:30:00,0.1,0.2,0.3,Average Hourly Earnings.xlsx,63.886,64.066,63.816,63.926,59,8645.1,8689.3,8370.8,8511.6,48,665.8,668.6,649.3,655.3,4,1.2306,1.23178,1.22991,1.23019,12401,1.38133,1.38191,1.38013,1.38108,8407,24900.069,24904.07,24876.569,24894.569,60,2738.87,2739.869,2736.669,2738.669,58,6972.47,6973.36,6965.17,6969.869,60,1.28708,1.28795,1.28654,1.287,5408,0.95111,0.9512,0.94947,0.95016,4885,106.731,106.785,106.697,106.778,6242,16.452,16.485,16.451,16.454,64,1318.588,1320.469,1318.578,1319.011,60
2018-02-02,09:30:00,0.3,0.3,0.4,Average Hourly Earnings.xlsx,69.824,69.835,69.595,69.61,60,8306.8,8468.0,8120.9,8375.9,2,883.1,889.4,849.0,884.2,4,1.24936,1.24951,1.24803,1.24866,14388,1.42276,1.42298,1.42073,1.42161,12297,26047.569,26056.07,25970.069,25975.069,60,2807.97,2809.17,2800.909,2801.469,60,6888.58,6888.979,6857.029,6859.03,60,1.22965,1.23063,1.22965,1.23007,5296,0.92779,0.92901,0.92772,0.92884,7342,109.728,109.891,109.719,109.876,9874,17.181,17.186,17.129,17.144,133,1347.692,1347.872,1345.319,1345.851,60
2018-01-05,09:30:00,0.3,0.3,0.1,Average Hourly Earnings.xlsx,67.715,67.725,67.33,67.365,60,15427.7,15956.5,15427.7,15789.2,38,1003.1,1003.2,971.2,982.8,4404,1.20527,1.20575,1.20416,1.20458,9589,1.35414,1.35446,1.35231,1.35301,9191,25121.569,25143.07,25117.57,25138.069,59,2727.44,2729.969,2726.939,2728.699,58,6607.669,6610.57,6604.67,6608.67,60,1.25052,1.25133,1.25011,1.25071,6180,0.97654,0.97724,0.97625,0.97704,4295,113.211,113.238,113.161,113.225,5291,17.169,17.17,17.137,17.15,142,1318.001,1318.298,1316.581,1316.692,60
2017-12-08,09:30:00,0.2,0.3,-0.1,Average Hourly Earnings.xlsx,62.455,62.51,62.355,62.485,60,15755.0,15757.0,14932.9,15350.8,12,,,,,,1.17353,1.17477,1.17322,1.17367,10285,1.34924,1.34961,1.34657,1.34761,10586,24243.07,24262.07,24234.069,24262.07,59,2642.94,2644.69,2641.719,2644.6,54,6348.27,6351.49,6345.369,6351.069,60,1.28583,1.28686,1.28583,1.28675,2382,0.99638,0.99694,0.99567,0.99669,3590,113.537,113.573,113.465,113.561,6324,15.779,15.789,15.75,15.763,148,1247.471,1247.888,1245.258,1245.911,60
2017-11-03,08:30:00,0.0,0.2,0.5,Average Hourly Earnings.xlsx,60.64,61.115,60.64,60.935,60,7311.3,7400.0,7278.8,7393.4,129,,,,,,1.16464,1.16492,1.16419,1.16474,7497,1.3048,1.30594,1.3039,1.30528,7180,23525.07,23533.069,23515.07,23527.07,60,2580.669,2581.17,2578.87,2580.87,49,6253.369,6253.57,6244.069,6253.169,60,1.28261,1.28268,1.28213,1.28218,5131,0.99965,1.00021,0.99915,0.99982,4740,114.13,114.13,114.038,114.072,5514,17.075,17.106,17.075,17.106,114,1274.922,1276.018,1274.891,1275.772,60
2017-10-06,08:30:00,0.5,0.3,0.2,Average Hourly Earnings.xlsx,57.055,57.245,56.96,57.035,60,4407.0,4412.9,4388.4,4401.8,51,,,,,,1.16886,1.17006,1.16872,1.16963,9127,1.30709,1.30771,1.30598,1.30768,6853,22778.07,22778.97,22771.969,22774.97,56,2550.77,2551.07,2549.989,2550.069,49,6062.569,6062.969,6058.07,6058.869,58,1.25882,1.2593,1.25841,1.25865,4875,0.97983,0.97994,0.9795,0.97955,3393,113.002,113.076,112.967,113.016,7044,16.601,16.618,16.579,16.59,69,1268.318,1269.282,1268.031,1268.301,60
2017-09-01,08:30:00,0.1,0.2,0.3,Average Hourly Earnings.xlsx,52.535,52.595,52.295,52.325,59,,,,,,,,,,,1.18855,1.19018,1.18824,1.18926,9444,1.29141,1.29337,1.2911,1.29242,6909,21998.07,21999.97,21974.969,21983.97,60,2474.169,2474.57,2471.57,2472.569,49,5995.769,5997.27,5989.87,5992.469,59,1.24847,1.24911,1.24797,1.2489,5609,0.96121,0.96131,0.95997,0.96131,4667,110.176,110.182,110.036,110.087,6321,17.523,17.55,17.516,17.516,85,1318.558,1320.022,1318.508,1318.568,60
2017-08-04,08:30:00,0.3,0.3,0.2,Average Hourly Earnings.xlsx,51.66,51.785,51.5,51.595,60,2806.5,2843.8,2802.8,2840.2,103,,,,,,1.18821,1.18877,1.18806,1.18821,8607,1.31611,1.31623,1.3144,1.31466,5180,22062.57,22067.57,22035.369,22057.07,60,2475.069,2475.37,2473.89,2474.869,46,5890.769,5894.07,5889.57,5892.57,58,1.25643,1.25758,1.25629,1.25707,3196,0.96758,0.96795,0.96712,0.96759,3111,110.078,110.133,110.074,110.1,5230,16.706,16.716,16.687,16.703,57,1269.321,1269.571,1268.901,1269.102,60
2017-07-07,08:30:00,0.2,0.3,0.1,Average Hourly Earnings.xlsx,47.35,47.455,46.725,46.875,60,2571.2,2573.6,2558.1,2567.8,40,,,,,,1.14195,1.14247,1.1412,1.14218,10909,1.29541,1.29578,1.29124,1.29234,7656,21326.969,21332.469,21312.469,21313.97,60,2410.769,2412.64,2410.389,2410.64,57,5592.469,5603.269,5590.969,5599.87,60,1.2984,1.29922,1.298,1.29849,5768,0.9617,0.96279,0.96139,0.96209,5053,113.693,113.844,113.691,113.747,7212,15.861,15.866,15.83,15.842,60,1221.591,1221.719,1220.588,1221.401,60
2017-06-02,08:30:00,0.2,0.2,0.2,Average Hourly Earnings.xlsx,49.645,49.725,49.485,49.56,60,2438.0,2443.5,2416.9,2423.8,149,,,,,,1.1215,1.12268,1.12145,1.12209,7699,1.28624,1.28754,1.28562,1.28563,6148,21181.469,21196.469,21176.97,21191.969,60,2433.57,2434.2,2432.699,2433.95,52,5834.969,5835.37,5831.369,5834.469,60,1.35361,1.35413,1.35323,1.35387,4063,0.97128,0.97136,0.97044,0.97086,3533,111.57,111.576,111.481,111.552,5469,17.221,17.221,17.142,17.15,112,1261.902,1262.549,1260.458,1261.009,60
2017-05-05,08:30:00,0.3,0.3,0.1,Average Hourly Earnings.xlsx,48.125,48.895,48.105,48.715,60,,,,,,,,,,,1.09742,1.09776,1.09565,1.09583,9344,1.29311,1.29421,1.29294,1.29366,6759,20921.469,20937.97,20916.469,20934.469,60,2387.87,2390.24,2387.489,2389.99,47,5622.869,5627.57,5621.569,5627.369,58,1.3772,1.37723,1.37519,1.37628,8219,0.98782,0.98856,0.98754,0.98851,6356,112.265,112.35,112.256,112.315,7359,16.497,16.497,16.444,16.465,72,1233.639,1233.708,1232.288,1233.228,60
2017-04-07,08:30:00,0.2,0.2,0.3,Average Hourly Earnings.xlsx,55.765,55.845,55.415,55.415,60,,,,,,,,,,,1.06362,1.06413,1.06292,1.0632,9428,1.24608,1.24698,1.243,1.24336,8416,20653.068,20654.068,20634.568,20641.07,60,2354.619,2354.7,2352.449,2353.449,54,5416.869,5417.469,5411.369,5413.969,58,1.33888,1.33919,1.33837,1.33884,5879,1.00634,1.00636,1.0054,1.00607,5081,110.612,110.681,110.538,110.648,9354,18.393,18.41,18.375,18.397,70,1263.431,1264.921,1263.359,1264.689,60
2017-03-10,09:30:00,0.2,0.3,0.2,Average Hourly Earnings.xlsx,52.46,52.64,52.305,52.555,60,,,,,,,,,,,1.06108,1.06192,1.06065,1.06137,7995,1.21631,1.21804,1.21608,1.2175,6609,20930.412,20941.451,20916.568,20921.342,60,2374.64,2376.15,2373.389,2373.89,60,5383.633,5386.589,5379.369,5380.522,60,1.34948,1.34961,1.34855,1.34859,6125,1.01227,1.01275,1.01165,1.01175,6028,115.403,115.422,115.327,115.341,6416,16.884,16.906,16.869,16.893,106,1196.631,1197.609,1196.302,1197.008,60
2017-02-03,09:30:00,0.1,0.3,0.2,Average Hourly Earnings.xlsx,56.875,56.89,56.575,56.69,60,,,,,,,,,,,1.0744,1.0749,1.0739,1.07415,10112,1.25219,1.253,1.24753,1.24835,10899,19915.969,19915.969,19903.969,19906.969,60,2282.588,2282.611,2281.04,2281.326,60,5143.504,5143.55,5137.702,5138.714,60,1.30283,1.30389,1.30266,1.30357,7007,0.99443,0.99568,0.99407,0.99562,5906,113.133,113.177,113.051,113.118,6951,17.351,17.362,17.321,17.335,99,1213.529,1214.039,1212.878,1213.708,60
2017-01-06,09:30:00,0.4,0.3,-0.1,Average Hourly Earnings.xlsx,56.91,57.165,56.81,57.145,60,,,,,,,,,,,1.05935,1.06085,1.05866,1.06009,11401,1.23877,1.239,1.23757,1.23861,7685,19882.469,19886.1,19870.969,19875.322,60,2267.45,2268.0,2266.949,2267.069,60,4964.394,4966.818,4964.101,4964.633,59,1.32533,1.3259,1.32447,1.32463,6474,1.01182,1.01244,1.01001,1.01061,7503,116.062,116.125,115.864,115.969,9230,16.505,16.513,16.453,16.478,196,1176.738,1178.638,1175.978,1178.202,60
2016-12-02,09:30:00,-0.1,0.2,0.4,Average Hourly Earnings.xlsx,53.735,53.86,53.35,53.495,60,,,,,,,,,,,1.06633,1.06667,1.06461,1.06463,14216,1.26088,1.26181,1.25924,1.25985,10101,19172.969,19181.62,19162.97,19174.707,60,2187.699,2187.7,2185.189,2186.484,60,4712.93,4713.951,4705.969,4710.406,60,1.33049,1.33178,1.32941,1.33014,7201,1.01073,1.0109,1.01011,1.0108,6726,113.865,113.866,113.602,113.708,9963,16.557,16.575,16.447,16.448,142,1176.101,1176.688,1174.841,1174.841,60
2016-11-04,08:30:00,0.4,0.3,0.3,Average Hourly Earnings.xlsx,46.25,46.405,45.945,46.405,60,,,,,,,,,,,1.10967,1.11078,1.10943,1.10988,14069,1.24665,1.24789,1.24634,1.24786,9485,17934.045,17936.555,17906.969,17925.193,60,2090.269,2090.39,2086.649,2089.15,60,4680.906,4680.906,4671.869,4677.885,60,1.34105,1.34136,1.34007,1.34012,9219,0.97461,0.97465,0.9736,0.97367,5536,103.246,103.247,102.946,103.019,11742,18.268,18.378,18.248,18.346,264,1298.701,1302.698,1298.542,1301.49,60
2016-10-07,08:30:00,0.2,0.2,0.1,Average Hourly Earnings.xlsx,52.775,52.78,52.585,52.595,60,,,,,,,,,,,1.11127,1.11319,1.11095,1.11288,71997,1.24579,1.24605,1.24244,1.24337,23393,18235.469,18262.97,18234.969,18252.97,60,2156.558,2159.765,2156.538,2158.593,60,4861.47,4869.269,4861.195,4865.87,60,1.32572,1.3264,1.32514,1.32545,33965,0.98234,0.98261,0.98091,0.98142,16966,103.836,103.895,103.783,103.809,29469,17.282,17.381,17.243,17.372,358,1255.171,1255.699,1253.641,1255.462,60
2016-09-02,08:30:00,0.1,0.2,0.3,Average Hourly Earnings.xlsx,45.495,45.75,45.38,45.725,60,,,,,,,,,,,1.11928,1.1193,1.11787,1.11827,63882,1.32772,1.32938,1.32614,1.32664,23899,18409.47,18420.97,18400.969,18410.469,60,2168.501,2169.543,2167.52,2168.332,60,4781.87,4783.97,4778.47,4780.669,60,1.31075,1.31144,1.31053,1.31079,31348,0.98007,0.98076,0.97997,0.98042,18652,103.578,103.709,103.552,103.61,33451,18.857,18.867,18.81,18.822,66,1311.33,1311.609,1310.189,1310.79,60
2016-08-05,08:30:00,0.3,0.2,0.1,Average Hourly Earnings.xlsx,44.018,44.06,43.824,44.001,60,,,,,,,,,,,1.11389,1.11512,1.11378,1.11501,49459,1.31387,1.31511,1.31321,1.31375,22851,18386.603,18389.296,18359.802,18370.973,60,2168.2,2168.664,2165.755,2167.195,60,4758.626,4759.603,4752.723,4754.856,60,1.3021,1.3025,1.30109,1.30141,29839,0.97413,0.97453,0.97329,0.97345,13993,101.084,101.147,100.872,100.953,22288,20.373,20.376,20.268,20.29,80,1363.47,1363.502,1361.038,1362.241,60
2016-07-08,08:30:00,0.1,0.2,0.2,Average Hourly Earnings.xlsx,46.807,46.918,46.642,46.685,60,,,,,,,,,,,1.10764,1.10811,1.10698,1.10747,9586,1.29428,1.29485,1.29257,1.2935,10868,17928.922,17942.898,17903.833,17913.579,60,2102.243,2104.377,2098.99,2100.496,60,4467.019,4472.132,4455.964,4458.448,60,1.30079,1.30189,1.30036,1.30134,8451,0.97896,0.97911,0.9784,0.97886,3562,100.608,100.701,100.564,100.596,6022,19.639,19.678,19.621,19.675,54,1355.092,1356.408,1354.629,1356.138,60
2016-06-03,08:30:00,0.2,0.2,0.4,Average Hourly Earnings.xlsx,50.052,50.195,50.007,50.118,60,,,,,,,,,,,1.11499,1.11588,1.11478,1.11484,10145,1.44286,1.44356,1.4412,1.4433,8813,17830.512,17844.34,17822.047,17836.693,60,2104.157,2106.109,2103.372,2104.919,60,4527.284,4530.719,4524.507,4528.596,60,1.30839,1.30891,1.30779,1.30884,6392,0.99065,0.99121,0.99015,0.99108,5763,108.75,108.888,108.717,108.844,6280,16.078,16.1,16.074,16.092,93,1211.651,1212.479,1211.418,1212.271,60
2016-05-06,08:30:00,0.3,0.3,0.2,Average Hourly Earnings.xlsx,44.759,44.929,44.53,44.919,60,,,,,,,,,,,1.14211,1.14275,1.14136,1.14225,12366,1.44816,1.44997,1.44799,1.44888,9549,17625.844,17644.444,17619.037,17635.448,60,2047.852,2050.393,2047.074,2048.857,60,4299.891,4305.698,4297.971,4303.399,60,1.28507,1.28608,1.28396,1.28403,7437,0.9676,0.96797,0.96645,0.96699,5449,106.945,106.986,106.868,106.92,6013,17.319,17.364,17.266,17.354,184,1278.671,1281.97,1277.19,1281.679,60
2016-04-01,08:30:00,0.3,0.2,-0.1,Average Hourly Earnings.xlsx,40.031,40.329,39.94,40.226,60,,,,,,,,,,,1.13823,1.14017,1.13823,1.13995,15337,1.43301,1.43624,1.43111,1.43255,11889,17632.661,17677.366,17625.325,17665.123,60,2051.963,2057.488,2050.931,2055.79,60,4459.891,4474.667,4458.365,4471.218,60,1.30188,1.30319,1.30154,1.30188,7417,0.96101,0.96114,0.95986,0.9603,6633,112.283,112.424,112.26,112.346,8162,15.394,15.409,15.359,15.396,76,1233.052,1233.748,1231.409,1233.119,60
2016-03-04,09:30:00,-0.1,0.2,0.5,Average Hourly Earnings.xlsx,37.13,37.13,36.805,36.879,60,,,,,,,,,,,1.09385,1.09739,1.09383,1.09626,19640,1.41399,1.41657,1.41256,1.4138,10081,16923.608,16940.644,16911.567,16930.252,60,1990.497,1992.63,1988.954,1991.622,60,4318.733,4321.755,4313.328,4318.623,60,1.34203,1.34485,1.34198,1.34484,5361,0.99416,0.99423,0.99208,0.99271,8919,113.741,113.773,113.636,113.707,8833,15.477,15.519,15.376,15.411,121,1269.479,1274.732,1269.428,1272.081,60
2016-02-05,09:30:00,0.5,0.3,0.0,Average Hourly Earnings.xlsx,34.023,34.997,33.984,34.787,60,,,,,,,,,,,1.11932,1.11987,1.11837,1.11948,16967,1.45285,1.45545,1.45077,1.45425,9092,16400.108,16461.201,16395.849,16446.027,60,1912.088,1920.1,1911.557,1918.364,60,4157.09,4177.996,4156.354,4173.591,60,1.37339,1.37392,1.37091,1.37206,8409,0.99245,0.99291,0.99085,0.99147,7988,116.89,116.979,116.822,116.908,9457,14.822,14.882,14.817,14.861,98,1155.798,1158.308,1155.378,1157.498,60
2016-01-08,09:30:00,0.0,0.2,0.2,Average Hourly Earnings.xlsx,34.296,34.45,34.077,34.407,60,,,,,,,,,,,1.08719,1.08829,1.08669,1.08731,8142,1.46173,1.46301,1.46123,1.46191,8512,16725.438,16733.517,16685.837,16713.881,60,1966.576,1967.571,1961.585,1965.486,60,4359.979,4362.997,4348.765,4358.934,60,1.41116,1.41158,1.4101,1.41064,6065,0.99974,1.00157,0.99947,1.001,8209,118.375,118.387,118.242,118.296,6656,14.052,14.057,13.989,14.011,64,1099.198,1099.35,1095.859,1096.078,60
2015-12-04,09:30:00,0.2,0.2,0.4,Average Hourly Earnings.xlsx,43.928,44.299,43.82,44.217,60,,,,,,,,,,,1.08703,1.08943,1.08697,1.08899,14430,1.51059,1.51367,1.51045,1.51239,10036,17585.799,17587.98,17551.604,17564.71,60,2063.203,2063.639,2059.421,2060.939,60,4635.281,4636.299,4623.916,4627.738,60,1.33502,1.33511,1.33337,1.33378,5888,0.99961,1.00009,0.99822,0.9993,7685,122.817,122.824,122.704,122.755,5909,14.083,14.134,14.082,14.119,101,1059.588,1061.982,1059.532,1061.622,60
2015-11-06,09:30:00,0.4,0.2,0.0,Average Hourly Earnings.xlsx,48.235,48.408,48.121,48.397,60,,,,,,,,,,,1.08718,1.08767,1.08648,1.08653,8116,1.5172,1.51782,1.51555,1.5156,8676,17842.842,17849.985,17835.807,17841.957,60,2098.883,2099.899,2097.851,2098.638,60,4699.983,4702.997,4697.924,4700.07,60,1.3167,1.31801,1.31658,1.31746,6482,0.99556,0.99565,0.99487,0.99554,3791,121.898,121.948,121.868,121.911,5827,15.02,15.04,15.01,15.018,66,1108.479,1109.248,1108.069,1108.188,60
2015-10-02,08:30:00,0.0,0.2,0.4,Average Hourly Earnings.xlsx,48.128,48.169,47.825,47.975,60,,,,,,,,,,,1.11654,1.11707,1.11603,1.11634,7653,1.51408,1.51728,1.51377,1.51569,6314,16305.414,16346.896,16294.453,16342.63,60,1928.79,1933.253,1927.793,1932.298,60,4211.956,4219.99,4207.954,4218.076,60,1.32332,1.32393,1.32311,1.3236,4186,0.97819,0.97847,0.97688,0.97781,3078,120.065,120.162,120.021,120.126,7326,14.462,14.488,14.441,14.452,71,1109.244,1109.338,1107.118,1107.221,60
2015-09-04,08:30:00,0.3,0.2,0.2,Average Hourly Earnings.xlsx,50.05,50.614,49.807,50.402,60,,,,,,,,,,,1.11446,1.1161,1.114,1.11406,10966,1.52279,1.52556,1.52256,1.52383,6905,16259.602,16261.785,16183.306,16207.192,60,1937.492,1937.695,1928.095,1931.127,60,4205.04,4205.042,4183.34,4190.157,60,1.32137,1.32328,1.32058,1.32183,6048,0.97459,0.97502,0.97303,0.97377,6783,119.232,119.278,118.838,119.075,9664,14.78,14.782,14.715,14.728,83,1124.781,1126.069,1124.558,1125.042,60
2015-08-07,08:30:00,0.2,0.2,0.0,Average Hourly Earnings.xlsx,49.968,50.039,49.71,49.847,60,,,,,,,,,,,1.09402,1.09428,1.09232,1.09235,8577,1.5501,1.55263,1.54951,1.55231,6833,17410.807,17442.784,17405.425,17431.873,60,2082.81,2086.682,2082.01,2084.961,60,4523.306,4533.166,4521.466,4529.82,60,1.31159,1.31206,1.31101,1.31176,6329,0.98072,0.98302,0.98044,0.983,4288,124.79,124.818,124.753,124.776,2445,14.783,14.794,14.772,14.778,77,1093.229,1093.329,1091.749,1092.078,60
2015-07-02,08:30:00,0.0,0.2,0.2,Average Hourly Earnings.xlsx,62.539,62.539,62.007,62.309,60,,,,,,,,,,,1.10594,1.10815,1.1048,1.10766,12720,1.55894,1.56179,1.55871,1.56035,8775,17789.994,17803.475,17772.726,17783.887,60,2082.686,2084.268,2080.68,2082.181,60,4436.978,4441.796,4434.821,4437.99,60,1.25989,1.2622,1.25983,1.26205,5331,0.94848,0.94928,0.94633,0.94703,7486,123.488,123.595,123.465,123.507,5077,15.589,15.644,15.57,15.639,84,1164.968,1166.658,1163.982,1165.538,60
2015-06-05,08:30:00,0.3,0.2,0.1,Average Hourly Earnings.xlsx,61.573,61.746,61.359,61.688,60,,,,,,,,,,,1.12749,1.12781,1.12542,1.1259,14077,1.53209,1.53318,1.53008,1.53044,8655,17932.594,17950.851,17914.682,17923.958,60,2101.176,2103.482,2099.168,2099.67,59,4498.972,4503.996,4491.862,4494.962,60,1.25186,1.25297,1.25184,1.25249,3704,0.93112,0.93272,0.93056,0.93249,4967,124.709,124.804,124.671,124.755,6114,16.152,16.172,16.121,16.149,63,1176.208,1176.371,1174.658,1175.409,60
2015-05-08,08:30:00,0.1,0.2,0.2,Average Hourly Earnings.xlsx,65.498,65.989,65.426,65.779,59,,,,,,,,,,,1.12161,1.12442,1.1216,1.12331,14793,1.54723,1.54851,1.54431,1.5478,28335,17978.941,17983.981,17956.638,17965.851,60,2092.984,2093.7,2090.156,2091.678,60,4421.991,4423.603,4414.171,4418.175,60,1.21029,1.21078,1.2095,1.2095,4364,0.92304,0.92304,0.92072,0.92169,5817,120.002,120.089,119.986,120.072,6727,16.396,16.425,16.355,16.369,60,1187.329,1188.198,1185.998,1186.348,60
2015-04-03,08:30:00,0.3,0.2,0.1,Average Hourly Earnings.xlsx,,,,,,,,,,,,,,,,1.08717,1.08822,1.08701,1.08792,3266,1.4834,1.48342,1.48157,1.48192,5450,,,,,,,,,,,,,,,,1.25688,1.25697,1.25589,1.25672,3412,0.95963,0.95963,0.95835,0.9592,2037,119.637,119.719,119.627,119.675,2036,,,,,,,,,,
2015-03-06,09:30:00,0.1,0.2,0.5,Average Hourly Earnings.xlsx,61.145,61.169,60.657,60.81,60,,,,,,,,,,,1.09951,1.10002,1.0965,1.09674,12450,1.52133,1.52198,1.51902,1.5199,17997,18130.216,18136.993,18116.469,18124.182,60,2100.971,2101.999,2099.242,2100.98,51,4451.496,4453.997,4448.623,4450.712,60,1.24819,1.24868,1.24693,1.24813,5259,0.97574,0.97762,0.97573,0.97663,5408,120.086,120.142,120.034,120.046,4875,16.059,16.059,15.906,15.964,61,1196.137,1196.137,1192.791,1192.95,60
2015-02-06,09:30:00,0.5,0.3,-0.2,Average Hourly Earnings.xlsx,58.372,58.399,57.77,58.215,60,,,,,,,,,,,1.14478,1.14694,1.14452,1.14542,7157,1.53155,1.53256,1.53087,1.53186,13921,17864.63,17869.45,17844.863,17848.614,60,2061.767,2062.581,2059.774,2060.08,54,4254.515,4256.268,4250.088,4251.191,60,1.24485,1.24612,1.24397,1.244,3031,0.92098,0.92155,0.91976,0.92043,3255,117.353,117.382,117.247,117.274,4226,17.257,17.293,17.25,17.286,60,1267.291,1267.748,1265.957,1266.62,60
2015-01-09,09:30:00,-0.2,0.2,0.2,Average Hourly Earnings.xlsx,50.9,50.929,50.307,50.447,60,,,,,,,,,,,1.18056,1.18198,1.17978,1.18157,10314,1.5116,1.51492,1.5109,1.51312,18078,17874.834,17885.995,17847.711,17854.927,60,2059.281,2061.299,2056.95,2057.486,57,4239.992,4242.999,4232.876,4233.844,60,1.18348,1.18504,1.18314,1.18496,3169,1.01726,1.01797,1.01615,1.01637,6732,119.393,119.44,119.306,119.329,6209,16.327,16.327,16.192,16.238,60,1211.542,1211.738,1209.369,1210.688,60
2014-12-05,09:30:00,0.4,0.2,0.1,Average Hourly Earnings.xlsx,69.16,69.21,69.026,69.17,58,,,,,,,,,,,1.23724,1.23784,1.23606,1.23687,6905,1.5658,1.56741,1.56564,1.56728,10956,17920.265,17931.463,17920.265,17922.934,57,2074.788,2075.598,2074.372,2074.39,32,4316.561,4320.625,4316.561,4317.941,59,1.14022,1.14104,1.1402,1.14025,2105,0.97166,0.97269,0.97129,0.972,5334,120.253,120.378,120.251,120.342,4606,16.421,16.446,16.392,16.432,60,1203.321,1204.552,1202.192,1203.681,60
2014-11-07,09:30:00,0.1,0.2,0.0,Average Hourly Earnings.xlsx,82.521,82.67,82.473,82.565,60,,,,,,,,,,,1.23952,1.24013,1.23861,1.23941,11126,1.58254,1.58352,1.58018,1.58124,11894,17587.955,17593.999,17571.021,17577.96,60,2035.312,2036.399,2033.311,2034.08,57,4177.39,4178.823,4173.401,4175.271,60,1.14332,1.14406,1.14299,1.14326,2809,0.97155,0.97211,0.97085,0.9715,8008,115.194,115.256,115.171,115.226,6064,15.46,15.476,15.41,15.421,60,1145.561,1146.109,1143.491,1143.581,60
2014-10-03,08:30:00,0.0,0.2,0.3,Average Hourly Earnings.xlsx,93.736,93.746,93.416,93.687,60,,,,,,,,,,,1.26432,1.2645,1.26261,1.26302,9380,1.61009,1.61038,1.60788,1.60835,13604,16853.469,16881.494,16852.408,16872.482,60,1953.064,1956.8,1952.345,1955.59,58,3997.994,4005.0,3997.838,4001.866,60,1.11726,1.11762,1.11696,1.11703,3037,0.9558,0.95744,0.9558,0.95697,3799,108.761,108.925,108.751,108.918,4422,17.0,17.046,16.987,17.04,60,1207.692,1208.742,1206.453,1207.562,60
2014-09-05,08:30:00,0.2,0.2,0.1,Average Hourly Earnings.xlsx,101.86,102.15,101.841,102.134,57,,,,,,,,,,,1.29376,1.29533,1.29366,1.29519,9256,1.63213,1.63241,1.63101,1.63143,7567,17066.113,17068.103,17053.406,17055.758,60,1996.509,1996.509,1994.598,1994.847,56,4064.988,4065.373,4061.889,4062.982,59,1.08842,1.08874,1.08802,1.0887,2263,0.93218,0.93219,0.93104,0.9311,4030,105.249,105.267,105.162,105.246,5173,19.063,19.088,19.06,19.083,60,1263.958,1264.716,1263.762,1264.101,60
2014-08-01,08:30:00,0.0,0.2,0.2,Average Hourly Earnings.xlsx,,,,,,,,,,,,,,,,1.33806,1.33936,1.33791,1.3391,8660,1.687,1.68877,1.68294,1.68375,17200,,,,,,,,,,,,,,,,1.09235,1.09362,1.09232,1.09359,3222,0.90948,0.90951,0.90811,0.90823,4100,102.949,102.965,102.917,102.932,4312,20.385,20.394,20.339,20.354,60,1284.756,1284.927,1283.467,1284.533,60
2014-07-03,08:30:00,0.2,0.2,0.2,Average Hourly Earnings.xlsx,110.754,110.877,110.502,110.843,60,,,,,,,,,,,1.36615,1.36622,1.36517,1.36545,34297,1.71549,1.71608,1.71334,1.7137,6934,16988.18,16989.474,16980.207,16985.687,60,1975.677,1975.993,1974.957,1975.498,57,3899.958,3900.394,3898.501,3900.009,60,1.0654,1.06584,1.06511,1.06523,1860,0.88886,0.88952,0.88885,0.88932,1980,101.925,101.955,101.916,101.942,3943,20.996,21.052,20.968,21.033,60,1320.46,1322.658,1319.918,1321.998,60
2014-06-06,08:30:00,0.2,0.2,0.0,Average Hourly Earnings.xlsx,108.907,109.067,108.851,109.043,59,,,,,,,,,,,1.36479,1.36495,1.36283,1.36356,13731,1.68134,1.68158,1.68018,1.68075,6401,16844.943,16855.405,16841.146,16851.684,60,1940.07,1941.394,1939.574,1941.059,58,3777.783,3779.783,3775.998,3778.853,60,1.09118,1.09162,1.09108,1.0915,3128,0.89163,0.89327,0.89149,0.89269,4976,102.262,102.306,102.246,102.286,5199,19.109,19.121,19.086,19.116,58,1255.072,1255.298,1254.298,1254.722,60
2014-05-02,08:30:00,0.0,0.2,0.1,Average Hourly Earnings.xlsx,108.116,108.566,108.095,108.563,60,,,,,,,,,,,1.38544,1.38646,1.38524,1.38625,9798,1.68913,1.68923,1.68737,1.68859,4539,16565.098,16568.496,16562.109,16566.978,60,1885.677,1885.696,1884.96,1885.658,59,3596.591,3597.378,3595.088,3596.787,60,1.09637,1.09736,1.09626,1.09718,1503,0.88036,0.88051,0.87939,0.87944,3036,102.478,102.483,102.432,102.461,2568,19.047,19.128,19.043,19.115,60,1283.537,1285.213,1283.242,1284.045,60
2014-04-04,08:30:00,0.0,0.2,0.4,Average Hourly Earnings.xlsx,106.524,106.618,106.294,106.602,60,,,,,,,,,,,1.37,1.37058,1.36976,1.37044,4706,1.65886,1.6596,1.65854,1.65925,2085,16596.381,16600.407,16590.115,16597.768,60,1892.565,1893.291,1891.76,1893.079,59,3643.518,3645.091,3642.207,3643.536,59,1.10189,1.10231,1.10163,1.10178,994,0.89319,0.89347,0.89243,0.89255,2963,103.902,103.909,103.847,103.862,1705,19.908,19.949,19.896,19.906,60,1288.951,1292.759,1288.951,1291.243,60
2014-03-07,09:30:00,0.4,0.2,0.2,Average Hourly Earnings.xlsx,108.121,108.163,107.932,108.026,60,,,,,,,,,,,1.38736,1.38835,1.3868,1.38786,7745,1.67579,1.67724,1.67462,1.67479,5622,16429.732,16435.982,16415.676,16431.779,60,1877.485,1878.985,1876.459,1878.458,58,3721.286,3723.169,3717.693,3721.733,60,1.09871,1.09936,1.0986,1.09881,1489,0.87838,0.87877,0.87796,0.8784,3672,102.874,102.995,102.852,102.967,3535,21.372,21.372,21.268,21.34,61,1348.611,1349.67,1346.287,1349.17,60
2014-02-07,09:30:00,0.2,0.2,0.0,Average Hourly Earnings.xlsx,107.252,107.257,107.205,107.205,4,,,,,,,,,,,1.35638,1.35789,1.35596,1.35678,12045,1.63407,1.6346,1.62997,1.63409,8250,,,,,,,,,,,,,,,,1.10647,1.10728,1.10606,1.10663,2000,0.90155,0.90219,0.90093,0.90145,4843,102.025,102.164,102.022,102.161,4039,19.872,19.881,19.764,19.81,60,1261.653,1262.003,1259.613,1260.75,60
2014-01-10,09:30:00,0.1,0.2,0.2,Average Hourly Earnings.xlsx,106.965,107.057,106.657,106.77,44,,,,,,,,,,,1.36056,1.36071,1.35941,1.3598,10855,1.64631,1.64631,1.64031,1.64154,7844,16481.785,16490.706,16474.609,16483.79,59,1842.487,1843.497,1841.962,1842.659,58,3564.094,3566.374,3563.213,3564.34,60,1.08459,1.08624,1.08451,1.08569,2324,0.90732,0.90795,0.90695,0.90768,4305,104.932,105.003,104.932,104.963,3752,19.743,19.765,19.711,19.746,60,1234.042,1234.523,1231.635,1232.852,60
2013-12-06,09:30:00,0.2,0.2,0.1,Average Hourly Earnings.xlsx,111.361,111.606,111.237,111.522,53,,,,,,,,,,,1.36569,1.36746,1.36552,1.36687,13509,1.63392,1.63644,1.63379,1.63565,5833,15859.772,15887.969,15856.623,15882.732,60,1789.66,1793.698,1789.461,1792.99,57,3483.729,3492.932,3483.084,3492.23,60,1.06557,1.06612,1.06507,1.06612,1864,0.89708,0.8971,0.89531,0.89574,6436,102.138,102.203,102.122,102.163,4115,19.456,19.527,19.45,19.512,60,1228.942,1231.795,1228.853,1231.168,60
2013-11-08,09:30:00,0.1,0.2,0.1,Average Hourly Earnings.xlsx,103.769,103.959,103.546,103.903,53,,,,,,,,,,,1.34167,1.34315,1.34148,1.34265,11067,1.60901,1.60996,1.60585,1.60688,5490,15636.988,15642.759,15630.62,15631.68,60,1753.072,1754.293,1752.757,1753.062,58,3333.5,3335.793,3332.657,3334.193,60,1.04603,1.04651,1.04582,1.04608,2196,0.91643,0.91664,0.91585,0.91613,5120,98.198,98.235,98.146,98.204,4795,21.712,21.732,21.672,21.695,60,1311.953,1312.983,1310.373,1311.563,60
2013-10-22,08:30:00,0.1,0.2,0.3,Average Hourly Earnings.xlsx,,,,,,,,,,,,,,,,1.36784,1.36794,1.36645,1.36705,9575,1.61281,1.61326,1.61217,1.61259,4123,,,,,,,,,,,,,,,,1.02988,1.0299,1.02949,1.02951,1608,0.9028,0.90392,0.90275,0.90356,4831,98.313,98.383,98.31,98.361,4169,22.133,22.142,21.972,22.027,64,1315.443,1315.842,1310.132,1311.642,60
2013-09-06,08:30:00,0.2,0.2,-0.1,Average Hourly Earnings.xlsx,115.237,115.58,115.164,115.427,60,,,,,,,,,,,1.31213,1.31329,1.31205,1.31309,9493,1.5591,1.56037,1.55724,1.55746,5963,14918.0,14927.0,14911.0,14924.0,60,1654.171,1655.193,1653.169,1654.887,60,3129.648,3132.277,3127.936,3131.752,60,1.04627,1.04689,1.04569,1.04572,4903,0.94437,0.94447,0.94366,0.94389,5059,99.565,99.689,99.5,99.667,4020,23.202,23.234,23.12,23.143,66,1369.277,1370.577,1366.856,1369.008,60
2013-08-02,08:30:00,-0.1,0.2,0.4,Average Hourly Earnings.xlsx,109.589,109.72,109.144,109.187,60,,,,,,,,,,,1.32191,1.32266,1.32141,1.32162,9752,1.51361,1.51767,1.51309,1.51512,5635,15616.0,15626.0,15611.0,15617.0,60,1705.464,1706.177,1704.966,1705.186,60,3122.759,3124.896,3121.847,3123.059,60,1.03685,1.03875,1.03685,1.03863,3754,0.93701,0.93737,0.93606,0.93728,6030,99.573,99.68,99.549,99.611,5276,19.325,19.379,19.279,19.326,61,1289.673,1291.213,1286.443,1288.673,60
2013-07-05,08:30:00,0.4,0.2,0.1,Average Hourly Earnings.xlsx,105.519,105.929,105.499,105.679,60,,,,,,,,,,,1.28833,1.28902,1.28688,1.28807,11570,1.50037,1.50141,1.497,1.49931,7565,15141.0,15141.0,15114.0,15125.0,60,1631.668,1631.689,1628.462,1629.692,60,2972.838,2972.984,2967.52,2969.216,60,1.05269,1.05401,1.05192,1.05366,5079,0.95896,0.95913,0.95825,0.95853,7554,100.284,100.294,99.889,100.019,5940,19.181,19.204,19.101,19.112,60,1241.46,1242.16,1234.86,1235.18,60
2013-06-07,08:30:00,0.0,0.2,0.2,Average Hourly Earnings.xlsx,103.978,104.206,103.776,104.016,60,,,,,,,,,,,1.3246,1.32497,1.3224,1.32305,15195,1.55909,1.55948,1.55671,1.55732,8611,15017.0,15032.0,15009.0,15026.0,60,1620.991,1623.189,1620.196,1622.193,60,2948.045,2951.888,2944.344,2948.133,60,1.02682,1.02787,1.02666,1.02681,4079,0.92866,0.93008,0.92838,0.92997,8673,96.589,96.686,96.33,96.445,10021,22.632,22.704,22.623,22.669,64,1410.037,1413.693,1409.852,1411.132,60
2013-05-03,08:30:00,0.2,0.2,0.0,Average Hourly Earnings.xlsx,,,,,,,,,,,,,,,,1.31056,1.31309,1.31,1.31282,13317,1.55322,1.55543,1.55193,1.55511,9711,,,,,,,,,,,,,,,,1.01233,1.0125,1.0114,1.01168,2863,0.93361,0.93388,0.93183,0.93209,7734,98.207,98.245,98.137,98.15,5395,24.073,24.153,24.045,24.073,61,1476.579,1478.437,1475.715,1476.718,60
2013-04-05,08:30:00,0.0,0.2,0.1,Average Hourly Earnings.xlsx,,,,,,,,,,,,,,,,1.29081,1.29313,1.29012,1.29246,14726,1.52044,1.52307,1.52001,1.52249,8612,,,,,,,,,,,,,,,,1.0138,1.01414,1.01357,1.01379,2965,0.94234,0.94292,0.94047,0.9409,7064,96.326,96.41,96.247,96.258,9635,26.865,26.9,26.842,26.899,63,1551.72,1552.12,1551.08,1551.48,60
2013-03-08,09:30:00,0.2,0.2,0.1,Average Hourly Earnings.xlsx,,,,,,,,,,,,,,,,1.30841,1.30982,1.3083,1.30948,7323,1.50136,1.50334,1.50079,1.50261,8096,,,,,,,,,,,,,,,,1.03094,1.03142,1.0303,1.03111,2969,0.94436,0.94454,0.9433,0.94362,7034,95.583,95.605,95.457,95.541,6826,28.838,28.904,28.792,28.799,64,1579.65,1582.45,1579.166,1579.731,60
2013-02-01,09:30:00,0.2,0.2,0.3,Average Hourly Earnings.xlsx,,,,,,,,,,,,,,,,1.36506,1.36745,1.3644,1.36696,14562,1.58664,1.58752,1.58138,1.58191,15442,,,,,,,,,,,,,,,,0.99747,0.99972,0.99743,0.99952,3557,0.90701,0.90785,0.9045,0.90459,11540,92.212,92.246,92.12,92.21,7308,31.365,31.388,31.331,31.363,60,1664.301,1665.252,1664.152,1664.536,60
2013-01-04,09:30:00,0.3,0.2,0.3,Average Hourly Earnings.xlsx,,,,,,,,,,,,,,,,1.30145,1.30187,1.30025,1.30109,10783,1.60503,1.60574,1.60345,1.60476,9863,,,,,,,,,,,,,,,,0.9904,0.99081,0.98991,0.99035,2903,0.92903,0.92994,0.92882,0.9294,7600,88.206,88.329,88.085,88.187,7952,29.458,29.477,29.296,29.369,77,1642.763,1643.221,1635.097,1636.352,60
2012-12-07,09:30:00,0.2,0.2,0.0,Average Hourly Earnings.xlsx,,,,,,,,,,,,,,,,1.29285,1.29424,1.29167,1.29384,9239,1.60402,1.60484,1.60219,1.60368,7567,,,,,,,,,,,,,,,,0.99179,0.99212,0.99169,0.99203,3686,0.93493,0.93586,0.93467,0.93494,7593,82.372,82.438,82.35,82.375,3817,32.97,32.992,32.888,32.897,61,1699.752,1700.352,1697.21,1697.283,60
2012-11-02,08:30:00,0.0,0.2,0.3,Average Hourly Earnings.xlsx,,,,,,,,,,,,,,,,1.29036,1.29075,1.2875,1.2877,12853,1.60951,1.60996,1.60857,1.60862,6027,,,,,,,,,,,,,,,,0.99656,0.99755,0.99656,0.99751,4747,0.93505,0.9374,0.93497,0.93716,8209,80.335,80.342,80.299,80.317,3375,32.044,32.044,31.908,31.922,67,1710.183,1710.203,1706.352,1706.564,60
2012-10-05,08:30:00,0.3,0.2,0.0,Average Hourly Earnings.xlsx,,,,,,,,,,,,,,,,1.30049,1.30129,1.29965,1.30007,10792,1.61815,1.61895,1.61728,1.61781,7832,,,,,,,,,,,,,,,,0.98021,0.9806,0.98011,0.9805,4508,0.93129,0.93206,0.93092,0.93173,6553,78.391,78.439,78.357,78.433,3030,34.933,34.96,34.823,34.863,60,1791.552,1792.363,1787.952,1788.973,60
2012-09-07,08:30:00,0.0,0.2,0.1,Average Hourly Earnings.xlsx,,,,,,,,,,,,,,,,1.26709,1.26792,1.26672,1.2669,9677,1.59674,1.59844,1.5962,1.59716,10007,,,,,,,,,,,,,,,,0.98112,0.98153,0.98057,0.98146,5992,0.95524,0.95632,0.95479,0.95611,7929,78.925,78.968,78.871,78.922,3967,32.245,32.333,32.238,32.281,61,1694.787,1697.923,1694.372,1696.823,60
2012-08-03,08:30:00,0.1,0.2,0.3,Average Hourly Earnings.xlsx,,,,,,,,,,,,,,,,1.2207,1.22179,1.22028,1.22123,13560,1.55256,1.55452,1.55249,1.55411,12155,,,,,,,,,,,,,,,,1.00449,1.00457,1.00305,1.00325,11488,0.98391,0.98422,0.98301,0.98346,9732,78.254,78.258,78.189,78.199,3329,27.207,27.249,27.191,27.205,61,1592.521,1594.36,1592.206,1593.774,60
2012-07-06,08:30:00,0.3,0.2,0.2,Average Hourly Earnings.xlsx,,,,,,,,,,,,,,,,1.23838,1.24008,1.238,1.23839,13546,1.55244,1.55501,1.55237,1.55361,11637,,,,,,,,,,,,,,,,1.01438,1.01535,1.01412,1.01523,9098,0.9698,0.97012,0.9685,0.9698,10012,79.875,79.904,79.836,79.865,3705,27.601,27.63,27.326,27.43,73,1602.483,1603.463,1589.065,1593.943,60
2012-06-01,08:30:00,0.1,0.2,0.1,Average Hourly Earnings.xlsx,,,,,,,,,,,,,,,,1.23482,1.2352,1.23311,1.23321,16432,1.53496,1.53496,1.5275,1.52836,15643,,,,,,,,,,,,,,,,1.03659,1.03928,1.03659,1.03872,8157,0.97257,0.97376,0.97222,0.97369,15101,78.497,78.498,78.209,78.219,8760,27.756,27.764,27.418,27.439,79,1557.263,1558.208,1551.573,1552.251,60
2012-05-04,08:30:00,0.0,0.2,0.2,Average Hourly Earnings.xlsx,,,,,,,,,,,,,,,,1.31334,1.31394,1.31266,1.31321,9953,1.61712,1.6177,1.61646,1.61662,8240,,,,,,,,,,,,,,,,0.98893,0.9894,0.98875,0.98919,6753,0.9147,0.91519,0.9143,0.91471,8019,80.174,80.183,80.137,80.137,2808,29.894,29.904,29.763,29.845,68,1631.01,1631.621,1626.252,1628.305,60
2012-04-06,08:30:00,0.2,0.2,0.3,Average Hourly Earnings.xlsx,,,,,,,,,,,,,,,,1.30621,1.30689,1.30621,1.30656,3792,1.5847,1.58512,1.5847,1.58482,1702,,,,,,,,,,,,,,,,0.9925,0.99285,0.99234,0.99242,1597,0.92005,0.92005,0.91959,0.91989,1509,82.403,82.488,82.371,82.43,2271,,,,,,,,,,
2012-03-09,09:30:00,0.1,0.2,0.1,Average Hourly Earnings.xlsx,,,,,,,,,,,,,,,,1.32169,1.32251,1.32126,1.32185,12842,1.57977,1.5803,1.5755,1.57598,9183,,,,,,,,,,,,,,,,0.99062,0.99172,0.99062,0.99156,7324,0.91203,0.91242,0.91146,0.9121,11493,81.774,81.776,81.666,81.742,3696,33.743,33.804,33.723,33.777,67,1697.633,1699.473,1696.955,1698.789,60
2012-02-03,09:30:00,0.2,0.2,0.1,Average Hourly Earnings.xlsx,,,,,,,,,,,,,,,,1.31442,1.31742,1.31442,1.31666,15322,1.58187,1.58577,1.58187,1.58478,15475,,,,,,,,,,,,,,,,0.99932,0.99948,0.99809,0.99838,12220,0.91651,0.91657,0.91471,0.91545,12258,76.189,76.221,76.165,76.199,3467,34.275,34.393,34.228,34.266,67,1761.036,1763.188,1759.643,1760.718,60
2012-01-06,09:30:00,0.2,0.2,0.0,Average Hourly Earnings.xlsx,,,,,,,,,,,,,,,,1.28028,1.28117,1.27938,1.28014,16461,1.5506,1.55144,1.54867,1.54966,12773,,,,,,,,,,,,,,,,1.01735,1.01868,1.01696,1.01814,7736,0.95123,0.95222,0.95077,0.95146,11312,77.146,77.16,77.095,77.117,4399,29.324,29.467,29.265,29.274,72,1621.03,1623.752,1620.112,1620.443,60
2011-12-02,09:30:00,-0.1,0.2,0.3,Average Hourly Earnings.xlsx,,,,,,,,,,,,,,,,1.34742,1.34921,1.34709,1.34833,10684,1.56924,1.57011,1.56659,1.56943,11300,,,,,,,,,,,,,,,,1.01308,1.01389,1.01136,1.01176,5861,0.9161,0.91674,0.915,0.91604,7282,77.802,77.872,77.8,77.839,2121,33.273,33.364,33.207,33.355,75,1747.392,1751.374,1746.43,1751.216,60
2011-11-04,08:30:00,0.2,0.2,0.3,Average Hourly Earnings.xlsx,,,,,,,,,,,,,,,,1.38001,1.38239,1.37893,1.38014,16284,1.60081,1.60089,1.59936,1.6001,11858,,,,,,,,,,,,,,,,1.0125,1.01414,1.012,1.01386,8625,0.88271,0.88708,0.88225,0.88542,10762,78.05,78.078,78.023,78.038,3541,34.423,34.434,34.224,34.283,73,1758.939,1760.057,1754.549,1755.22,60
2011-10-07,08:30:00,0.2,0.2,-0.2,Average Hourly Earnings.xlsx,,,,,,,,,,,,,,,,1.3446,1.34505,1.34277,1.34301,12727,1.55505,1.55523,1.55071,1.55173,11592,,,,,,,,,,,,,,,,1.03846,1.04023,1.03807,1.0402,4797,0.91972,0.92115,0.91944,0.92088,7403,76.647,76.675,76.637,76.66,2832,32.078,32.099,31.659,31.744,74,1659.045,1660.523,1651.082,1652.624,60
2011-09-02,08:30:00,-0.1,0.2,0.5,Average Hourly Earnings.xlsx,,,,,,,,,,,,,,,,1.42326,1.42523,1.42284,1.42382,13649,1.61987,1.62052,1.61807,1.6192,8315,,,,,,,,,,,,,,,,0.97731,0.9784,0.97727,0.97803,4053,0.78615,0.78752,0.7808,0.78105,8287,76.826,76.852,76.779,76.804,4502,42.231,42.39,42.098,42.217,66,1852.388,1852.394,1846.916,1849.96,60
2011-08-05,08:30:00,0.4,0.2,0.0,Average Hourly Earnings.xlsx,,,,,,,,,,,,,,,,1.41609,1.41632,1.41259,1.41441,19164,1.62838,1.62904,1.62585,1.62903,11111,,,,,,,,,,,,,,,,0.97775,0.98123,0.97771,0.9788,7565,0.76838,0.76925,0.76619,0.76923,7181,78.54,78.551,78.416,78.505,5918,39.235,39.813,39.226,39.657,98,1655.373,1670.193,1655.114,1667.03,60
2011-07-08,08:30:00,0.0,0.2,0.3,Average Hourly Earnings.xlsx,,,,,,,,,,,,,,,,1.4318,1.43236,1.4302,1.4302,12114,1.59677,1.59854,1.59609,1.59609,7411,,,,,,,,,,,,,,,,0.95829,0.95864,0.95781,0.95861,3981,0.84681,0.85017,0.84646,0.84913,6903,81.322,81.371,81.314,81.349,4190,36.147,36.234,36.093,36.175,65,1527.25,1527.928,1526.535,1527.08,60
2011-06-03,08:30:00,0.3,0.2,0.1,Average Hourly Earnings.xlsx,,,,,,,,,,,,,,,,1.44799,1.44978,1.44719,1.44919,10422,1.63426,1.63459,1.63139,1.63271,8558,,,,,,,,,,,,,,,,0.97783,0.97834,0.97696,0.97757,4323,0.84266,0.8431,0.84178,0.84213,4741,80.638,80.71,80.559,80.57,7855,35.569,36.067,35.437,35.924,63,1531.265,1534.449,1530.323,1533.393,60
2011-05-06,08:30:00,0.1,0.2,0.2,Average Hourly Earnings.xlsx,,,,,,,,,,,,,,,,1.45327,1.45409,1.45082,1.45215,16143,1.6371,1.63968,1.6355,1.63765,13729,,,,,,,,,,,,,,,,0.96873,0.9702,0.96714,0.96747,7112,0.87155,0.87347,0.8713,0.87232,9580,80.428,80.452,80.27,80.293,10848,34.543,35.163,34.481,35.092,1226,1480.11,1484.547,1476.672,1484.469,60
2011-04-01,08:30:00,0.0,0.2,0.0,Average Hourly Earnings.xlsx,,,,,,,,,,,,,,,,1.41548,1.41671,1.41481,1.4166,7958,1.60689,1.60757,1.60224,1.60348,10499,,,,,,,,,,,,,,,,0.96873,0.96939,0.96819,0.9682,3262,0.92278,0.92299,0.92139,0.92174,7091,83.665,83.714,83.622,83.68,7643,37.654,37.734,37.593,37.673,60,1433.88,1435.645,1432.972,1435.013,60
2011-03-04,09:30:00,0.0,0.2,0.4,Average Hourly Earnings.xlsx,,,,,,,,,,,,,,,,1.39574,1.39659,1.39554,1.39591,5574,1.62392,1.6247,1.62349,1.62394,7118,,,,,,,,,,,,,,,,0.97356,0.97379,0.9733,0.97355,1997,0.92978,0.93033,0.92965,0.93021,5436,82.447,82.517,82.44,82.51,2639,,,,,,1419.522,1419.972,1418.71,1419.822,60
2011-02-04,09:30:00,0.4,0.2,0.1,Average Hourly Earnings.xlsx,,,,,,,,,,,,,,,,1.36324,1.36421,1.36293,1.363,7561,1.61538,1.61613,1.6125,1.61288,7685,,,,,,,,,,,,,,,,0.98945,0.99079,0.98912,0.98973,2628,0.94654,0.9473,0.94603,0.94697,11585,81.583,81.617,81.559,81.594,5107,,,,,,1348.88,1349.48,1348.38,1348.58,60
2011-01-07,09:30:00,0.1,0.1,0.0,Average Hourly Earnings.xlsx,,,,,,,,,,,,,,,,1.29805,1.2994,1.2973,1.2988,8110,1.54369,1.54631,1.54332,1.54554,6531,,,,,,,,,,,,,,,,0.99939,1.00021,0.99913,1.00006,2415,0.96341,0.96425,0.96303,0.96339,6314,83.512,83.56,83.477,83.518,3573,,,,,,1362.942,1363.05,1356.75,1359.0,60
2010-12-03,09:30:00,0.0,0.1,0.3,Average Hourly Earnings.xlsx,,,,,,,,,,,,,,,,1.32307,1.3251,1.32189,1.32444,10401,1.56364,1.56628,1.56338,1.56555,8809,,,,,,,,,,,,,,,,1.00358,1.00406,1.00203,1.00208,3825,0.99034,0.99134,0.98947,0.99071,6024,83.676,83.686,83.55,83.579,2847,,,,,,1391.141,1392.946,1391.078,1392.012,60
2010-11-05,08:30:00,0.2,0.1,0.1,Average Hourly Earnings.xlsx,,,,,,,,,,,,,,,,1.41868,1.42289,1.41766,1.41946,4724,1.6191,1.62186,1.61806,1.62059,5904,,,,,,,,,,,,,,,,1.003,1.00357,1.00201,1.00269,3390,0.95869,0.9593,0.9569,0.95733,3660,80.795,80.821,80.619,80.674,4787,,,,,,1384.338,1388.216,1383.092,1386.824,60
2010-10-08,08:30:00,0.0,0.1,0.3,Average Hourly Earnings.xlsx,,,,,,,,,,,,,,,,1.39201,1.3928,1.38874,1.39071,4165,1.58315,1.58625,1.5825,1.5859,16593,,,,,,,,,,,,,,,,1.0171,1.01775,1.0162,1.0162,10040,0.96725,0.9679,0.96675,0.96675,15623,82.395,82.4,82.265,82.36,14893,,,,,,1334.046,1334.364,1331.624,1332.726,60
2010-09-03,08:30:00,0.3,0.1,0.2,Average Hourly Earnings.xlsx,,,,,,,,,,,,,,,,1.28288,1.2833,1.28133,1.28314,4285,1.5436,1.54505,1.5391,1.5401,17176,,,,,,,,,,,,,,,,1.0536,1.0558,1.05355,1.05425,5541,1.01355,1.01565,1.0134,1.01435,9883,84.29,84.395,84.26,84.36,10365,,,,,,1251.631,1252.399,1251.041,1251.853,60
2010-08-06,08:30:00,0.2,0.1,0.0,Average Hourly Earnings.xlsx,,,,,,,,,,,,,,,,1.31955,1.31991,1.31762,1.31872,4527,1.5913,1.59175,1.585,1.585,12201,,,,,,,,,,,,,,,,1.0155,1.0171,1.01535,1.01665,3888,1.0486,1.04875,1.04575,1.04695,10509,86.095,86.14,86.04,86.07,15810,,,,,,1197.612,1197.961,1195.215,1195.707,60
2010-07-02,08:30:00,-0.1,0.1,0.2,Average Hourly Earnings.xlsx,,,,,,,,,,,,,,,,1.24966,1.25097,1.24855,1.25022,4708,1.51705,1.5206,1.5154,1.5206,9005,,,,,,,,,,,,,,,,1.0601,1.0617,1.0592,1.0593,5604,1.0641,1.0697,1.0641,1.0683,12150,87.925,88.035,87.91,87.925,15172,,,,,,1211.28,1211.584,1208.674,1210.267,60
2010-06-04,08:30:00,0.3,0.1,0.1,Average Hourly Earnings.xlsx,,,,,,,,,,,,,,,,1.21901,1.2214,1.21854,1.22039,4180,1.4646,1.4681,1.4627,1.4669,21076,,,,,,,,,,,,,,,,1.039,1.03945,1.0369,1.0375,6477,1.15385,1.15525,1.1519,1.15275,26422,92.715,92.825,92.685,92.77,20681,,,,,,1205.836,1205.896,1202.974,1205.125,60
2010-05-07,08:30:00,0.0,0.2,-0.1,Average Hourly Earnings.xlsx,,,,,,,,,,,,,,,,1.27145,1.27724,1.27061,1.27227,4786,1.4718,1.4739,1.46205,1.46305,11310,,,,,,,,,,,,,,,,1.05485,1.05525,1.04955,1.0534,12301,1.1138,1.1148,1.1094,1.1142,34693,92.075,92.29,92.035,92.085,19921,,,,,,1201.712,1202.146,1195.661,1197.339,60
2010-04-02,08:30:00,-0.1,0.2,0.2,Average Hourly Earnings.xlsx,,,,,,,,,,,,,,,,1.355,1.3557,1.35435,1.35496,4748,1.52555,1.52665,1.52515,1.52555,5231,,,,,,,,,,,,,,,,1.01185,1.01205,1.01097,1.0117,8453,1.05675,1.05725,1.05645,1.0572,3648,93.935,93.94,93.815,93.895,6403,,,,,,1118.65,1120.377,1117.96,1118.593,58
2010-03-05,09:30:00,0.1,0.2,0.3,Average Hourly Earnings.xlsx,,,,,,,,,,,,,,,,1.35932,1.36062,1.35856,1.35895,4810,1.5034,1.5055,1.5031,1.5035,9652,,,,,,,,,,,,,,,,1.0324,1.03305,1.0319,1.03225,3818,1.076,1.0765,1.07505,1.07635,15984,89.265,89.31,89.2,89.23,15925,,,,,,1134.264,1135.849,1133.461,1135.222,60
2010-02-05,09:30:00,0.3,0.2,0.2,Average Hourly Earnings.xlsx,,,,,,,,,,,,,,,,1.3691,1.37034,1.36692,1.3674,3968,1.5689,1.57135,1.56705,1.5709,11174,,,,,,,,,,,,,,,,1.07455,1.0758,1.073,1.0758,5912,1.07345,1.0752,1.0716,1.0748,22037,89.66,89.685,89.43,89.435,28708,,,,,,1053.341,1056.712,1052.053,1052.987,60
2010-01-08,09:30:00,0.2,0.2,0.2,Average Hourly Earnings.xlsx,,,,,,,,,,,,,,,,1.43287,1.43336,1.43154,1.43219,4119,1.6017,1.6037,1.60135,1.60315,14821,,,,,,,,,,,,,,,,1.03315,1.0342,1.0328,1.03315,3974,1.0335,1.03455,1.03325,1.0345,23179,93.1,93.13,92.835,93.12,31993,,,,,,1124.534,1125.308,1123.286,1123.67,60
2009-12-04,09:30:00,0.1,0.2,0.3,Average Hourly Earnings.xlsx,,,,,,,,,,,,,,,,1.50666,1.50749,1.50559,1.50675,4020,1.6629,1.66405,1.66035,1.6615,14995,,,,,,,,,,,,,,,,1.05485,1.0556,1.0543,1.0547,3944,1.00015,1.0008,0.999,0.9996,17777,88.11,88.19,88.095,88.18,31307,,,,,,1204.179,1206.747,1202.83,1205.729,60
2009-11-06,09:30:00,0.3,0.1,0.1,Average Hourly Earnings.xlsx,,,,,,,,,,,,,,,,1.48935,1.49008,1.48843,1.48984,4973,1.66195,1.6635,1.65955,1.6609,14006,,,,,,,,,,,,,,,,1.06125,1.06225,1.0612,1.0615,11022,1.01495,1.0155,1.01465,1.0148,22563,90.57,90.58,90.47,90.52,19615,,,,,,1093.577,1095.656,1093.051,1094.173,60
2009-10-02,08:30:00,0.1,0.2,0.4,Average Hourly Earnings.xlsx,,,,,,,,,,,,,,,,1.45404,1.4563,1.45276,1.45507,4252,1.5883,1.5917,1.5876,1.59035,20914,,,,,,,,,,,,,,,,1.0881,1.08935,1.0874,1.08825,5790,1.04055,1.0411,1.03855,1.03935,21467,89.37,89.42,89.3,89.37,29645,,,,,,997.92,998.945,996.538,997.533,60
2009-09-04,08:30:00,0.3,0.1,0.3,Average Hourly Earnings.xlsx,,,,,,,,,,,,,,,,1.42706,1.42895,1.42633,1.42796,4670,1.6346,1.6363,1.63365,1.6359,15186,,,,,,,,,,,,,,,,1.1007,1.1009,1.0972,1.0976,6040,1.0621,1.0625,1.0608,1.06125,11535,92.87,92.87,92.725,92.795,17950,,,,,,986.704,988.907,985.93,988.881,60
2009-08-07,08:30:00,0.2,0.1,0.0,Average Hourly Earnings.xlsx,,,,,,,,,,,,,,,,1.43557,1.4378,1.43493,1.43596,4928,,,,,,,,,,,,,,,,,,,,,,,,,,,,,,,,,,,,,,,,,960.264,961.856,959.316,959.756,60
2009-07-02,08:30:00,0.0,0.2,0.2,Average Hourly Earnings.xlsx,,,,,,,,,,,,,,,,,,,,,,,,,,,,,,,,,,,,,,,,,,,,,,,,,,,,,,,,,,,,,937.865,938.09,935.233,936.63,60
2009-06-05,08:30:00,0.1,0.1,0.1,Average Hourly Earnings.xlsx,,,,,,,,,,,,,,,,,,,,,,,,,,,,,,,,,,,,,,,,,,,,,,,,,,,,,,,,,,,,,979.168,979.812,978.286,979.148,59
2009-05-08,08:30:00,0.1,0.2,0.2,Average Hourly Earnings.xlsx,,,,,,,,,,,,,,,,,,,,,,,,,,,,,,,,,,,,,,,,,,,,,,,,,,,,,,,,,,,,,913.226,913.909,912.399,913.249,60
2009-04-03,08:30:00,0.2,0.2,0.2,Average Hourly Earnings.xlsx,,,,,,,,,,,,,,,,,,,,,,,,,,,,,,,,,,,,,,,,,,,,,,,,,,,,,,,,,,,,,907.716,908.245,903.3,903.675,60
2009-03-06,09:30:00,0.2,0.3,0.3,Average Hourly Earnings.xlsx,,,,,,,,,,,,,,,,,,,,,,,,,,,,,,,,,,,,,,,,,,,,,,,,,,,,,,,,,,,,,941.782,941.782,938.313,938.968,60
2009-02-06,09:30:00,0.3,0.2,0.3,Average Hourly Earnings.xlsx,,,,,,,,,,,,,,,,,,,,,,,,,,,,,,,,,,,,,,,,,,,,,,,,,,,,,,,,,,,,,910.367,913.708,909.823,911.201,60
2009-01-09,09:30:00,0.3,0.2,0.4,Average Hourly Earnings.xlsx,,,,,,,,,,,,,,,,,,,,,,,,,,,,,,,,,,,,,,,,,,,,,,,,,,,,,,,,,,,,,853.004,854.001,851.915,852.977,60
2025-08-15,08:30:00,0.5,0.6,0.9,Core Retail Sales.xlsx,66.435,66.48,66.135,66.145,60,119030.1,119232.2,118936.0,118942.4,2,4639.5,4666.3,4633.5,4641.6,2,,,,,,1.35549,1.35577,1.35463,1.35463,1923,45262.439,45271.415,45205.915,45210.415,60,6483.378,6485.878,6472.392,6472.875,60,23847.998,23861.364,23785.943,23791.031,60,1.37929,1.37997,1.3791,1.37969,3918,0.80525,0.80584,0.80492,0.80513,6431,147.006,147.014,146.852,146.857,4884,38.031,38.055,37.942,37.943,93,3346.075,3348.148,3338.155,3341.125,60
2025-07-17,08:30:00,0.6,0.1,-0.9,Core Retail Sales.xlsx,68.37,68.71,68.295,68.475,60,118353.8,118459.4,118128.7,118353.9,2,3447.2,3449.0,3424.7,3446.7,2,1.15905,1.16052,1.15895,1.1601,3910,1.3383,1.34104,1.33802,1.34103,3921,44187.003,44211.063,44161.551,44188.515,60,6264.345,6267.834,6262.069,6266.081,60,22941.464,22947.597,22917.965,22932.997,60,1.37433,1.37474,1.37387,1.37426,3189,0.80406,0.80419,0.80289,0.80331,3880,148.72,148.784,148.582,148.583,12260,37.783,37.835,37.745,37.756,125,3325.665,3331.895,3325.365,3328.605,60
2025-06-17,08:30:00,-0.9,-0.5,-0.1,Core Retail Sales.xlsx,74.145,74.355,73.683,74.215,60,106752.9,106843.6,106489.4,106566.9,2,2580.4,2583.4,2565.7,2569.4,2,1.15578,1.15597,1.15499,1.15516,4778,1.3565,1.35664,1.35477,1.35478,3671,42232.539,42314.039,42220.027,42283.063,60,5996.372,6008.625,5992.645,6004.119,60,21801.399,21845.789,21786.264,21826.875,60,1.35692,1.35718,1.35626,1.35688,4653,0.81256,0.81287,0.81212,0.81282,4730,144.528,144.902,144.468,144.902,8529,36.454,36.481,36.377,36.415,125,3387.645,3388.465,3377.365,3378.645,60
2025-05-15,08:30:00,0.1,0.0,1.7,Core Retail Sales.xlsx,64.175,64.335,63.505,63.605,60,101783.9,102325.1,101757.8,102274.9,2,2528.7,2564.3,2526.7,2563.1,2,1.1197,1.12112,1.11922,1.12096,7411,1.32672,1.32952,1.3263,1.32898,4130,41765.999,41885.703,41765.999,41851.727,60,5858.501,5863.631,5847.616,5850.929,60,21188.897,21206.798,21115.831,21132.231,60,1.39837,1.39882,1.39779,1.39824,3504,0.83793,0.83832,0.83589,0.83658,8370,145.887,145.992,145.639,145.748,10601,31.783,31.931,31.727,31.897,99,3141.985,3163.935,3138.715,3162.225,60
2025-04-16,08:30:00,1.4,1.3,0.2,Core Retail Sales.xlsx,64.26,65.535,64.138,65.175,60,83334.4,84080.0,83123.8,83720.8,2,1561.3,1580.3,1554.3,1572.7,2,1.1387,1.1388,1.13379,1.13694,23040,1.32835,1.32907,1.32665,1.32885,9560,40010.799,40507.299,39997.527,40273.599,60,5312.613,5391.504,5309.369,5356.245,60,18388.51,18723.932,18379.542,18575.454,60,1.39116,1.39199,1.39038,1.39125,12379,0.81365,0.82006,0.81334,0.8171,15762,142.098,142.95,142.066,142.62,28083,32.833,33.101,32.754,32.907,219,3300.235,3317.575,3288.075,3306.856,60
2025-03-17,08:30:00,0.2,0.6,-1.2,Core Retail Sales.xlsx,71.11,71.205,70.935,71.125,60,83522.3,83647.1,83163.3,83505.1,2,1897.5,1901.8,1889.7,1900.5,2,1.08762,1.08867,1.08703,1.08835,20051,1.29356,1.29459,1.293,1.29417,5011,41293.803,41300.363,41216.815,41266.387,60,5606.379,5611.831,5600.075,5610.198,60,19574.775,19610.919,19559.309,19603.309,60,1.43625,1.43702,1.43604,1.43622,7977,0.88389,0.88408,0.88336,0.88337,5308,148.833,148.979,148.682,148.924,14762,33.718,33.773,33.638,33.736,76,2985.319,2988.285,2982.935,2988.285,60
2025-02-14,09:30:00,-0.9,-0.2,0.7,Core Retail Sales.xlsx,75.385,75.495,75.185,75.27,59,96857.5,97138.2,96811.6,97075.9,2,2702.8,2711.6,2701.2,2710.8,2,1.04765,1.04875,1.04757,1.04809,7273,1.25842,1.25957,1.25822,1.25872,7013,44664.799,44683.787,44613.703,44623.263,60,6115.684,6120.934,6113.919,6115.169,60,22032.954,22060.843,22022.72,22040.121,60,1.4168,1.41718,1.41588,1.4167,7141,0.90326,0.90326,0.90113,0.9018,6664,152.745,152.837,152.499,152.511,11018,33.187,33.286,33.16,33.262,77,2934.925,2938.685,2933.895,2934.985,60
2025-01-16,09:30:00,0.4,0.6,0.8,Core Retail Sales.xlsx,81.862,81.972,81.697,81.902,60,98905.8,99260.7,98593.1,99091.4,2,3312.2,3333.6,3296.8,3332.0,2,1.0296,1.02988,1.02816,1.0286,13702,1.22051,1.22121,1.21893,1.21971,6383,43207.697,43252.485,43197.697,43233.497,60,5967.368,5970.083,5956.742,5961.693,60,21369.876,21380.062,21287.621,21307.576,60,1.43723,1.43739,1.43653,1.43712,7537,0.91092,0.91145,0.9105,0.91108,5591,155.896,155.932,155.609,155.68,15189,30.79,30.909,30.751,30.825,76,2698.819,2706.075,2697.318,2705.215,60
2024-12-17,09:30:00,0.7,0.6,0.5,Core Retail Sales.xlsx,73.323,73.583,73.203,73.493,60,107366.9,107434.5,107087.6,107262.5,2,4007.7,4027.6,4000.7,4023.2,2,1.0489,1.0489,1.04804,1.04852,13591,1.2692,1.26952,1.26844,1.26867,5523,43554.063,43598.299,43554.063,43592.539,60,6054.459,6060.207,6053.966,6059.912,60,22024.864,22075.298,22020.21,22069.109,60,1.42799,1.42829,1.42763,1.42774,6321,0.89646,0.89739,0.89645,0.89735,4888,153.855,153.91,153.71,153.791,26201,30.25,30.318,30.199,30.271,112,2644.065,2645.955,2637.955,2639.435,60
2024-11-15,09:30:00,0.4,0.3,0.8,Core Retail Sales.xlsx,71.698,71.843,71.403,71.748,60,88074.7,89334.2,88005.0,89176.7,2,3068.4,3112.7,3067.0,3094.6,5,1.05697,1.05799,1.05605,1.05621,14344,1.26625,1.26748,1.26484,1.26519,7376,43579.727,43592.751,43549.203,43550.499,60,5917.161,5917.477,5911.432,5912.917,60,20729.11,20731.975,20703.564,20714.964,60,1.40474,1.40503,1.4039,1.4049,5479,0.88702,0.88835,0.88691,0.88832,5992,155.517,155.729,155.262,155.365,37918,30.423,30.478,30.321,30.328,246,2566.695,2568.835,2563.775,2563.815,60
2024-10-17,08:30:00,0.4,0.3,0.1,Core Retail Sales.xlsx,73.998,74.543,73.983,74.313,60,67265.2,67433.6,67149.5,67418.2,2,2626.7,2628.3,2613.2,2624.6,2,1.08545,1.08566,1.0849,1.08517,13077,1.29838,1.29959,1.29747,1.29776,4791,43089.299,43098.539,43044.515,43095.075,60,5852.633,5863.509,5852.0,5863.004,60,20274.265,20321.508,20264.475,20318.519,60,1.37827,1.37849,1.37799,1.37809,4422,0.86523,0.86539,0.86486,0.8651,2696,149.772,149.869,149.733,149.835,15152,31.55,31.641,31.51,31.61,112,2681.865,2683.735,2679.828,2681.654,60
2024-09-17,08:30:00,0.1,-0.2,1.1,Core Retail Sales.xlsx,72.547,72.867,72.497,72.847,60,58660.4,58815.9,58604.6,58752.0,2,2306.9,2313.2,2303.7,2307.3,2,1.11361,1.11461,1.11329,1.11445,11578,1.32168,1.32295,1.32084,1.32277,3665,41663.027,41697.039,41659.299,41690.063,60,5643.023,5647.692,5643.02,5646.456,60,19485.908,19503.419,19480.564,19493.619,60,1.35843,1.35873,1.35816,1.35833,5645,0.84318,0.84357,0.84305,0.84322,4527,140.598,140.695,140.438,140.57,22005,30.744,30.781,30.693,30.779,105,2583.714,2584.084,2577.525,2580.025,60
2024-08-15,08:30:00,1.0,0.4,-0.2,Core Retail Sales.xlsx,80.188,80.223,79.833,80.008,60,58028.2,58349.0,57936.2,58335.7,2,2612.6,2619.4,2603.4,2619.1,3,1.10132,1.10135,1.10052,1.10061,7806,1.28502,1.28513,1.28409,1.28436,2896,40103.039,40113.799,40064.015,40077.051,60,5465.897,5466.346,5453.17,5457.674,60,19097.653,19099.876,19025.342,19053.675,60,1.37033,1.37101,1.37019,1.37089,1992,0.86563,0.86633,0.86562,0.86613,3275,147.212,147.392,147.202,147.333,11342,28.051,28.065,27.975,28.038,63,2455.665,2457.095,2453.485,2455.358,60
2024-07-16,08:30:00,0.0,-0.3,0.3,Core Retail Sales.xlsx,84.253,84.253,84.033,84.133,60,62905.3,63089.4,62388.6,62806.2,2,3375.1,3388.2,3345.1,3372.8,4,1.08992,1.09027,1.08939,1.09002,14914,1.29685,1.29711,1.29551,1.29631,5281,40194.299,40245.027,40161.515,40235.299,60,5629.487,5634.777,5621.831,5633.721,60,20378.597,20402.799,20338.597,20399.142,60,1.36879,1.36918,1.36834,1.36842,5059,0.89502,0.89552,0.89479,0.89521,2790,158.496,158.59,158.445,158.468,18572,30.791,30.806,30.66,30.744,81,2436.875,2438.408,2433.488,2436.475,60
2024-06-18,08:30:00,0.1,0.3,-0.2,Core Retail Sales.xlsx,84.073,84.148,83.643,83.913,60,65637.2,65728.1,65558.9,65713.0,2,3441.7,3449.5,3438.4,3446.0,3,1.07232,1.07246,1.07149,1.07192,10556,1.26789,1.26835,1.26726,1.268,3727,38760.527,38777.299,38725.563,38758.039,60,5471.709,5475.957,5469.75,5473.69,60,19916.498,19944.454,19915.732,19936.721,60,1.37451,1.37562,1.3745,1.37514,3023,0.88894,0.88923,0.8886,0.88886,4272,158.13,158.229,158.07,158.149,16527,29.217,29.218,29.075,29.128,79,2315.364,2315.364,2310.675,2311.188,60
2024-05-15,08:30:00,0.0,0.4,0.6,Core Retail Sales.xlsx,82.743,82.903,82.627,82.848,60,62153.7,62231.1,62021.7,62110.0,2,2914.0,2916.1,2901.0,2902.7,2,1.08258,1.08345,1.08245,1.08297,4307,1.2594,1.26138,1.25939,1.26124,3770,39560.115,39572.399,39543.103,39570.139,60,5244.842,5248.349,5244.34,5248.102,59,18304.775,18318.899,18300.264,18318.054,60,1.36341,1.36347,1.36243,1.36253,3161,0.90533,0.90543,0.90443,0.90495,2433,156.098,156.121,155.573,155.649,22827,28.641,28.905,28.638,28.895,136,2362.315,2374.175,2362.255,2373.085,60
2024-04-15,08:30:00,0.7,0.4,0.9,Core Retail Sales.xlsx,89.248,89.643,89.193,89.543,60,66264.8,66446.5,66057.2,66262.3,2,3242.8,3264.9,3235.3,3249.1,7,1.0658,1.06618,1.06537,1.06562,10348,1.24756,1.24872,1.24755,1.24814,4777,38163.515,38178.075,38096.015,38097.051,60,5152.364,5154.132,5147.74,5148.873,60,18108.731,18117.11,18095.397,18106.699,60,1.3747,1.37478,1.37335,1.37379,6536,0.9128,0.91313,0.91211,0.91284,5240,153.905,153.951,153.695,153.868,21681,28.373,28.415,28.183,28.312,91,2353.015,2355.935,2344.615,2351.535,60
2024-03-14,08:30:00,0.6,0.8,-1.1,Core Retail Sales.xlsx,84.318,84.653,84.123,84.613,60,73225.1,73553.0,73213.9,73305.9,2,3962.2,3980.6,3961.0,3977.5,3,1.09352,1.09439,1.09351,1.09378,13101,1.28027,1.28165,1.28021,1.2807,3494,39139.939,39181.427,39130.199,39175.427,60,5177.79,5184.227,5177.411,5183.167,60,18143.796,18173.842,18140.853,18162.231,60,1.34711,1.34747,1.3467,1.34712,2947,0.87997,0.88021,0.87926,0.87991,3042,147.865,147.916,147.766,147.863,24968,24.942,24.993,24.916,24.976,65,2168.545,2169.975,2168.045,2169.465,60
2024-02-15,09:30:00,-0.8,-0.2,0.4,Core Retail Sales.xlsx,81.453,81.693,81.163,81.178,60,51943.0,52249.8,51861.2,52139.5,2,2779.8,2792.8,2778.4,2789.0,2,1.07308,1.07368,1.07279,1.0733,12976,1.25519,1.25581,1.25448,1.25541,3965,38491.039,38492.799,38467.575,38488.027,60,5013.614,5013.614,5008.367,5010.12,60,17850.898,17851.209,17813.021,17822.354,60,1.35326,1.35424,1.35324,1.35366,3087,0.88294,0.88343,0.88248,0.88318,4791,150.031,150.106,149.921,150.025,10689,22.548,22.565,22.492,22.546,61,1995.068,1996.695,1993.775,1996.305,60
2024-01-17,09:30:00,0.6,0.4,0.3,Core Retail Sales.xlsx,77.073,77.383,76.533,76.673,60,42682.4,42782.1,42631.2,42631.2,2,2542.8,2548.1,2538.7,2540.3,4,1.08668,1.08786,1.08609,1.08766,17489,1.26515,1.26834,1.26434,1.26803,5935,37223.015,37239.087,37190.015,37225.063,60,4741.266,4746.002,4736.557,4745.244,60,16701.898,16737.797,16682.175,16735.532,60,1.35261,1.35302,1.3517,1.35176,4366,0.86274,0.86343,0.86177,0.86189,5555,147.878,147.925,147.642,147.723,31146,22.68,22.799,22.639,22.79,64,2021.325,2024.165,2018.915,2023.745,60
2023-12-14,09:30:00,0.3,-0.1,-0.2,Core Retail Sales.xlsx,75.163,75.733,75.108,75.643,60,42739.3,42888.6,42651.9,42864.1,2,2271.7,2285.7,2268.7,2282.7,2,1.09017,1.0913,1.09,1.09039,25496,1.26388,1.26706,1.26367,1.26674,8269,37214.579,37215.009,37154.059,37172.999,60,4721.161,4721.414,4713.911,4716.679,60,16629.889,16629.899,16601.079,16611.719,60,1.34645,1.34681,1.34496,1.34522,8744,0.86912,0.87177,0.86884,0.87097,19823,141.859,141.976,141.397,141.479,50201,24.025,24.094,23.963,24.065,69,2036.425,2038.725,2034.665,2036.555,60
2023-11-15,09:30:00,-0.1,-0.3,0.9,Core Retail Sales.xlsx,82.403,82.423,81.722,82.123,60,35757.9,35912.7,35714.7,35752.4,2,1988.2,1993.8,1983.4,1984.0,2,1.08704,1.08705,1.08439,1.08521,19723,1.2464,1.24663,1.24531,1.24624,5672,34939.237,34945.799,34874.769,34886.759,60,4512.473,4513.213,4503.031,4504.796,60,15888.387,15888.409,15853.819,15860.529,60,1.36857,1.37038,1.36855,1.36968,3806,0.88785,0.88931,0.88782,0.88911,3870,150.488,150.535,150.331,150.396,20602,23.278,23.324,23.258,23.314,60,1971.405,1972.115,1969.925,1971.328,60
2023-10-17,08:30:00,0.7,0.3,0.8,Core Retail Sales.xlsx,89.838,90.053,89.383,89.753,60,28396.6,28486.1,28330.2,28415.1,2,1588.1,1590.9,1582.5,1586.6,2,1.05485,1.05487,1.05328,1.05358,12482,1.21757,1.21757,1.21492,1.21545,5416,33980.017,33983.067,33876.999,33885.299,60,4370.97,4371.951,4357.853,4359.551,60,15168.317,15171.769,15114.559,15124.599,60,1.36259,1.36441,1.36217,1.36423,4930,0.90186,0.90302,0.90147,0.90259,3849,149.599,149.688,149.584,149.667,13013,22.576,22.622,22.546,22.602,62,1919.955,1920.465,1918.545,1919.185,60
2023-09-14,08:30:00,0.6,0.2,0.5,Core Retail Sales.xlsx,92.588,92.703,92.473,92.513,60,26306.6,26322.9,26243.3,26266.5,2,1618.6,1619.8,1614.7,1616.9,2,1.07336,1.074,1.07321,1.07338,11509,1.24854,1.24931,1.24821,1.24865,4671,34615.077,34632.067,34585.539,34620.069,60,4475.601,4478.846,4470.697,4477.123,60,15398.279,15405.799,15364.519,15395.549,60,1.35377,1.35401,1.35279,1.35301,3459,0.89357,0.89385,0.89315,0.8934,4051,147.277,147.358,147.246,147.29,18317,22.491,22.573,22.475,22.573,62,1905.785,1907.245,1905.425,1907.235,60
2023-08-15,08:30:00,0.7,0.4,0.3,Core Retail Sales.xlsx,85.903,86.373,85.763,86.163,60,29331.2,29373.9,29321.0,29350.3,2,1838.7,1839.9,1837.5,1838.0,2,1.09233,1.09343,1.09178,1.09277,21524,1.2692,1.27124,1.26846,1.27116,6861,35119.059,35172.589,35094.559,35163.299,60,4469.33,4475.177,4464.622,4473.879,60,15136.487,15162.489,15118.299,15159.259,60,1.34913,1.34945,1.34783,1.34832,9681,0.87724,0.8775,0.87529,0.87585,6753,145.798,145.864,145.575,145.644,29045,22.499,22.531,22.457,22.521,60,1904.845,1905.055,1902.855,1904.175,60
2023-07-18,08:30:00,0.2,0.5,0.5,Core Retail Sales.xlsx,78.393,78.693,78.253,78.568,60,29958.1,30082.4,29871.6,29998.5,2,1896.5,1904.8,1892.3,1899.1,2,1.12538,1.12559,1.12279,1.1237,23401,1.30892,1.30915,1.30723,1.30783,6681,34588.049,34606.799,34563.519,34575.039,60,4521.231,4523.977,4518.041,4519.786,60,15696.549,15708.919,15683.109,15689.209,60,1.3205,1.32129,1.31963,1.32123,3887,0.85751,0.85968,0.8575,0.8592,7530,138.226,138.333,138.088,138.264,30551,24.873,24.93,24.864,24.911,65,1961.415,1962.925,1960.395,1961.585,60
2023-06-15,08:30:00,0.3,-0.1,0.4,Core Retail Sales.xlsx,73.513,73.823,73.223,73.238,60,24891.2,24983.7,24835.1,24866.4,2,1633.7,1638.0,1632.1,1632.3,2,1.08267,1.08373,1.08244,1.08327,11839,1.26545,1.2672,1.26519,1.26607,4184,33916.577,33949.299,33914.009,33933.499,60,4367.114,4368.87,4359.861,4360.99,60,14991.177,14995.387,14925.249,14927.629,60,1.33268,1.33289,1.33194,1.33272,2541,0.90369,0.904,0.90247,0.90316,3311,141.272,141.349,141.136,141.267,24110,23.324,23.364,23.304,23.334,62,1933.395,1934.485,1930.638,1931.575,60
2023-05-16,08:30:00,0.4,0.8,-0.7,Core Retail Sales.xlsx,75.403,75.798,75.248,75.288,60,27222.9,27253.9,27141.7,27171.6,2,1820.4,1825.1,1816.2,1817.7,2,1.08884,1.08978,1.08877,1.0891,17073,1.25139,1.25324,1.25137,1.25218,5277,33312.569,33335.579,33297.009,33316.059,60,4135.479,4136.476,4132.001,4133.741,60,13428.599,13430.569,13411.439,13416.499,60,1.34598,1.34612,1.34492,1.34553,3398,0.89289,0.89305,0.89223,0.89278,2917,135.791,135.865,135.718,135.845,21701,23.879,23.91,23.866,23.888,60,2009.984,2010.224,2008.794,2010.054,60
2023-04-14,08:30:00,-1.0,-0.4,-0.2,Core Retail Sales.xlsx,85.728,86.133,85.603,86.003,60,30728.4,30776.7,30635.7,30710.5,2,2105.2,2111.0,2101.1,2107.3,2,1.10653,1.1066,1.10539,1.1059,15804,1.25262,1.25277,1.2502,1.25035,7114,33952.087,33958.599,33912.009,33924.009,60,4144.209,4144.987,4138.251,4139.247,60,13103.047,13106.699,13074.739,13077.129,60,1.3322,1.33321,1.33203,1.33277,5003,0.88738,0.88841,0.88721,0.88818,4435,132.225,132.496,132.168,132.494,26158,25.856,25.871,25.772,25.817,71,2039.065,2039.245,2031.725,2035.598,60
2023-03-15,08:30:00,-0.4,-0.3,3.2,Core Retail Sales.xlsx,78.328,78.703,78.103,78.333,60,24945.4,24997.1,24808.0,24828.5,2,1707.6,1709.5,1697.9,1701.8,2,1.07373,1.07435,1.07266,1.07314,22982,1.21564,1.2164,1.21442,1.21591,9224,32141.297,32154.299,32055.069,32066.537,60,3920.956,3923.571,3910.777,3912.49,60,12200.899,12227.589,12187.309,12189.809,60,1.36868,1.37044,1.36853,1.36934,11187,0.91453,0.91605,0.91415,0.91522,10734,134.872,135.112,134.629,134.666,62098,21.655,21.676,21.521,21.591,97,1896.324,1896.675,1885.565,1887.435,60
2023-02-15,09:30:00,3.0,1.8,-1.1,Core Retail Sales.xlsx,84.257,84.582,84.149,84.527,60,22067.0,22154.0,22059.8,22135.9,2,1543.1,1548.8,1543.1,1547.8,2,1.07242,1.07297,1.07163,1.07256,16547,1.20997,1.21006,1.20804,1.20959,6191,33975.049,34018.599,33973.029,34002.009,60,4119.039,4123.948,4118.789,4121.079,60,12526.349,12544.697,12523.139,12527.539,60,1.33911,1.34019,1.3389,1.33949,8813,0.92409,0.92441,0.92226,0.92232,6351,133.43,133.486,133.247,133.363,29021,21.458,21.533,21.436,21.469,110,1833.645,1837.635,1832.635,1835.545,60
2023-01-18,09:30:00,-1.1,-0.8,-1.0,Core Retail Sales.xlsx,86.272,87.397,86.247,87.057,60,21211.0,21243.8,21142.4,21198.4,2,1573.3,1579.1,1569.1,1575.2,4,1.0843,1.08714,1.08368,1.08697,11856,1.23388,1.2363,1.23231,1.23586,10035,33941.057,33944.549,33874.579,33896.069,60,3995.905,3996.901,3990.683,3993.688,60,11566.139,11572.649,11551.309,11562.119,60,1.33689,1.33821,1.33563,1.33575,8790,0.91513,0.91609,0.91285,0.91294,8606,129.66,129.901,129.199,129.389,27361,24.225,24.236,24.124,24.204,135,1912.115,1915.818,1910.165,1914.678,60
2022-12-15,09:30:00,-0.6,-0.1,1.3,Core Retail Sales.xlsx,82.227,82.502,81.937,82.497,60,17593.3,17659.6,17580.7,17657.8,2,1281.2,1285.6,1280.3,1285.6,2,1.06218,1.06228,1.06055,1.06216,29430,1.23158,1.23428,1.22957,1.23387,11303,33732.029,33732.057,33645.569,33700.059,60,3961.331,3961.376,3947.376,3955.343,60,11605.359,11608.299,11563.869,11593.779,60,1.35725,1.35893,1.35699,1.35736,9133,0.9289,0.93041,0.92678,0.92876,10162,136.453,136.785,136.445,136.566,51341,23.104,23.15,23.0,23.042,90,1777.655,1780.845,1774.615,1777.555,60
2022-11-16,09:30:00,1.3,1.0,0.0,Core Retail Sales.xlsx,94.367,94.607,93.677,94.297,60,16734.6,16750.8,16626.5,16690.8,2,1234.1,1236.2,1221.5,1227.4,2,1.04058,1.04253,1.04041,1.04197,38425,1.18836,1.19018,1.18615,1.18952,11717,33648.597,33656.299,33605.299,33644.519,60,3998.785,4001.41,3993.323,3999.328,60,11887.399,11894.069,11865.389,11883.719,60,1.3257,1.32615,1.32296,1.32382,11194,0.94217,0.94261,0.94031,0.9406,11738,139.636,139.694,139.308,139.392,45044,21.751,21.96,21.742,21.95,103,1778.988,1783.368,1778.828,1782.738,60
2022-10-14,08:30:00,0.0,0.2,0.4,Core Retail Sales.xlsx,94.682,94.717,93.737,93.857,60,19605.7,19634.9,19526.1,19579.0,2,1319.1,1322.4,1315.7,1319.2,2,0.97675,0.97675,0.97447,0.97501,44685,1.13054,1.13054,1.12624,1.12743,14680,30110.557,30110.589,29937.509,29952.039,60,3678.468,3678.886,3652.899,3654.901,60,11054.149,11055.117,10952.699,10957.489,60,1.37423,1.3792,1.37422,1.37862,17983,0.99804,1.00084,0.99803,1.00074,11105,147.483,147.742,147.474,147.684,34508,18.958,18.964,18.799,18.81,89,1666.948,1667.065,1660.328,1660.618,60
2022-09-15,08:30:00,0.3,0.2,-0.4,Core Retail Sales.xlsx,94.467,94.607,93.142,94.417,60,20165.8,20187.9,19999.4,20115.1,2,1634.6,1634.6,1595.6,1605.1,4,0.99775,0.99954,0.99739,0.99923,31320,1.15337,1.15354,1.15153,1.15276,7514,31201.087,31227.079,31138.569,31175.089,60,3954.849,3957.699,3944.351,3948.836,60,12161.737,12170.109,12121.339,12135.879,60,1.31599,1.3179,1.3155,1.31573,10997,0.96246,0.96316,0.96049,0.96062,10211,143.564,143.675,143.326,143.427,25005,19.5,19.507,19.379,19.43,61,1689.704,1689.864,1686.158,1687.208,60
2022-08-17,08:30:00,0.0,0.1,0.8,Core Retail Sales.xlsx,92.477,92.572,91.497,92.567,60,23757.3,23832.3,23706.4,23772.9,2,1888.0,1899.7,1877.6,1882.2,4,1.01662,1.01838,1.01515,1.01738,24088,1.20972,1.21195,1.20772,1.21029,6017,34092.557,34097.579,34049.069,34053.579,60,4294.897,4296.054,4287.554,4288.348,59,13578.607,13586.889,13554.059,13560.189,60,1.28685,1.28822,1.2867,1.28764,9700,0.95132,0.95216,0.94937,0.95086,12260,134.793,134.906,134.72,134.809,21951,19.996,20.02,19.93,19.98,91,1773.444,1776.848,1771.884,1775.044,60
2022-07-15,08:30:00,1.0,0.8,-0.1,Core Retail Sales.xlsx,99.057,99.947,98.149,99.822,60,20786.0,20966.0,20681.5,20820.3,2,1208.5,1214.7,1200.0,1202.1,4,1.00282,1.00329,1.00169,1.00309,11369,1.18316,1.18386,1.18175,1.18275,10097,30636.079,30740.589,30598.509,30695.099,60,3791.846,3805.448,3786.142,3799.445,60,11775.019,11821.709,11754.269,11801.989,60,1.31157,1.31263,1.31064,1.31109,9908,0.98061,0.98215,0.98011,0.98023,8118,138.911,138.926,138.751,138.811,8287,18.235,18.321,18.212,18.317,65,1703.394,1704.808,1701.574,1704.385,60
2022-06-15,08:30:00,-0.3,0.2,0.7,Core Retail Sales.xlsx,121.432,121.647,120.442,120.617,60,20646.4,20675.9,20112.3,20178.5,2,1089.4,1089.4,1019.2,1025.0,6,1.04661,1.05077,1.04654,1.04937,29053,1.20318,1.20892,1.20281,1.20881,14629,30520.027,30620.589,30501.799,30546.509,60,3759.797,3772.139,3756.633,3762.199,60,11389.549,11427.389,11373.899,11394.619,60,1.29666,1.29689,1.29444,1.29458,10504,0.99897,0.99909,0.99709,0.99713,14531,134.702,134.785,134.488,134.524,18669,21.338,21.383,21.296,21.372,76,1820.644,1822.858,1817.278,1822.098,60
2022-05-17,08:30:00,0.9,0.9,1.4,Core Retail Sales.xlsx,114.207,115.007,114.112,114.677,60,30323.3,30691.3,30303.9,30495.6,2,2064.7,2091.5,2063.5,2078.4,2,1.04636,1.0492,1.04562,1.04903,18077,1.24236,1.24828,1.24207,1.24757,11034,32428.029,32625.099,32421.059,32548.019,60,4041.24,4073.449,4040.999,4065.399,60,12383.139,12524.589,12383.129,12492.879,60,1.28226,1.28237,1.28067,1.28106,5856,0.99835,0.9985,0.99571,0.9963,8986,129.394,129.558,129.328,129.37,9838,21.59,21.777,21.583,21.745,75,1824.033,1828.963,1823.578,1827.848,60
2022-04-14,08:30:00,0.5,0.6,0.8,Core Retail Sales.xlsx,107.582,108.272,107.492,107.972,60,41232.8,41274.9,41128.1,41134.6,2,3111.0,3119.5,3102.7,3104.5,2,1.09081,1.09123,1.0903,1.0908,8388,1.31312,1.31396,1.31261,1.31351,4003,34573.539,34580.797,34534.529,34572.549,60,4447.237,4449.099,4441.733,4445.754,60,14243.909,14256.707,14218.449,14234.039,60,1.25559,1.25589,1.25412,1.25434,5157,0.93413,0.93501,0.93413,0.93501,5445,125.333,125.424,125.323,125.385,9910,25.704,25.705,25.631,25.632,59,1975.472,1975.898,1971.226,1971.248,60
2022-03-16,08:30:00,0.3,0.4,4.9,Core Retail Sales.xlsx,102.822,103.662,102.154,102.284,60,39539.0,40499.5,39536.3,40276.3,2,2644.2,2682.9,2642.7,2673.1,2,1.09581,1.1005,1.09581,1.09907,16902,1.30389,1.30699,1.30383,1.30582,9406,33755.099,33857.517,33728.999,33810.499,60,4295.546,4309.497,4292.051,4304.436,60,13620.999,13680.389,13605.0,13664.289,60,1.27512,1.27515,1.2719,1.27228,10274,0.94095,0.94103,0.93897,0.94001,11057,118.368,118.372,118.258,118.318,6308,24.858,24.861,24.643,24.771,72,1916.053,1920.808,1911.568,1918.178,60
2022-02-16,09:30:00,3.8,2.0,-2.5,Core Retail Sales.xlsx,94.447,94.551,93.687,93.767,60,44192.1,44257.6,43979.2,44089.8,2,3136.8,3151.0,3125.9,3126.4,2,1.13898,1.13898,1.1371,1.13774,6865,1.3566,1.35737,1.35592,1.35624,4993,35092.099,35139.079,34967.009,34980.079,60,4480.248,4488.099,4466.542,4468.039,60,14641.319,14673.597,14606.569,14610.379,60,1.26814,1.26949,1.26782,1.2682,6733,0.92508,0.92561,0.92416,0.92435,8031,115.723,115.766,115.642,115.656,8133,23.527,23.548,23.47,23.52,82,1856.958,1858.888,1856.078,1858.418,60
2022-01-14,09:30:00,-1.9,-0.1,0.2,Core Retail Sales.xlsx,85.172,85.361,84.952,85.297,60,42472.8,42640.5,42435.6,42520.2,2,3253.6,3271.5,3248.7,3259.9,2,1.14682,1.1469,1.14573,1.14581,5131,1.3733,1.37396,1.37272,1.37341,4280,36153.519,36237.589,36145.799,36202.019,60,4663.242,4675.154,4662.639,4670.154,60,15502.129,15545.999,15493.659,15527.309,60,1.24725,1.24847,1.24702,1.24812,4373,0.90988,0.91098,0.90962,0.91097,5122,113.841,113.929,113.807,113.909,5718,23.147,23.167,23.087,23.107,60,1824.234,1824.488,1821.494,1823.468,60
2021-12-15,09:30:00,0.3,0.8,1.8,Core Retail Sales.xlsx,73.272,73.367,72.922,73.012,60,48529.0,48550.4,48350.6,48452.4,2,3886.8,3888.1,3866.4,3876.2,2,1.12726,1.12771,1.12696,1.12715,3420,1.32733,1.32774,1.32568,1.32597,4008,35582.007,35594.559,35534.509,35562.589,60,4640.042,4642.099,4629.242,4634.099,60,15934.869,15939.999,15852.239,15880.739,60,1.28637,1.28734,1.28577,1.28683,3270,0.92429,0.92456,0.92349,0.9242,2639,113.695,113.747,113.664,113.741,4050,21.867,21.883,21.83,21.844,60,1768.398,1771.278,1768.258,1769.418,60
2021-11-16,09:30:00,1.7,1.2,0.8,Core Retail Sales.xlsx,82.659,82.732,82.249,82.592,60,60960.3,61230.6,60132.7,60150.0,2,4321.8,4337.7,4223.7,4236.0,5,1.13747,1.13747,1.13577,1.1361,4895,1.34698,1.34707,1.34587,1.34654,4869,36056.009,36091.799,36050.029,36087.509,60,4678.399,4682.399,4678.136,4681.699,59,16173.889,16187.789,16173.819,16182.089,60,1.25212,1.25347,1.25197,1.25268,3454,0.92575,0.92776,0.92568,0.92721,4594,114.175,114.205,114.142,114.191,4998,25.175,25.221,25.153,25.178,61,1871.968,1874.798,1870.498,1873.178,60
2021-10-15,08:30:00,0.7,-0.2,0.9,Core Retail Sales.xlsx,84.907,84.912,84.632,84.687,60,59200.0,59350.4,58757.0,58887.5,2,3801.5,3805.8,3750.0,3760.7,4,1.16118,1.16185,1.15993,1.16031,8353,1.37203,1.37389,1.37157,1.37211,4522,35031.509,35066.299,35026.299,35033.009,60,4449.739,4454.545,4449.236,4450.536,60,15071.107,15097.489,15067.879,15083.899,60,1.23409,1.23509,1.23362,1.23463,3988,0.92318,0.92342,0.92246,0.92316,3855,114.097,114.313,114.092,114.298,6051,23.349,23.403,23.323,23.333,61,1786.638,1789.868,1785.858,1785.908,60
2021-09-16,08:30:00,0.7,-0.8,-1.8,Core Retail Sales.xlsx,75.412,75.647,75.192,75.632,60,48296.1,48302.3,48002.7,48034.9,2,3631.3,3633.0,3596.8,3623.3,2,1.17815,1.17844,1.17721,1.17726,4127,1.38219,1.38289,1.38119,1.38221,2463,34816.089,34838.579,34800.009,34811.579,60,4481.445,4482.999,4478.233,4478.733,60,15496.699,15500.389,15473.609,15477.489,60,1.26389,1.26508,1.2634,1.26366,3443,0.92208,0.92383,0.92176,0.92377,3962,109.354,109.392,109.313,109.383,3885,23.584,23.612,23.529,23.567,60,1785.838,1786.457,1783.944,1784.598,60
2021-08-17,08:30:00,-1.1,-0.3,0.7,Core Retail Sales.xlsx,69.107,69.427,68.877,69.206,60,45912.1,46323.4,45857.2,46161.6,2,3167.9,3201.0,3166.0,3179.7,2,1.17722,1.17846,1.177,1.17772,2978,1.37993,1.38132,1.37976,1.38093,2667,35456.039,35495.569,35441.009,35467.539,60,4458.754,4462.254,4457.033,4459.742,60,15079.027,15089.489,15076.509,15085.369,60,1.26223,1.26223,1.26076,1.2612,4802,0.91069,0.91163,0.91006,0.91063,3322,109.324,109.429,109.284,109.304,5551,23.861,23.914,23.847,23.897,61,1792.758,1794.698,1790.898,1794.475,60
2021-07-16,08:30:00,0.6,-0.4,-1.7,Core Retail Sales.xlsx,73.433,73.883,73.302,73.843,60,31744.3,31745.5,31361.8,31434.7,2,1909.0,1910.4,1858.5,1870.5,2,1.18018,1.18195,1.17981,1.18181,4932,1.3809,1.38617,1.38048,1.38589,6347,34998.099,35034.299,34966.509,35031.009,60,4361.799,4364.299,4356.739,4364.099,60,14812.547,14813.069,14781.749,14803.229,60,1.25957,1.25992,1.25605,1.25644,4211,0.91988,0.92031,0.91911,0.91919,4541,110.158,110.162,110.077,110.084,4977,26.158,26.204,26.14,26.186,64,1822.668,1824.578,1821.578,1822.738,60
2021-06-15,08:30:00,-1.3,-0.8,0.9,Core Retail Sales.xlsx,73.203,73.263,72.913,72.998,60,40338.7,40367.0,39657.5,39770.9,2,2621.5,2623.4,2572.4,2579.8,4,1.21438,1.21454,1.21302,1.21304,3499,1.41154,1.41174,1.40857,1.40866,4944,34426.549,34430.059,34392.499,34427.999,60,4262.439,4262.648,4259.433,4261.639,59,14147.787,14149.649,14139.589,14144.799,60,1.2142,1.2165,1.21386,1.21628,4837,0.89693,0.89792,0.89654,0.89773,2415,110.044,110.121,110.016,110.121,3603,27.692,27.7,27.59,27.644,80,1865.805,1866.355,1862.068,1863.908,60
2021-05-14,08:30:00,0.0,1.0,10.7,Core Retail Sales.xlsx,66.893,67.582,66.653,67.558,60,50005.3,50426.2,49910.7,50387.6,2,3884.6,3937.9,3862.0,3937.8,5,1.21151,1.21293,1.2113,1.21251,7167,1.40631,1.4072,1.40542,1.4066,4569,34132.499,34178.299,34103.569,34166.019,60,4130.242,4138.051,4128.733,4136.599,60,13183.549,13226.599,13179.199,13217.329,60,1.21436,1.21544,1.21358,1.21374,3466,0.90286,0.903,0.90203,0.90244,3340,109.385,109.402,109.255,109.28,4709,27.18,27.278,27.135,27.211,112,1833.048,1835.678,1831.695,1834.765,60
2021-04-15,08:30:00,9.8,5.9,-2.7,Core Retail Sales.xlsx,66.313,66.413,65.933,66.348,60,62826.3,63090.3,62488.3,62574.6,2,2468.6,2483.8,2430.1,2434.7,4,1.198,1.19866,1.19733,1.19807,4137,1.37929,1.37933,1.37777,1.37778,3578,33854.519,33868.559,33842.579,33854.079,60,4144.234,4146.036,4142.536,4145.099,59,13886.237,13892.299,13875.469,13890.519,60,1.24892,1.24933,1.2482,1.2486,2723,0.92283,0.92344,0.92204,0.9226,4452,108.821,108.902,108.703,108.774,5187,25.501,25.598,25.48,25.596,66,1745.508,1747.798,1744.175,1747.748,60
2021-03-16,08:30:00,-3.0,-0.5,7.6,Core Retail Sales.xlsx,68.503,68.503,67.983,68.203,60,55199.1,56063.6,55123.7,55872.8,2,1797.1,1817.6,1796.7,1802.9,2,1.19163,1.19288,1.19136,1.19266,6707,1.38266,1.38413,1.3816,1.38188,4759,32917.029,32937.539,32897.059,32909.059,60,3970.348,3970.699,3964.345,3966.551,60,13141.367,13142.819,13101.399,13116.289,60,1.24967,1.24999,1.24855,1.24909,4558,0.92845,0.92867,0.92733,0.92761,3712,109.257,109.287,109.197,109.222,4079,26.102,26.12,26.054,26.077,83,1730.084,1732.708,1728.755,1732.285,60
2021-02-17,09:30:00,5.3,1.1,-1.0,Core Retail Sales.xlsx,63.888,63.963,63.672,63.718,60,51022.9,51671.4,51022.9,51454.0,2,1798.7,1818.0,1796.3,1811.6,4,1.20771,1.20831,1.20596,1.20679,8460,1.38907,1.39023,1.38728,1.38842,6429,31529.499,31536.059,31468.049,31493.579,60,3934.131,3934.499,3924.948,3927.199,60,13779.909,13781.117,13734.039,13743.219,60,1.26974,1.27053,1.26903,1.27035,4550,0.89466,0.89582,0.89425,0.89482,4828,105.893,106.04,105.867,105.96,4886,27.164,27.191,26.943,27.025,103,1787.458,1789.295,1783.555,1785.925,60
2021-01-15,09:30:00,-0.7,-0.2,-1.4,Core Retail Sales.xlsx,55.553,55.723,55.353,55.453,60,38224.5,38647.0,37994.0,38617.4,2,1214.4,1232.2,1203.3,1228.9,4,1.21308,1.21415,1.21279,1.2139,8292,1.36493,1.36566,1.36372,1.36399,6592,30891.507,30931.589,30888.539,30918.599,60,3785.342,3789.199,3784.633,3786.154,60,12897.069,12905.689,12881.329,12883.089,60,1.26853,1.26978,1.26802,1.26907,4640,0.88795,0.88813,0.88725,0.88731,3245,103.744,103.761,103.655,103.658,3897,25.34,25.486,25.336,25.466,70,1850.958,1856.848,1850.925,1855.125,60
2020-12-16,09:30:00,-1.1,-0.3,-0.1,Core Retail Sales.xlsx,50.683,51.023,50.553,50.903,60,19461.0,19500.9,19412.1,19495.2,2,586.8,587.3,584.1,587.0,2,1.22087,1.22096,1.21936,1.22061,9835,1.35068,1.35169,1.34913,1.35165,13328,30260.569,30266.509,30247.509,30263.009,60,3702.854,3703.899,3701.042,3703.042,59,12638.679,12641.619,12632.059,12635.189,60,1.27091,1.2728,1.27088,1.27208,5018,0.88265,0.88469,0.88257,0.88301,3497,103.329,103.403,103.278,103.29,4751,24.952,25.173,24.911,25.139,103,1861.658,1865.286,1860.448,1864.878,60
2020-11-17,09:30:00,0.3,0.5,1.6,Core Retail Sales.xlsx,43.698,44.144,43.614,43.904,60,16692.9,16741.9,16617.9,16639.8,2,463.5,464.7,460.3,461.1,2,1.1874,1.18749,1.18648,1.18679,22802,1.32222,1.32368,1.3216,1.3225,9629,29872.497,29895.089,29843.549,29876.089,60,3614.399,3617.699,3613.136,3614.636,60,12040.849,12062.279,12037.049,12045.369,60,1.30779,1.30802,1.30646,1.30764,3604,0.91002,0.91158,0.90992,0.91062,4244,104.267,104.36,104.234,104.294,6686,24.699,24.741,24.611,24.639,89,1890.678,1892.551,1888.165,1890.138,60
2020-10-16,08:30:00,1.9,0.7,0.6,Core Retail Sales.xlsx,42.945,42.945,42.725,42.885,60,11298.2,11328.4,11288.5,11289.7,2,367.7,369.8,366.4,367.1,2,1.17157,1.17184,1.17042,1.17046,52204,1.29331,1.29483,1.29287,1.2932,17075,28498.3,28517.05,28467.53,28498.51,60,3484.349,3488.655,3481.84,3486.343,60,11903.01,11936.91,11900.83,11917.77,60,1.32093,1.32134,1.32046,1.32133,3858,0.91499,0.91553,0.91446,0.91551,3146,105.3,105.309,105.211,105.225,5916,24.347,24.465,24.295,24.39,62,1909.228,1912.598,1908.465,1909.798,60
2020-09-16,08:30:00,0.6,1.0,0.9,Core Retail Sales.xlsx,41.365,41.595,41.285,41.335,60,10904.2,10914.4,10855.9,10885.8,2,364.2,364.6,361.7,362.6,2,1.18613,1.18726,1.18594,1.18656,44787,1.28954,1.29129,1.2891,1.29107,12946,28076.55,28135.1,28064.08,28111.56,60,3412.4,3421.2,3410.834,3418.643,58,11499.81,11540.69,11491.54,11531.91,60,1.31716,1.31729,1.31614,1.31691,2986,0.90694,0.90718,0.90626,0.90693,3197,105.247,105.264,105.163,105.195,5588,27.318,27.43,27.297,27.321,65,1964.428,1968.578,1963.468,1965.118,60
2020-08-14,08:30:00,1.2,1.9,8.4,Core Retail Sales.xlsx,44.715,44.805,44.576,44.685,60,11662.1,11699.9,11629.6,11640.8,2,421.6,424.6,420.7,421.7,2,1.18014,1.18173,1.1795,1.18161,20470,1.30651,1.3083,1.3056,1.30783,13378,27806.55,27807.55,27677.0,27704.02,60,3365.546,3365.549,3355.034,3357.6,60,11170.64,11176.3,11151.49,11164.59,60,1.3236,1.3248,1.3234,1.3244,4865,0.91071,0.91094,0.90966,0.91,6045,106.751,106.802,106.667,106.716,7752,26.707,26.933,26.47,26.626,96,1947.525,1953.128,1945.235,1948.635,60
2020-07-16,08:30:00,7.5,5.0,18.2,Core Retail Sales.xlsx,43.555,43.585,43.325,43.415,60,9058.2,9066.5,9034.3,9053.6,2,230.6,231.3,229.9,230.8,2,1.14074,1.14154,1.13856,1.13928,25338,1.25546,1.25603,1.25264,1.25409,14843,26710.56,26734.1,26634.59,26676.6,60,3208.237,3211.246,3199.243,3203.055,60,10593.4,10602.63,10535.22,10550.41,60,1.35131,1.35274,1.35097,1.35258,4003,0.94428,0.94527,0.94383,0.9449,5628,106.956,107.077,106.916,107.045,9732,19.197,19.237,19.138,19.227,179,1805.9,1806.788,1804.355,1806.548,60
2020-06-16,08:30:00,17.7,8.0,-14.7,Core Retail Sales.xlsx,39.925,40.555,39.696,40.525,60,9443.1,9444.7,9410.4,9436.6,22,231.2,231.8,230.5,231.3,5,1.13228,1.13472,1.1315,1.13361,15707,1.26215,1.26495,1.26082,1.26437,23031,26101.05,26245.59,26041.07,26229.03,60,3099.243,3110.1,3092.237,3108.552,60,9877.2,9912.2,9863.65,9909.29,60,1.35881,1.35979,1.35641,1.35686,10906,0.94812,0.94896,0.94801,0.94822,5813,107.327,107.458,107.282,107.458,10093,17.4,17.507,17.397,17.413,220,1727.358,1732.748,1726.918,1729.295,60
2020-05-15,08:30:00,-16.4,-12.0,-8.3,Core Retail Sales.xlsx,32.305,32.435,31.806,31.855,60,9620.2,9649.9,9551.9,9558.4,48,199.6,199.8,198.5,198.5,7,1.08161,1.08195,1.08058,1.08112,10214,1.22135,1.22252,1.22012,1.22057,9278,23739.55,23747.59,23664.1,23700.05,60,2865.646,2866.155,2857.137,2860.855,60,9144.09,9145.4,9120.95,9134.46,60,1.402,1.40521,1.402,1.40468,4682,0.97236,0.97355,0.97212,0.9732,4396,107.096,107.112,107.027,107.061,3890,16.242,16.255,16.178,16.198,105,1737.648,1737.648,1733.428,1735.328,60
2020-04-15,08:30:00,-8.7,-8.0,-0.4,Core Retail Sales.xlsx,28.775,28.81,27.945,28.725,60,6814.3,6830.1,6789.7,6797.2,27,158.1,158.5,156.8,157.2,4,1.09295,1.09395,1.09204,1.09324,16193,1.25218,1.25273,1.24983,1.25148,12418,23654.21,23710.5,23562.0,23604.27,60,2808.44,2816.152,2798.137,2802.137,60,8603.32,8627.5,8578.59,8594.71,60,1.39862,1.40177,1.39802,1.4004,10051,0.96432,0.96485,0.96336,0.964,8790,107.359,107.513,107.331,107.451,8835,15.422,15.534,15.344,15.397,62,1712.038,1716.278,1709.458,1712.228,60
2020-03-17,08:30:00,-0.5,0.2,0.6,Core Retail Sales.xlsx,31.041,31.136,29.78,29.885,60,5328.0,5410.5,5221.7,5252.4,39,117.0,118.9,115.1,115.9,11,1.11376,1.11452,1.111,1.11108,14130,1.21937,1.22408,1.21936,1.22061,23194,21145.86,21145.86,20593.85,20632.35,28,2499.034,2500.246,2442.143,2447.043,36,7301.36,7301.36,7156.51,7173.34,20,1.39964,1.40484,1.39926,1.40475,9887,0.95087,0.95283,0.95018,0.95237,20397,106.871,107.031,106.602,106.835,28032,12.762,12.762,12.203,12.249,646,1486.428,1487.878,1482.208,1483.028,60
2020-02-14,09:30:00,0.3,0.3,0.2,Core Retail Sales.xlsx,56.535,56.546,56.295,56.495,60,10090.8,10152.6,10087.8,10150.4,36,263.7,266.8,263.5,266.2,11,1.08429,1.08501,1.084,1.08448,6921,1.30406,1.3043,1.30191,1.30343,58294,29464.86,29471.32,29431.8,29461.81,60,3381.034,3381.8,3378.046,3381.049,59,9624.51,9627.79,9616.17,9625.57,60,1.32541,1.3258,1.32476,1.32485,30183,0.98052,0.98101,0.98039,0.98101,9879,109.799,109.838,109.783,109.803,20072,17.679,17.714,17.673,17.704,107,1575.505,1576.878,1575.215,1576.748,60
2020-01-16,09:30:00,0.3,0.3,0.3,Core Retail Sales.xlsx,64.615,64.771,64.205,64.305,60,8599.8,8606.9,8536.9,8575.8,22,159.3,159.4,157.8,159.3,5,1.11564,1.11593,1.11502,1.11534,7466,1.30504,1.30619,1.30467,1.30532,8858,29153.85,29160.1,29125.83,29134.88,60,3303.734,3304.252,3300.234,3301.5,58,9084.62,9086.99,9070.85,9074.12,60,1.30351,1.30375,1.30319,1.30337,3880,0.96314,0.96322,0.9622,0.96314,4019,110.037,110.038,109.951,110.001,5431,17.911,17.957,17.904,17.943,168,1553.788,1555.608,1553.678,1554.805,60
2019-12-13,09:30:00,0.2,0.5,0.4,Core Retail Sales.xlsx,64.766,64.921,64.735,64.915,60,7145.3,7158.1,7144.4,7148.7,9,139.5,141.0,139.4,139.6,2,1.11773,1.11818,1.11688,1.11801,13733,1.34043,1.34206,1.33572,1.34152,16969,28235.57,28251.57,28221.069,28249.07,60,3179.27,3180.77,3177.77,3180.27,60,8505.659,8508.97,8500.76,8507.06,60,1.3163,1.31684,1.31612,1.31649,4248,0.98228,0.98362,0.98185,0.98233,5914,109.592,109.656,109.591,109.641,6072,16.959,16.967,16.905,16.948,160,1472.605,1473.288,1467.938,1471.348,60
2019-11-15,09:30:00,0.3,0.2,-0.3,Core Retail Sales.xlsx,62.18,62.251,61.96,61.996,59,8569.2,8712.8,8510.4,8533.2,37,180.8,183.4,179.1,179.2,6,1.10227,1.10233,1.10145,1.10189,6946,1.28771,1.28874,1.28671,1.28752,6832,27847.57,27873.07,27845.069,27863.07,60,3105.57,3108.07,3105.069,3107.27,52,8283.159,8293.16,8282.06,8292.16,60,1.32436,1.32498,1.3242,1.32431,2957,0.98884,0.99107,0.98884,0.99082,3617,108.548,108.692,108.542,108.685,5322,16.89,16.893,16.823,16.839,187,1466.315,1466.415,1462.355,1463.385,60
2019-10-16,08:30:00,-0.3,0.3,0.6,Core Retail Sales.xlsx,58.646,58.871,58.475,58.546,60,8080.8,8082.2,8044.2,8078.3,20,174.6,176.0,174.1,174.9,3,1.10351,1.10387,1.10291,1.10361,15530,1.27049,1.27473,1.26938,1.27413,14559,26984.57,26988.07,26945.069,26972.069,60,2990.869,2991.169,2986.37,2988.87,58,7932.56,7933.759,7920.56,7926.16,60,1.32197,1.32223,1.32143,1.32149,6497,0.99725,0.99776,0.99682,0.9971,4337,108.649,108.716,108.611,108.708,7773,17.288,17.35,17.284,17.298,204,1483.408,1485.6,1483.058,1483.528,60
2019-09-13,08:30:00,0.4,0.2,0.8,Core Retail Sales.xlsx,60.455,60.566,59.575,59.746,60,10258.0,10301.4,10233.1,10248.6,20,175.9,177.0,174.9,176.4,4,1.10938,1.10977,1.10773,1.10922,14988,1.24095,1.24547,1.23918,1.24487,15055,27251.57,27285.569,27236.069,27243.069,60,3017.069,3020.07,3014.77,3015.069,54,7937.57,7944.559,7927.76,7929.26,60,1.32206,1.32279,1.32187,1.32269,6386,0.98758,0.98909,0.98754,0.98769,7809,107.955,108.033,107.945,107.986,9239,18.155,18.178,18.127,18.144,193,1504.958,1507.418,1503.818,1505.615,60
2019-08-15,08:30:00,0.7,0.3,0.3,Core Retail Sales.xlsx,59.235,59.346,58.721,58.766,60,9780.0,9890.2,9718.1,9762.1,24,175.9,178.3,175.7,177.3,7,1.11479,1.11536,1.11422,1.11482,14844,1.20774,1.20861,1.20738,1.20824,11087,25595.57,25643.07,25566.569,25597.07,60,2856.369,2862.67,2853.17,2857.17,60,7519.26,7542.27,7506.97,7523.16,60,1.32893,1.33068,1.32884,1.33054,4903,0.97476,0.97557,0.97434,0.97475,6926,106.249,106.253,106.065,106.071,12131,17.151,17.225,17.146,17.225,183,1512.525,1516.115,1511.345,1515.945,60
2019-07-16,08:30:00,0.4,0.1,0.4,Core Retail Sales.xlsx,66.496,66.561,66.335,66.485,59,10705.1,10816.0,10677.1,10773.6,49,223.6,226.1,220.3,225.4,11,1.12487,1.12491,1.12358,1.12447,16952,1.24688,1.24734,1.24553,1.24673,11612,27345.069,27357.57,27343.069,27353.069,60,3013.67,3015.37,3013.369,3014.869,43,7968.87,7973.77,7967.97,7971.36,60,1.30616,1.30622,1.30515,1.30523,3043,0.98434,0.98471,0.98397,0.98408,4244,108.058,108.081,107.994,108.027,4827,15.436,15.451,15.398,15.417,121,1413.688,1414.388,1412.585,1414.205,60
2019-06-14,08:30:00,0.5,0.7,0.3,Core Retail Sales.xlsx,61.156,61.326,60.715,61.115,59,8207.5,8258.8,8190.9,8238.3,4,252.1,253.6,250.8,252.0,2,1.1284,1.12891,1.1278,1.12796,20338,1.26659,1.26711,1.26531,1.26615,12599,26078.57,26089.07,26042.57,26060.57,60,2888.37,2889.07,2883.57,2885.57,60,7480.959,7484.559,7462.87,7468.469,60,1.33384,1.33425,1.33344,1.33407,7186,0.99364,0.99552,0.99338,0.99512,4721,108.204,108.253,108.191,108.242,7098,15.026,15.035,15.014,15.02,106,1354.728,1355.728,1353.538,1353.868,60
2019-05-15,08:30:00,-0.2,0.2,1.7,Core Retail Sales.xlsx,70.735,70.956,70.555,70.735,60,7856.4,7914.4,7808.0,7831.5,5,223.5,227.2,221.7,224.0,2,1.1213,1.12168,1.12113,1.1214,16991,1.29219,1.29224,1.29098,1.29135,5663,25543.07,25579.07,25514.57,25554.07,60,2834.569,2838.07,2831.569,2835.269,60,7403.36,7416.67,7395.87,7407.669,60,1.34717,1.34761,1.34697,1.34709,4431,1.0062,1.00652,1.00553,1.00558,2795,109.51,109.541,109.403,109.407,6842,14.811,14.845,14.802,14.842,97,1296.528,1298.838,1296.168,1298.768,60
2019-04-18,08:30:00,1.6,0.9,-0.2,Core Retail Sales.xlsx,71.294,71.356,71.2,71.335,60,5208.3,5208.5,5172.8,5189.1,2,167.7,167.7,166.1,166.9,2,1.1271,1.12711,1.1243,1.12606,35018,1.30279,1.30349,1.3009,1.3021,18494,26331.07,26370.07,26308.57,26363.57,60,2888.47,2892.17,2885.669,2891.97,59,7646.27,7654.76,7638.36,7653.86,60,1.33611,1.3371,1.33583,1.33664,8648,1.01021,1.011,1.01006,1.01081,9849,111.842,111.898,111.766,111.884,11177,15.003,15.005,14.979,15.0,204,1275.195,1276.068,1274.418,1275.825,60
2019-04-01,08:30:00,-0.2,0.3,0.7,Core Retail Sales.xlsx,68.436,68.706,68.396,68.516,60,4065.9,4067.2,4053.6,4067.2,2,137.7,138.1,136.9,138.1,2,1.12388,1.12498,1.12342,1.12461,30213,1.30642,1.30935,1.30574,1.30894,20537,26116.069,26146.569,26095.569,26130.07,60,2855.169,2856.67,2852.969,2855.169,57,7457.26,7460.869,7450.859,7455.47,60,1.33431,1.33513,1.33379,1.33475,5192,0.99492,0.99498,0.99391,0.99399,8733,111.046,111.077,111.0,111.011,7355,15.096,15.116,15.081,15.089,128,1289.615,1291.275,1289.578,1290.655,60
2019-03-11,08:30:00,0.2,0.0,-1.6,Core Retail Sales.xlsx,66.136,66.576,66.135,66.391,60,3806.2,3811.9,3801.3,3809.9,7,128.4,129.1,127.8,128.4,2,1.12486,1.12499,1.12428,1.12463,23121,1.30125,1.30178,1.29924,1.29989,17560,25406.57,25406.57,25296.069,25298.07,60,2751.87,2752.37,2746.669,2746.669,57,7042.36,7044.769,7029.06,7029.06,60,1.34165,1.3418,1.34052,1.34114,4457,1.00828,1.00843,1.00755,1.0077,9144,111.28,111.281,111.22,111.221,7362,15.314,15.324,15.288,15.297,111,1296.425,1297.268,1295.565,1295.988,60
2019-02-14,09:30:00,-1.2,0.1,0.1,Core Retail Sales.xlsx,64.566,64.796,64.395,64.43,60,3507.4,3512.4,3506.3,3511.1,2,116.0,116.8,115.7,116.3,2,1.12597,1.12698,1.12564,1.12663,21336,1.28242,1.28381,1.28175,1.2833,11911,25566.569,25589.07,25553.069,25563.07,60,2755.969,2758.47,2754.969,2755.47,58,7034.76,7041.66,7030.959,7034.17,60,1.32612,1.32632,1.32555,1.32613,3486,1.00905,1.00931,1.00816,1.00866,7527,111.061,111.065,110.958,110.997,6217,15.59,15.615,15.571,15.576,132,1305.595,1307.015,1305.345,1305.815,60
2018-12-14,09:30:00,0.2,0.1,1.1,Core Retail Sales.xlsx,60.865,61.401,60.755,61.231,60,3195.9,3204.4,3188.0,3197.3,2,80.7,81.1,79.5,80.7,2,1.12916,1.13002,1.12866,1.12928,32723,1.2573,1.25893,1.25697,1.25837,11174,24282.07,24303.569,24245.069,24280.57,60,2614.37,2617.87,2612.569,2615.37,59,6650.569,6660.569,6646.67,6656.16,60,1.33953,1.34012,1.33904,1.33956,4152,0.99583,0.99762,0.99579,0.9972,4539,113.582,113.591,113.467,113.519,8186,14.606,14.624,14.593,14.621,162,1238.175,1239.178,1237.835,1239.008,60
2018-11-15,09:30:00,0.8,0.6,-0.1,Core Retail Sales.xlsx,66.375,66.696,66.13,66.155,60,5475.5,5507.6,5474.2,5499.1,2,169.6,170.9,169.6,170.7,2,1.13203,1.13262,1.12852,1.12854,20439,1.2892,1.28921,1.27795,1.27867,20371,25104.07,25116.57,25027.57,25050.57,60,2703.469,2704.97,2695.769,2696.47,60,6791.159,6801.359,6770.059,6772.559,60,1.32209,1.32242,1.32093,1.32224,6823,1.00543,1.00683,1.00439,1.00672,7194,113.422,113.433,113.302,113.395,9152,14.171,14.209,14.125,14.13,306,1213.478,1216.378,1210.545,1210.585,60
2018-10-15,08:30:00,0.1,0.7,0.1,Core Retail Sales.xlsx,80.61,81.236,80.535,81.095,60,6523.6,6623.2,6382.1,6450.3,2,204.0,210.9,201.4,203.7,2,1.15675,1.15736,1.15575,1.15725,13145,1.31253,1.31361,1.31129,1.31342,10888,25210.069,25228.069,25119.07,25133.07,60,2751.769,2753.57,2742.569,2743.769,60,7090.47,7099.17,7062.359,7071.66,60,1.30266,1.30318,1.30149,1.3019,4985,0.9903,0.99088,0.98904,0.98904,7056,111.793,111.835,111.646,111.655,9882,14.69,14.725,14.681,14.716,130,1227.158,1230.499,1227.158,1230.389,60
2018-09-14,08:30:00,0.1,0.4,0.7,Core Retail Sales.xlsx,78.551,78.611,78.085,78.18,60,6489.9,6490.1,6330.7,6359.1,2,211.2,211.7,201.8,202.4,2,1.17193,1.17215,1.17031,1.17057,10463,1.31342,1.3138,1.31207,1.31319,6050,26195.569,26206.57,26180.069,26194.069,60,2908.67,2910.27,2907.369,2909.47,54,7585.06,7592.16,7581.37,7591.16,60,1.29901,1.3004,1.29882,1.30011,2971,0.96389,0.96421,0.96342,0.96411,4125,111.825,111.866,111.801,111.836,3202,14.247,14.258,14.195,14.215,194,1207.619,1208.151,1206.338,1206.831,60
2018-08-15,08:30:00,0.5,0.2,0.2,Core Retail Sales.xlsx,71.895,72.091,71.729,71.841,60,6343.1,6407.0,6337.8,6377.8,2,282.1,286.3,280.8,283.9,2,1.13322,1.13379,1.1316,1.13254,13693,1.27164,1.27242,1.26976,1.27113,9063,25265.07,25278.069,25253.069,25267.07,60,2836.97,2838.27,2835.769,2836.77,49,7437.27,7442.97,7435.46,7439.27,60,1.30779,1.30817,1.30704,1.30795,4426,0.99731,0.99769,0.99684,0.99715,5076,111.333,111.335,111.229,111.292,5604,14.915,14.927,14.868,14.871,184,1187.839,1188.459,1186.178,1186.188,60
2018-07-16,08:30:00,0.5,0.5,1.3,Core Retail Sales.xlsx,75.036,75.346,74.965,75.331,60,6300.8,6332.0,6292.8,6312.2,42,450.1,452.5,449.1,451.5,2,1.16912,1.1702,1.16875,1.16964,14902,1.32387,1.32595,1.32364,1.32529,8834,25092.069,25096.069,25055.069,25069.069,60,2805.269,2805.27,2802.47,2804.269,59,7387.369,7389.57,7384.06,7388.859,60,1.31467,1.31506,1.31421,1.31491,3990,1.00058,1.00058,0.99959,1.0003,6673,112.508,112.508,112.429,112.471,4986,15.806,15.836,15.805,15.818,140,1242.828,1244.409,1242.668,1243.888,60
2018-06-14,08:30:00,0.8,0.4,0.4,Core Retail Sales.xlsx,76.521,76.876,76.285,76.871,60,6413.0,6478.5,6407.1,6424.3,85,479.2,486.7,479.1,482.0,4,1.18176,1.18275,1.18131,1.18254,12592,1.34008,1.34463,1.33972,1.34396,10042,25154.07,25187.07,25140.069,25176.07,60,2770.47,2773.77,2769.07,2772.77,56,7186.36,7193.07,7180.86,7188.269,60,1.29733,1.2975,1.29595,1.296,5608,0.98308,0.98355,0.98251,0.98291,4726,109.929,110.031,109.92,109.951,5043,17.107,17.111,17.078,17.092,82,1302.941,1303.271,1301.811,1302.958,60
2018-05-15,08:30:00,0.3,0.4,0.8,Core Retail Sales.xlsx,78.455,78.671,78.316,78.456,60,8679.7,8680.4,8595.9,8653.8,60,731.6,732.0,718.9,727.5,2,1.19229,1.19286,1.19146,1.19184,11071,1.35267,1.35532,1.35235,1.35367,8341,24852.07,24858.07,24833.069,24849.069,60,2727.07,2727.37,2723.569,2724.87,49,6952.37,6953.57,6944.56,6949.36,60,1.28082,1.28267,1.28023,1.28253,4361,1.00031,1.00105,1.0,1.00047,4126,109.885,109.964,109.817,109.962,4665,16.437,16.448,16.416,16.431,77,1310.799,1311.309,1309.451,1309.748,60
2018-04-16,08:30:00,0.6,0.4,-0.1,Core Retail Sales.xlsx,71.354,71.516,71.095,71.136,60,8041.6,8063.2,8022.1,8060.7,59,511.4,514.1,510.2,513.3,2,1.23568,1.23685,1.23528,1.23644,15138,1.42578,1.42803,1.42555,1.42708,7095,24460.07,24495.07,24452.07,24468.569,60,2665.37,2668.87,2665.27,2668.37,59,6650.869,6664.269,6649.46,6657.76,60,1.26044,1.26175,1.25995,1.26173,4341,0.9607,0.96117,0.9603,0.96037,4376,107.208,107.274,107.181,107.193,5097,16.604,16.616,16.594,16.604,68,1344.969,1345.841,1344.301,1345.109,60
2018-03-14,08:30:00,-0.1,0.3,-0.1,Core Retail Sales.xlsx,64.585,65.044,64.44,65.005,60,9045.1,9081.9,9040.6,9076.5,23,685.3,687.2,685.1,686.0,2,1.23887,1.24015,1.23637,1.23749,17227,1.39597,1.39668,1.39407,1.39537,11256,25090.069,25128.07,25074.069,25107.069,56,2773.27,2777.27,2771.269,2774.469,56,7068.46,7088.37,7062.66,7082.769,56,1.29552,1.296,1.29389,1.29396,10236,0.94469,0.94622,0.94395,0.94571,7139,106.597,106.715,106.562,106.586,9554,16.573,16.596,16.547,16.589,189,1324.828,1325.742,1323.389,1324.882,60
2018-02-14,09:30:00,-0.3,0.2,0.4,Core Retail Sales.xlsx,62.444,62.471,62.226,62.346,60,8819.5,8830.8,8735.1,8735.5,32,858.3,859.7,851.7,852.9,2,1.23661,1.23676,1.23505,1.23527,11849,1.38935,1.38973,1.3855,1.38709,10474,24819.07,24824.569,24760.57,24773.569,59,2675.569,2676.67,2670.969,2671.969,54,6593.07,6594.57,6582.069,6584.359,59,1.25753,1.25911,1.25747,1.25871,5828,0.93301,0.93545,0.933,0.93516,4642,107.42,107.519,107.41,107.476,8386,16.601,16.602,16.58,16.58,89,1331.699,1331.802,1330.148,1330.318,60
2018-01-12,09:30:00,0.4,0.4,0.9,Core Retail Sales.xlsx,69.075,69.3,69.07,69.185,60,13534.6,13534.8,13305.2,13467.3,33,1186.0,1186.4,1168.6,1181.4,5612,1.21113,1.21368,1.21109,1.21254,17630,1.35907,1.36205,1.35907,1.36119,13198,25679.069,25699.07,25671.07,25677.57,60,2774.649,2775.65,2773.649,2773.95,59,6732.069,6733.42,6725.969,6726.369,60,1.25241,1.2528,1.25128,1.25174,8680,0.97301,0.97304,0.97048,0.97164,7704,111.225,111.232,110.998,111.108,9205,17.111,17.144,17.094,17.111,181,1329.642,1332.409,1329.551,1330.899,60
2017-12-14,09:30:00,0.8,0.3,0.5,Core Retail Sales.xlsx,63.045,63.045,62.475,62.605,60,16889.1,16942.8,16470.6,16494.7,56,716.1,737.4,708.7,732.9,4130,1.18262,1.18293,1.18125,1.18192,12545,1.34376,1.34658,1.34279,1.34553,10136,24666.069,24673.57,24660.069,24669.069,60,2668.67,2669.539,2668.039,2669.289,60,6405.87,6408.21,6403.87,6407.069,60,1.28643,1.28658,1.28375,1.28381,4936,0.98705,0.98841,0.98705,0.98808,5398,112.783,112.88,112.728,112.776,6378,16.047,16.05,16.021,16.036,105,1254.589,1255.928,1253.638,1255.412,60
2017-11-15,09:30:00,0.2,0.1,1.9,Core Retail Sales.xlsx,61.64,61.755,61.535,61.545,59,6945.6,6976.6,6915.0,6922.5,76,,,,,,1.18385,1.18529,1.18337,1.18395,11860,1.31971,1.32137,1.31351,1.31382,12151,23315.069,23326.07,23281.069,23296.07,60,2567.869,2569.14,2565.069,2567.52,57,6258.169,6263.369,6252.0,6259.77,60,1.27249,1.27265,1.27131,1.27205,4901,0.987,0.98713,0.9855,0.98636,5642,112.839,112.875,112.648,112.805,8670,17.081,17.122,17.075,17.096,164,1283.862,1286.212,1283.411,1284.951,60
2017-10-13,08:30:00,1.6,1.7,-0.1,Core Retail Sales.xlsx,57.05,57.365,56.965,57.16,60,5619.3,5724.7,5588.6,5636.3,92,,,,,,1.18292,1.18357,1.18259,1.1831,8348,1.33171,1.33216,1.33021,1.33044,7484,22854.869,22856.17,22846.47,22852.47,58,2550.82,2551.1,2549.939,2550.8,46,6072.169,6072.67,6068.869,6070.97,58,1.2464,1.24711,1.24569,1.24702,5971,0.97514,0.97577,0.97473,0.97513,3508,112.002,112.084,111.966,112.065,5551,17.262,17.279,17.222,17.238,116,1295.729,1296.292,1293.632,1294.479,60
2017-09-15,08:30:00,-0.2,0.1,0.3,Core Retail Sales.xlsx,55.085,55.465,54.835,55.365,60,3097.6,3180.4,3048.3,3130.6,174,,,,,,1.19208,1.19398,1.19132,1.19293,12009,1.34328,1.35333,1.34292,1.35308,9523,22196.47,22211.969,22196.47,22209.469,59,2492.719,2494.35,2492.599,2494.07,45,5957.77,5963.07,5957.47,5961.569,60,1.21631,1.21721,1.21412,1.21439,5801,0.96212,0.96279,0.96024,0.96058,5430,110.706,110.847,110.662,110.717,7164,17.75,17.778,17.729,17.774,102,1327.271,1327.992,1325.851,1327.628,60
2017-08-15,08:30:00,0.6,0.4,0.3,Core Retail Sales.xlsx,50.535,50.825,50.465,50.755,60,4305.6,4343.9,4211.2,4231.3,97,,,,,,1.17461,1.17691,1.1744,1.17564,12102,1.29326,1.29571,1.29102,1.29195,9299,22018.469,22032.47,22008.469,22020.469,60,2467.169,2469.17,2465.59,2467.869,45,5913.469,5918.569,5909.869,5915.47,60,1.27448,1.27478,1.27261,1.27337,6035,0.97366,0.97377,0.97112,0.9714,5317,110.334,110.414,110.283,110.386,7110,16.878,16.906,16.87,16.892,76,1274.618,1275.358,1274.248,1274.721,60
2017-07-14,08:30:00,-0.2,0.1,-0.1,Core Retail Sales.xlsx,48.225,48.475,48.125,48.415,58,2341.6,2346.5,2327.4,2336.8,138,,,,,,1.14167,1.14202,1.14075,1.14077,10877,1.29518,1.29616,1.29485,1.29574,5335,21548.97,21559.07,21541.97,21551.569,59,2445.52,2445.9,2444.469,2445.149,50,5791.469,5793.669,5789.069,5790.669,59,1.27417,1.2747,1.27338,1.27354,3396,0.96819,0.96995,0.96793,0.96912,4752,113.29,113.33,113.242,113.265,5981,15.63,15.676,15.628,15.666,84,1217.749,1219.458,1217.711,1219.002,60
2017-06-14,08:30:00,-0.3,0.1,0.4,Core Retail Sales.xlsx,48.225,48.265,48.015,48.255,60,2747.0,2771.0,2709.8,2742.6,80,,,,,,1.1209,1.12159,1.12054,1.12075,9512,1.27816,1.27816,1.27318,1.27412,11268,21335.069,21347.07,21330.969,21336.069,60,2440.29,2441.54,2439.789,2440.539,50,5751.869,5758.87,5751.669,5756.07,59,1.32069,1.32172,1.32063,1.32104,4470,0.96843,0.969,0.96829,0.96882,4170,110.179,110.256,110.173,110.179,5584,16.876,16.962,16.866,16.956,83,1266.988,1268.568,1266.508,1268.258,60
2017-05-12,08:30:00,0.4,0.6,0.1,Core Retail Sales.xlsx,50.765,50.835,50.505,50.665,60,,,,,,,,,,,1.08632,1.0873,1.08613,1.08655,7269,1.28619,1.2867,1.28469,1.28477,6960,20867.07,20879.07,20864.068,20870.07,60,2387.419,2388.549,2387.039,2387.54,44,5658.47,5660.169,5656.169,5656.97,60,1.36977,1.37044,1.36897,1.37032,7492,1.00771,1.00795,1.00703,1.00785,4614,113.601,113.731,113.577,113.625,6893,16.41,16.447,16.398,16.409,71,1228.459,1229.708,1227.948,1228.928,60
2017-04-14,08:30:00,-0.2,-0.1,-0.3,Core Retail Sales.xlsx,,,,,,,,,,,,,,,,1.06199,1.06269,1.06197,1.06226,2225,1.25124,1.25161,1.25091,1.25114,7804,,,,,,,,,,,,,,,,1.33194,1.33246,1.33153,1.33162,5121,1.00494,1.00494,1.00461,1.00463,1571,108.936,108.939,108.858,108.896,2179,,,,,,,,,,
2017-03-15,08:30:00,0.1,0.1,0.6,Core Retail Sales.xlsx,51.625,51.725,51.51,51.53,60,,,,,,,,,,,1.06382,1.06383,1.06267,1.0632,10063,1.22295,1.22361,1.22216,1.22276,8589,20869.262,20891.377,20861.414,20881.018,60,2370.17,2372.697,2369.12,2372.05,60,5388.467,5394.086,5387.318,5392.226,60,1.34614,1.34629,1.345,1.34555,7078,1.00738,1.00865,1.00733,1.00796,6134,114.685,114.705,114.579,114.597,7369,16.934,16.95,16.904,16.924,71,1203.981,1204.629,1202.9,1203.599,60
2017-02-15,09:30:00,0.4,0.1,1.0,Core Retail Sales.xlsx,55.735,55.735,55.6,55.715,60,,,,,,,,,,,1.05625,1.05625,1.05475,1.05557,14202,1.24601,1.24641,1.24197,1.24197,10358,20541.672,20541.809,20520.469,20533.096,60,2339.649,2339.72,2337.57,2338.42,60,5278.336,5278.358,5273.553,5274.424,60,1.3066,1.30772,1.3066,1.30738,6085,1.00797,1.00911,1.00797,1.00827,6040,114.46,114.523,114.405,114.478,7805,17.887,17.901,17.854,17.872,87,1226.329,1226.728,1225.478,1226.081,60
2017-01-13,09:30:00,0.6,0.7,0.2,Core Retail Sales.xlsx,56.005,56.025,55.825,55.855,60,,,,,,,,,,,1.06341,1.06509,1.06275,1.06441,10223,1.21879,1.2209,1.21789,1.22069,8961,19888.639,19892.469,19879.969,19891.969,56,2269.677,2270.989,2269.26,2270.984,60,5041.813,5044.563,5039.818,5044.563,60,1.31447,1.31539,1.31414,1.31496,6402,1.00847,1.00894,1.00697,1.00803,5633,114.736,114.868,114.563,114.639,10821,16.758,16.813,16.718,16.794,128,1195.769,1197.879,1194.398,1197.008,60
2016-12-14,09:30:00,0.1,0.3,0.6,Core Retail Sales.xlsx,55.2,55.25,54.985,55.075,60,,,,,,,,,,,1.0626,1.06297,1.06179,1.06261,9318,1.26741,1.26839,1.2652,1.26563,10199,19904.47,19910.969,19894.94,19898.469,60,2271.767,2273.029,2271.119,2271.357,60,4939.669,4942.27,4937.569,4937.969,60,1.31146,1.31188,1.31118,1.31163,5253,1.01086,1.01179,1.01086,1.01136,5184,115.092,115.215,115.057,115.184,7482,17.031,17.061,17.008,17.035,117,1161.801,1161.818,1160.638,1160.871,60
2016-11-15,09:30:00,0.8,0.6,1.0,Core Retail Sales.xlsx,45.225,45.415,45.115,45.325,60,,,,,,,,,,,1.08045,1.08124,1.07855,1.07986,18598,1.24422,1.2459,1.23967,1.24222,13023,18900.809,18915.12,18882.086,18890.766,60,,,,,,4710.57,4715.669,4705.873,4709.469,60,1.35095,1.35354,1.35079,1.35262,10671,0.99408,0.99543,0.99378,0.99479,8173,108.029,108.321,108.009,108.217,14181,17.045,17.061,16.987,17.046,90,1227.639,1227.758,1222.399,1225.468,60
2016-10-14,08:30:00,0.6,0.6,-0.2,Core Retail Sales.xlsx,52.42,52.46,52.305,52.38,60,,,,,,,,,,,1.10119,1.10249,1.10099,1.10228,57348,1.21894,1.22157,1.21804,1.22144,28434,18114.969,18143.47,18105.969,18137.717,60,2134.362,2137.15,2133.059,2136.65,60,4801.24,4808.679,4798.563,4807.508,60,1.31945,1.3198,1.31862,1.31881,28749,0.9888,0.9888,0.98722,0.98756,13483,104.2,104.242,104.125,104.184,31637,17.474,17.533,17.457,17.53,529,1256.181,1256.962,1255.599,1256.76,60
2016-09-15,08:30:00,-0.3,-0.1,0.1,Core Retail Sales.xlsx,45.95,46.015,45.655,46.0,60,,,,,,,,,,,1.12248,1.12361,1.12246,1.12335,53900,1.32025,1.32454,1.31998,1.32104,30852,18014.053,18035.064,18005.969,18031.691,60,2121.898,2124.31,2120.899,2124.133,60,4735.698,4743.133,4734.269,4742.351,60,1.32276,1.32292,1.32064,1.3209,25239,0.97612,0.97613,0.97515,0.97516,23314,102.451,102.473,102.371,102.394,24684,18.9,18.951,18.894,18.94,83,1318.958,1320.599,1318.808,1320.398,60
2016-08-12,08:30:00,0.0,0.4,0.8,Core Retail Sales.xlsx,46.019,46.159,45.726,45.835,60,,,,,,,,,,,1.11444,1.11592,1.11442,1.11545,39754,1.29518,1.29671,1.29502,1.29636,13317,18618.498,18629.93,18612.318,18622.958,60,2185.144,2186.76,2184.656,2186.031,60,4804.185,4808.188,4802.609,4805.38,60,1.29705,1.29766,1.29646,1.29751,20061,0.9747,0.97482,0.9741,0.97468,13509,102.057,102.083,101.969,102.058,12892,19.965,19.984,19.854,19.883,71,1338.899,1339.659,1337.189,1337.801,60
2016-07-15,08:30:00,0.6,0.1,0.2,Core Retail Sales.xlsx,46.737,46.949,46.677,46.942,60,,,,,,,,,,,1.11327,1.11488,1.11321,1.11389,11617,1.33695,1.34217,1.33679,1.34154,8074,18496.475,18515.993,18483.761,18492.348,60,2160.864,2163.344,2158.608,2160.338,60,4593.591,4598.879,4588.355,4591.482,60,1.28958,1.29015,1.28849,1.28918,7076,0.97963,0.97963,0.9787,0.97958,4009,105.867,106.015,105.786,105.896,8140,20.214,20.244,20.166,20.19,63,1332.601,1333.622,1331.879,1332.951,60
2016-06-14,08:30:00,0.5,0.3,1.3,Core Retail Sales.xlsx,49.607,49.717,49.487,49.703,60,,,,,,,,,,,1.12509,1.12558,1.12286,1.12354,14486,1.41315,1.41626,1.41268,1.41355,8898,17704.988,17718.496,17665.236,17687.999,60,2074.922,2076.417,2069.649,2072.255,60,4414.887,4418.39,4404.424,4410.295,60,1.28491,1.28523,1.2832,1.28413,8605,0.96382,0.96595,0.96348,0.96487,5927,105.86,105.962,105.651,105.771,9875,17.289,17.311,17.256,17.283,177,1278.19,1280.669,1276.228,1279.971,60
2016-05-13,08:30:00,1.3,0.8,-0.3,Core Retail Sales.xlsx,47.994,48.009,47.619,47.702,60,,,,,,,,,,,1.13442,1.13567,1.1337,1.13512,15533,1.44154,1.44207,1.44011,1.44113,10614,17648.374,17658.456,17625.83,17635.989,60,2055.517,2057.119,2052.594,2053.993,60,4322.028,4325.503,4314.85,4318.594,60,1.28535,1.28791,1.28533,1.28597,9759,0.97307,0.97336,0.97021,0.97056,5845,108.791,108.814,108.667,108.715,6701,17.119,17.127,17.077,17.113,154,1274.21,1276.268,1273.449,1275.369,60
2016-04-13,08:30:00,-0.3,0.1,-0.1,Core Retail Sales.xlsx,44.268,44.409,44.005,44.107,60,,,,,,,,,,,1.13532,1.13582,1.13365,1.13375,17552,1.42239,1.42403,1.42039,1.42039,9693,17801.912,17809.696,17789.153,17801.907,60,2071.498,2072.38,2070.311,2071.823,60,4523.379,4526.219,4519.391,4524.954,60,1.27847,1.28039,1.27805,1.27953,9269,0.95869,0.96028,0.95844,0.96,6839,108.923,109.208,108.923,109.18,8710,16.111,16.123,16.028,16.034,65,1249.252,1250.309,1244.601,1245.202,60
2016-03-15,08:30:00,-0.1,-0.2,-0.4,Core Retail Sales.xlsx,38.576,38.741,38.484,38.531,60,,,,,,,,,,,1.11154,1.11205,1.11061,1.11109,21817,1.42538,1.42664,1.42187,1.42332,9288,17156.709,17171.21,17132.735,17140.765,60,2009.731,2011.863,2007.056,2007.559,60,4344.931,4349.69,4337.794,4340.602,60,1.33484,1.33566,1.33356,1.3353,6938,0.98614,0.98684,0.98488,0.98657,7221,113.067,113.11,112.925,112.998,10898,15.306,15.385,15.303,15.368,70,1230.429,1236.07,1230.368,1235.23,60
2016-02-12,09:30:00,0.2,0.1,0.2,Core Retail Sales.xlsx,31.072,31.657,31.067,31.637,60,,,,,,,,,,,1.12799,1.12985,1.12673,1.12956,18856,1.4508,1.45504,1.44968,1.45429,10903,15758.941,15791.979,15735.188,15768.358,60,1842.843,1846.74,1839.408,1843.749,60,3994.184,4006.236,3987.033,3999.611,60,1.39168,1.39301,1.38996,1.39047,9594,0.97629,0.97747,0.97419,0.9744,9520,112.606,112.688,112.408,112.486,13524,15.651,15.661,15.626,15.656,75,1238.899,1239.832,1235.848,1237.782,60
2016-01-15,09:30:00,-0.1,0.1,0.4,Core Retail Sales.xlsx,29.806,30.058,29.708,29.866,60,,,,,,,,,,,1.09005,1.09176,1.08894,1.09049,16513,1.4357,1.43791,1.43376,1.43711,12499,16142.458,16165.758,16104.947,16138.926,60,1895.374,1897.658,1890.179,1893.811,60,4199.969,4202.993,4185.787,4194.979,60,1.45075,1.45469,1.44964,1.45138,12681,1.00311,1.00453,1.00197,1.00321,8106,117.361,117.494,117.231,117.432,14841,13.833,13.842,13.806,13.812,68,1083.719,1084.859,1082.948,1083.32,60
2015-12-11,09:30:00,0.2,0.3,0.1,Core Retail Sales.xlsx,39.498,39.678,39.315,39.447,59,,,,,,,,,,,1.0963,1.09702,1.09371,1.09434,11028,1.51641,1.51669,1.51359,1.5136,7358,17541.835,17573.029,17521.935,17563.384,60,2048.496,2052.387,2045.962,2051.387,60,4638.926,4645.0,4631.804,4642.993,60,1.36575,1.36698,1.36551,1.36679,5588,0.98708,0.98863,0.9865,0.9884,5073,121.924,121.989,121.83,121.937,6279,14.061,14.086,14.036,14.059,69,1068.579,1069.449,1067.388,1068.242,60
2015-11-13,09:30:00,0.1,0.3,0.1,Core Retail Sales.xlsx,45.747,45.819,45.586,45.798,60,,,,,,,,,,,1.07561,1.07658,1.0752,1.07561,7573,1.52194,1.52256,1.52119,1.52222,5453,17477.0,17477.971,17436.922,17454.897,60,2049.094,2049.4,2044.551,2046.367,60,4589.888,4590.0,4577.899,4580.908,60,1.32972,1.33072,1.32933,1.32976,4274,1.00413,1.00434,1.00328,1.00342,4203,122.786,122.794,122.692,122.714,4715,14.287,14.324,14.263,14.313,65,1083.879,1084.609,1083.191,1083.839,60
2015-10-14,08:30:00,0.1,0.2,0.0,Core Retail Sales.xlsx,49.187,49.434,48.964,48.985,60,,,,,,,,,,,1.14148,1.1418,1.14002,1.14058,10694,1.53105,1.53661,1.52825,1.53644,13926,17056.948,17090.994,17038.636,17049.984,60,2000.334,2004.198,1997.693,1998.955,60,4338.987,4349.999,4333.826,4337.445,60,1.29884,1.30024,1.29802,1.29952,6974,0.95618,0.95704,0.95579,0.9566,4501,119.612,119.705,119.428,119.462,6554,16.032,16.065,16.007,16.036,67,1174.552,1174.852,1173.429,1174.659,60
2015-09-15,08:30:00,0.2,0.3,0.7,Core Retail Sales.xlsx,47.489,47.818,47.315,47.76,60,,,,,,,,,,,1.13073,1.13212,1.12978,1.13033,9678,1.54413,1.54568,1.54299,1.54379,8494,16361.91,16368.004,16318.749,16340.305,60,1953.302,1953.659,1948.002,1950.118,60,4306.825,4307.997,4293.928,4298.963,60,1.3247,1.32539,1.32408,1.32427,3609,0.97005,0.97031,0.96864,0.96934,4003,119.595,119.601,119.4,119.533,9508,14.347,14.347,14.294,14.322,62,1106.919,1107.638,1105.068,1105.749,60
2015-08-13,08:30:00,0.6,0.5,0.0,Core Retail Sales.xlsx,50.218,50.307,49.917,50.287,60,,,,,,,,,,,1.1113,1.11248,1.11086,1.11187,9010,1.56156,1.56313,1.56065,1.56101,6121,17446.765,17457.995,17407.767,17456.998,60,2092.619,2093.698,2087.843,2093.684,60,4550.985,4552.0,4538.926,4551.943,60,1.29944,1.30032,1.29893,1.29979,7469,0.9782,0.97846,0.97669,0.97746,4316,124.586,124.591,124.505,124.569,3527,15.387,15.411,15.355,15.37,79,1118.68,1119.542,1117.549,1118.028,60
2015-07-14,08:30:00,-0.3,0.2,1.0,Core Retail Sales.xlsx,56.836,57.078,56.415,56.687,60,,,,,,,,,,,1.09929,1.10382,1.09929,1.10263,13757,1.54619,1.54817,1.54504,1.54654,12458,17964.906,17974.998,17960.858,17971.918,60,2098.995,2100.183,2098.455,2099.673,55,4496.956,4499.999,4495.905,4498.971,60,1.27976,1.27986,1.27753,1.27941,6324,0.94794,0.94794,0.94294,0.9436,9824,123.454,123.458,123.288,123.45,5080,15.355,15.366,15.334,15.349,79,1154.049,1154.979,1153.408,1153.951,60
2015-06-11,08:30:00,1.2,1.1,0.2,Core Retail Sales.xlsx,65.727,66.028,65.534,65.588,60,,,,,,,,,,,1.12623,1.12686,1.12408,1.12665,11814,1.54482,1.54672,1.54423,1.54621,8209,18021.989,18023.331,18005.522,18013.836,60,2107.169,2107.169,2104.496,2105.637,60,4489.992,4489.998,4484.817,4487.903,60,1.22996,1.23124,1.22971,1.23051,4032,0.93331,0.93765,0.9333,0.93554,6273,123.533,123.653,123.414,123.572,8456,15.883,15.931,15.868,15.903,69,1183.549,1184.629,1182.978,1183.299,60
2015-05-13,08:30:00,0.0,0.2,1.1,Core Retail Sales.xlsx,67.339,67.63,67.166,67.45,60,,,,,,,,,,,1.12508,1.12567,1.12198,1.12267,13030,1.57005,1.5747,1.56752,1.57231,25897,18146.987,18160.995,18132.804,18133.917,60,2108.193,2109.932,2107.148,2107.679,60,4444.94,4449.994,4444.806,4444.977,60,1.19989,1.20037,1.1972,1.19831,5666,0.92654,0.92805,0.92601,0.92785,6107,119.824,119.845,119.738,119.797,5616,16.661,16.717,16.636,16.656,64,1194.871,1196.292,1192.019,1192.905,60
2015-04-14,08:30:00,0.9,1.0,-0.5,Core Retail Sales.xlsx,58.458,58.577,58.028,58.028,60,,,,,,,,,,,1.05476,1.0563,1.05382,1.05496,11164,1.46448,1.46584,1.46031,1.46112,23098,18035.755,18040.859,17991.425,17997.858,60,2098.929,2099.158,2093.06,2093.818,60,4420.387,4420.844,4407.201,4409.037,60,1.25844,1.26017,1.25839,1.25985,6299,0.97673,0.97838,0.97647,0.9781,4053,119.862,119.908,119.714,119.75,6041,16.191,16.191,16.094,16.135,60,1194.176,1194.176,1190.112,1191.118,60
2015-03-12,08:30:00,-0.6,0.3,-0.8,Core Retail Sales.xlsx,57.91,58.17,57.877,58.049,59,,,,,,,,,,,1.06353,1.0643,1.05851,1.05965,18665,1.50049,1.501,1.49595,1.49721,24252,17702.057,17713.995,17695.39,17707.27,60,,,,,,4319.276,4322.963,4318.166,4321.208,60,1.26814,1.27081,1.26802,1.26902,7248,1.00027,1.00491,0.99985,1.00428,6261,121.015,121.219,121.007,121.172,9058,15.643,15.647,15.59,15.617,60,1162.481,1162.767,1158.148,1159.662,60
2015-02-12,09:30:00,-0.8,-0.5,-0.9,Core Retail Sales.xlsx,57.235,57.467,56.988,57.226,60,,,,,,,,,,,1.13226,1.13546,1.13209,1.13437,12857,1.52362,1.52707,1.52307,1.52375,19565,17881.531,17940.813,17877.965,17932.778,60,2069.365,2076.8,2068.904,2076.378,60,4305.046,4319.994,4304.903,4318.065,60,1.25947,1.25984,1.25461,1.25608,7791,0.92912,0.93053,0.92864,0.9299,10298,119.642,119.774,119.388,119.649,11895,16.881,16.981,16.822,16.934,61,1226.78,1228.009,1222.538,1224.979,60
2015-01-14,09:30:00,-0.9,-0.1,0.4,Core Retail Sales.xlsx,45.878,46.399,45.769,46.296,60,,,,,,,,,,,1.17923,1.17965,1.17273,1.17441,16186,1.51779,1.51862,1.51498,1.51725,24951,17517.428,17597.25,17498.266,17597.25,60,2010.1,2020.695,2008.357,2020.675,59,4144.87,4165.952,4138.806,4165.952,60,1.19786,1.19926,1.19717,1.19745,5775,1.01832,1.02397,1.01799,1.02247,12465,116.675,117.048,116.538,117.014,12357,16.583,16.634,16.562,16.625,60,1227.452,1229.122,1225.292,1227.841,60
2014-12-11,09:30:00,0.7,0.4,0.5,Core Retail Sales.xlsx,64.787,64.827,64.504,64.737,60,,,,,,,,,,,1.24447,1.24496,1.2418,1.24211,14273,1.56742,1.56867,1.56552,1.56642,23304,17600.44,17600.452,17584.226,17593.911,60,2034.496,2034.497,2032.472,2033.967,52,4238.446,4240.4,4233.916,4238.849,60,1.14639,1.14969,1.14631,1.14848,6699,0.96554,0.96769,0.96508,0.96727,12101,118.265,118.886,118.129,118.727,7590,17.01,17.015,16.913,16.976,63,1223.006,1223.256,1217.689,1219.687,60
2014-11-14,09:30:00,0.3,0.2,-0.3,Core Retail Sales.xlsx,77.488,78.44,77.478,78.37,60,,,,,,,,,,,1.24649,1.24684,1.24533,1.24632,8768,1.56808,1.56965,1.5671,1.5675,13004,17635.811,17673.935,17633.742,17663.791,60,2038.891,2043.591,2038.351,2040.685,53,4209.995,4219.997,4208.277,4215.757,60,1.13753,1.1378,1.13653,1.13662,2591,0.96391,0.96481,0.96378,0.9642,5676,116.29,116.399,116.282,116.347,6585,15.344,15.408,15.334,15.408,60,1153.361,1155.409,1152.291,1154.593,60
2014-10-15,08:30:00,-0.3,-0.1,0.6,Core Retail Sales.xlsx,83.377,84.098,83.364,83.91,60,,,,,,,,,,,1.26462,1.26694,1.26436,1.26533,13894,1.58956,1.59385,1.58904,1.59148,19162,16315.365,16324.631,16289.683,16299.44,60,1876.495,1876.999,1872.678,1873.961,57,3812.812,3816.0,3805.848,3809.944,60,1.13514,1.13743,1.13513,1.13603,5118,0.95487,0.95506,0.95305,0.95433,5689,107.233,107.302,107.09,107.164,9061,17.085,17.137,17.061,17.104,60,1223.309,1224.679,1221.81,1224.171,60
2014-09-12,08:30:00,0.6,0.6,0.3,Core Retail Sales.xlsx,98.344,98.754,98.334,98.608,59,,,,,,,,,,,1.29281,1.29313,1.2918,1.29244,8607,1.62556,1.62569,1.62351,1.62399,8621,17037.969,17040.948,17028.105,17028.645,59,1996.973,1997.19,1995.664,1995.664,26,4089.266,4090.272,4086.582,4086.664,58,1.10456,1.10603,1.10402,1.10602,2996,0.93563,0.93636,0.9354,0.93568,3388,107.186,107.236,107.146,107.232,5442,18.579,18.605,18.557,18.563,60,1236.708,1237.801,1235.598,1236.041,60
2014-08-13,08:30:00,0.0,0.2,0.2,Core Retail Sales.xlsx,102.783,102.826,102.461,102.528,60,,,,,,,,,,,1.33517,1.33567,1.33482,1.33499,6397,1.6824,1.6827,1.67933,1.68048,9167,16610.419,16618.34,16605.142,16610.304,60,1941.388,1942.19,1940.657,1941.467,60,3920.127,3922.079,3918.267,3920.47,60,1.0922,1.09289,1.09187,1.09189,2841,0.9091,0.90944,0.90873,0.90913,3194,102.455,102.511,102.442,102.48,4184,19.914,19.97,19.88,19.957,59,1307.218,1310.83,1306.591,1309.155,60
2014-07-15,08:30:00,0.2,0.6,0.5,Core Retail Sales.xlsx,106.632,106.753,106.355,106.426,60,,,,,,,,,,,1.36182,1.36281,1.36017,1.3605,13252,1.70734,1.71459,1.70673,1.71378,11339,17060.109,17064.47,17052.956,17058.442,60,1976.557,1977.094,1975.759,1976.571,59,3928.34,3930.27,3926.775,3928.296,60,1.07276,1.07384,1.07244,1.0738,1928,0.89181,0.89282,0.89111,0.89253,4471,101.565,101.573,101.512,101.548,5847,20.926,20.948,20.894,20.929,62,1309.575,1310.772,1308.21,1310.397,60
2014-06-12,08:30:00,0.3,0.6,0.5,Core Retail Sales.xlsx,111.087,111.388,110.93,111.062,60,,,,,,,,,,,1.35325,1.35327,1.35193,1.3528,12019,1.68281,1.68341,1.68201,1.68337,7605,16865.482,16868.486,16859.153,16864.983,60,1945.99,1946.497,1945.459,1946.293,56,3800.028,3801.323,3798.79,3801.18,60,1.086,1.08613,1.08571,1.08592,2336,0.90008,0.90101,0.89997,0.9003,5976,102.075,102.089,102.037,102.038,4823,19.198,19.239,19.19,19.229,60,1260.853,1262.315,1260.404,1261.683,60
2014-05-13,08:30:00,0.1,0.4,1.5,Core Retail Sales.xlsx,108.191,108.263,108.022,108.252,60,,,,,,,,,,,1.37692,1.37713,1.37623,1.37636,9125,1.68585,1.68608,1.68416,1.68585,4610,16726.877,16734.466,16721.85,16732.81,60,1899.679,1900.183,1898.663,1900.183,57,3615.321,3616.671,3613.532,3616.531,60,1.09177,1.0923,1.09137,1.0914,2681,0.88681,0.88733,0.88664,0.88709,4086,102.325,102.363,102.273,102.35,3396,19.409,19.527,19.402,19.522,59,1290.732,1294.099,1290.501,1294.019,60
2014-04-14,08:30:00,1.1,0.8,0.7,Core Retail Sales.xlsx,108.075,108.315,108.024,108.114,60,,,,,,,,,,,1.3852,1.38534,1.38196,1.38205,9265,1.67309,1.67313,1.67147,1.67171,4979,16044.337,16045.325,16016.242,16034.273,60,1816.991,1817.197,1814.163,1816.183,60,3445.96,3447.276,3439.519,3444.997,60,1.09704,1.09782,1.09667,1.09728,1818,0.87648,0.87952,0.87643,0.87943,6004,101.601,101.734,101.565,101.733,3585,19.998,20.003,19.901,19.926,58,1326.42,1326.596,1324.444,1324.672,60
2014-03-13,08:30:00,0.3,0.2,-0.6,Core Retail Sales.xlsx,108.304,108.306,107.902,107.928,60,,,,,,,,,,,1.39557,1.39559,1.39428,1.39522,9749,1.66613,1.66666,1.66499,1.66592,4569,16363.627,16363.627,16334.473,16357.874,60,1870.468,1870.988,1867.763,1870.988,59,3714.157,3715.353,3708.161,3715.138,60,1.10797,1.10843,1.107,1.10735,2248,0.87108,0.87146,0.86987,0.87045,6519,102.597,102.602,102.417,102.492,5185,21.333,21.433,21.32,21.425,63,1372.692,1374.937,1371.552,1373.29,60
2014-02-13,09:30:00,-0.4,0.3,-0.1,Core Retail Sales.xlsx,108.103,108.361,108.069,108.194,10,,,,,,,,,,,1.36267,1.36865,1.36192,1.36732,21996,1.66429,1.66532,1.66325,1.66476,10070,15914.431,15914.878,15889.1,15902.421,60,1813.683,1813.683,1810.458,1812.179,57,3614.381,3614.381,3608.015,3610.568,60,1.09845,1.09912,1.09798,1.09818,2642,0.89694,0.89735,0.89241,0.89357,9915,102.086,102.105,101.976,102.025,5607,20.139,20.175,20.122,20.159,60,1287.363,1289.793,1287.112,1289.143,60
2014-01-14,09:30:00,0.2,0.1,0.4,Core Retail Sales.xlsx,106.813,107.13,106.763,106.948,32,,,,,,,,,,,1.3682,1.36867,1.36687,1.36735,12980,1.64229,1.64472,1.63963,1.64089,9503,16282.63,16291.934,16273.707,16273.793,60,1822.174,1823.185,1821.467,1821.467,59,3516.786,3519.57,3515.754,3516.153,60,1.08946,1.09068,1.08919,1.09005,2401,0.90057,0.9018,0.90034,0.90115,7649,103.501,103.745,103.493,103.596,8205,20.291,20.293,20.211,20.222,61,1250.287,1250.442,1248.023,1248.553,60
2013-12-12,09:30:00,0.7,0.6,0.6,Core Retail Sales.xlsx,109.579,109.596,109.219,109.461,45,,,,,,,,,,,1.37842,1.37895,1.37641,1.37675,12436,1.6402,1.6418,1.63943,1.64053,5677,15844.662,15850.994,15833.617,15841.672,60,1782.465,1783.479,1781.957,1782.492,60,3472.258,3474.166,3470.527,3471.735,60,1.058,1.058,1.0561,1.05729,2269,0.8881,0.88869,0.88739,0.88791,5617,102.918,102.938,102.801,102.817,4941,20.195,20.214,19.886,19.917,76,1252.703,1253.35,1239.987,1241.531,60
2013-11-20,09:30:00,0.4,0.1,0.0,Core Retail Sales.xlsx,107.089,107.175,106.539,106.61,55,,,,,,,,,,,1.35366,1.35405,1.35163,1.35221,14879,1.61413,1.61524,1.61156,1.61261,8484,15977.645,15978.885,15967.693,15972.991,60,1788.895,1788.895,1787.46,1787.993,59,3378.98,3379.145,3375.334,3376.719,60,1.04617,1.04638,1.04588,1.04594,1626,0.9101,0.9118,0.90994,0.91121,6164,99.958,100.052,99.888,99.987,5396,20.335,20.373,20.29,20.343,60,1271.953,1272.584,1270.096,1271.013,60
2013-10-29,08:30:00,-0.1,0.1,0.2,Core Retail Sales.xlsx,108.985,109.412,108.958,109.187,57,,,,,,,,,,,1.37758,1.37853,1.37589,1.37634,14733,1.6097,1.61055,1.60778,1.60846,4931,15565.698,15606.892,15565.698,15598.682,60,1761.686,1766.461,1761.686,1765.667,57,3380.592,3391.621,3380.537,3390.063,60,1.04354,1.04454,1.04326,1.04433,2908,0.89601,0.89819,0.89561,0.89774,7184,97.491,97.618,97.489,97.599,4641,22.36,22.396,22.296,22.322,66,1344.662,1347.517,1342.742,1344.462,60
2013-09-13,08:30:00,0.2,0.4,0.4,Core Retail Sales.xlsx,111.167,111.349,110.796,110.807,60,,,,,,,,,,,1.32929,1.32962,1.3285,1.32871,8588,1.58089,1.58171,1.58,1.58089,4101,15315.0,15316.0,15294.0,15304.0,60,1684.69,1684.695,1681.662,1682.897,60,3179.367,3179.693,3173.612,3176.14,60,1.03342,1.03454,1.03342,1.03422,2440,0.93113,0.9315,0.93068,0.93141,4872,99.674,99.722,99.594,99.674,4507,21.821,21.834,21.449,21.481,70,1316.716,1317.175,1308.732,1309.842,60
2013-08-13,08:30:00,0.2,0.3,0.6,Core Retail Sales.xlsx,109.41,109.886,109.41,109.818,60,,,,,,,,,,,1.32928,1.32988,1.32809,1.32972,13184,1.54618,1.54842,1.54338,1.54686,8558,15460.0,15483.0,15459.0,15482.0,60,1693.284,1696.0,1693.264,1695.979,56,3132.227,3134.776,3131.73,3134.53,60,1.03215,1.03306,1.03201,1.03273,4033,0.92771,0.92862,0.92747,0.92779,7122,97.723,97.919,97.708,97.853,6959,21.669,21.756,21.634,21.637,82,1337.64,1337.64,1334.637,1335.64,60
2013-07-15,08:30:00,0.4,0.8,0.5,Core Retail Sales.xlsx,108.655,108.75,108.447,108.576,60,,,,,,,,,,,1.30548,1.3058,1.30201,1.3026,12813,1.50805,1.50811,1.50364,1.50505,5639,15472.0,15477.0,15464.0,15465.0,60,1679.674,1680.192,1678.666,1678.694,60,3074.088,3075.281,3073.138,3073.677,60,1.0394,1.04202,1.03938,1.04202,4606,0.94782,0.95185,0.94774,0.95141,7350,99.521,99.868,99.497,99.796,4418,19.921,19.921,19.786,19.824,60,1286.686,1286.78,1281.02,1282.615,60
2013-06-13,08:30:00,0.6,0.4,0.1,Core Retail Sales.xlsx,102.915,103.108,102.754,103.04,60,,,,,,,,,,,1.33459,1.33497,1.33336,1.3339,13257,1.56634,1.56694,1.56526,1.56578,5693,14929.0,14929.0,14884.0,14913.0,60,1604.288,1604.492,1598.764,1602.477,59,2910.124,2910.277,2899.775,2907.089,60,1.01868,1.01909,1.0176,1.01827,3862,0.91868,0.92132,0.91827,0.92007,8842,94.205,94.408,93.952,94.359,12068,21.799,21.822,21.754,21.798,60,1386.136,1387.855,1385.4,1386.964,60
2013-05-13,08:30:00,0.1,-0.3,-0.5,Core Retail Sales.xlsx,,,,,,,,,,,,,,,,1.29625,1.29733,1.29551,1.29702,12957,1.5359,1.53719,1.53519,1.53719,8484,,,,,,,,,,,,,,,,1.01203,1.01239,1.0107,1.0107,3227,0.95832,0.95938,0.9581,0.95833,7865,101.624,101.808,101.624,101.76,7418,23.564,23.684,23.508,23.657,71,1431.6,1434.64,1428.71,1432.16,60
2013-04-12,08:30:00,-0.4,0.1,1.0,Core Retail Sales.xlsx,,,,,,,,,,,,,,,,1.30636,1.3076,1.30585,1.30634,16017,1.53729,1.53812,1.53567,1.53616,9459,,,,,,,,,,,,,,,,1.01154,1.01187,1.01135,1.01164,3140,0.93197,0.9325,0.93138,0.93211,7775,99.287,99.443,98.969,99.135,13581,27.517,27.561,27.503,27.515,60,1556.94,1557.993,1556.74,1557.152,60
2013-03-13,08:30:00,1.1,0.5,0.2,Core Retail Sales.xlsx,,,,,,,,,,,,,,,,1.30615,1.30644,1.30136,1.30189,11942,1.49595,1.4961,1.49215,1.49264,11863,,,,,,,,,,,,,,,,1.02567,1.02694,1.02567,1.02687,3292,0.94355,0.94786,0.94336,0.94752,9532,95.48,95.929,95.474,95.854,10155,29.12,29.136,29.033,29.045,64,1592.303,1592.943,1589.867,1590.404,60
2013-02-13,09:30:00,0.1,0.1,0.5,Core Retail Sales.xlsx,,,,,,,,,,,,,,,,1.34659,1.34872,1.34655,1.34722,9462,1.5642,1.56566,1.56412,1.56487,9197,,,,,,,,,,,,,,,,1.00287,1.00306,1.00214,1.00295,3016,0.91801,0.91834,0.91699,0.91768,9342,93.339,93.39,93.223,93.267,6236,31.027,31.044,30.948,30.986,60,1647.216,1647.662,1645.955,1647.128,60
2013-01-15,09:30:00,0.5,0.2,0.4,Core Retail Sales.xlsx,,,,,,,,,,,,,,,,1.33727,1.33859,1.3357,1.3383,10065,1.60924,1.60942,1.60711,1.60888,11329,,,,,,,,,,,,,,,,0.98384,0.98439,0.98369,0.98385,4107,0.92245,0.92338,0.9223,0.92261,9453,88.787,88.846,88.687,88.84,9083,31.34,31.381,31.274,31.311,66,1681.433,1683.113,1680.152,1681.143,60
2012-12-13,09:30:00,0.3,0.5,-0.3,Core Retail Sales.xlsx,,,,,,,,,,,,,,,,1.30646,1.30738,1.30495,1.3063,9877,1.6126,1.61323,1.61192,1.61227,7661,,,,,,,,,,,,,,,,0.98344,0.98364,0.98298,0.98305,3333,0.92522,0.9267,0.92467,0.92591,9055,83.399,83.468,83.243,83.342,7324,32.879,32.92,32.839,32.884,60,1696.752,1699.291,1696.59,1698.452,60
2012-11-14,09:30:00,-0.3,-0.2,1.3,Core Retail Sales.xlsx,,,,,,,,,,,,,,,,1.27314,1.27562,1.2725,1.2749,13826,1.5884,1.59005,1.58732,1.58975,8543,,,,,,,,,,,,,,,,1.00045,1.00079,0.99979,0.99994,4705,0.9454,0.94591,0.94379,0.94416,8705,79.916,79.989,79.903,79.923,4985,32.566,32.597,32.491,32.574,63,1726.433,1726.852,1724.413,1726.023,60
2012-10-15,08:30:00,1.1,0.8,1.2,Core Retail Sales.xlsx,,,,,,,,,,,,,,,,1.29475,1.29692,1.29426,1.29619,10320,1.60513,1.60685,1.60462,1.60632,9070,,,,,,,,,,,,,,,,0.97904,0.97939,0.97823,0.97837,4475,0.93392,0.93423,0.93234,0.93284,7190,78.574,78.615,78.516,78.564,3102,33.233,33.289,33.18,33.255,60,1746.952,1748.352,1745.692,1747.152,60
2012-09-14,08:30:00,0.9,0.7,0.6,Core Retail Sales.xlsx,,,,,,,,,,,,,,,,1.30235,1.30379,1.3021,1.30355,9493,1.61883,1.62053,1.61882,1.6191,8716,,,,,,,,,,,,,,,,0.96535,0.96658,0.96518,0.96591,5257,0.93378,0.93384,0.93239,0.93253,7454,77.653,77.757,77.652,77.757,4292,34.584,34.693,34.495,34.67,71,1771.993,1772.803,1767.213,1772.793,60
2012-08-14,08:30:00,0.8,0.3,-0.7,Core Retail Sales.xlsx,,,,,,,,,,,,,,,,1.23763,1.23841,1.23655,1.23692,13162,1.57065,1.57282,1.5691,1.56912,12282,,,,,,,,,,,,,,,,0.99185,0.99255,0.99153,0.9925,10594,0.97034,0.97111,0.9697,0.97074,9832,78.563,78.583,78.51,78.52,2905,27.968,27.975,27.903,27.913,63,1615.113,1615.452,1613.675,1613.933,60
2012-07-16,08:30:00,-0.5,0.2,-0.2,Core Retail Sales.xlsx,,,,,,,,,,,,,,,,1.22264,1.22325,1.22053,1.22069,11259,1.55473,1.55503,1.55319,1.55388,9674,,,,,,,,,,,,,,,,1.01442,1.01497,1.01402,1.01484,7573,0.98225,0.98393,0.98175,0.9838,8831,79.019,79.085,79.001,79.07,2002,27.19,27.223,27.108,27.125,64,1586.603,1587.441,1584.271,1584.753,60
2012-06-13,08:30:00,-0.2,-0.2,-0.2,Core Retail Sales.xlsx,,,,,,,,,,,,,,,,1.25274,1.25324,1.2512,1.25225,16964,1.55696,1.55737,1.55577,1.55724,11713,,,,,,,,,,,,,,,,1.02569,1.02695,1.02542,1.02645,9236,0.9587,0.95988,0.95839,0.95907,13847,79.568,79.61,79.525,79.587,6024,28.978,29.004,28.836,28.894,70,1614.077,1614.4,1610.463,1611.773,60
2012-05-15,08:30:00,0.1,0.2,0.7,Core Retail Sales.xlsx,,,,,,,,,,,,,,,,1.28654,1.28664,1.28438,1.28493,13676,1.60922,1.60963,1.6063,1.60672,9886,,,,,,,,,,,,,,,,0.99961,1.00211,0.99957,1.00159,7085,0.93363,0.93502,0.93351,0.93451,11898,79.916,79.936,79.855,79.928,5351,28.323,28.354,28.193,28.223,60,1558.812,1559.565,1555.438,1556.921,60
2012-04-16,08:30:00,0.8,0.3,1.0,Core Retail Sales.xlsx,,,,,,,,,,,,,,,,1.3016,1.30208,1.3003,1.30141,14743,1.58277,1.58466,1.58187,1.58348,10401,,,,,,,,,,,,,,,,1.0007,1.00109,0.99952,0.99963,7642,0.92383,0.92476,0.92337,0.92419,12854,80.551,80.669,80.514,80.669,5443,31.263,31.293,31.195,31.244,60,1644.91,1646.904,1643.862,1645.692,60
2012-03-13,08:30:00,1.1,1.1,0.6,Core Retail Sales.xlsx,,,,,,,,,,,,,,,,1.3164,1.31648,1.31279,1.31283,15560,1.56458,1.56598,1.56386,1.56483,9182,,,,,,,,,,,,,,,,0.99062,0.99145,0.99041,0.99122,8024,0.91596,0.91853,0.91583,0.91846,11138,82.38,82.789,82.359,82.76,8627,33.634,33.635,33.434,33.464,69,1701.463,1701.643,1696.652,1696.781,60
2012-02-14,09:30:00,0.4,0.8,0.0,Core Retail Sales.xlsx,,,,,,,,,,,,,,,,1.31679,1.31888,1.31575,1.31857,14350,1.57312,1.57483,1.57111,1.57365,11899,,,,,,,,,,,,,,,,1.00116,1.00178,0.99995,0.99997,8109,0.91727,0.91822,0.91619,0.91631,10375,77.951,78.188,77.949,78.103,6414,33.402,33.467,33.368,33.445,94,1714.665,1718.889,1714.577,1718.018,60
2012-01-12,09:30:00,0.1,0.3,0.4,Core Retail Sales.xlsx,,,,,,,,,,,,,,,,1.27189,1.27471,1.2708,1.27462,21950,1.53017,1.53446,1.52893,1.53411,17619,,,,,,,,,,,,,,,,1.01831,1.0191,1.01651,1.01655,9124,0.9523,0.95305,0.95038,0.95048,14710,76.961,76.973,76.912,76.923,5274,30.123,30.284,30.071,30.274,74,1645.377,1650.591,1644.0,1649.414,60
2011-12-13,09:30:00,0.2,0.6,0.6,Core Retail Sales.xlsx,,,,,,,,,,,,,,,,1.31851,1.3194,1.31669,1.31818,15083,1.55824,1.56034,1.55686,1.55864,15202,,,,,,,,,,,,,,,,1.02677,1.0289,1.02648,1.02705,8570,0.93698,0.93844,0.9361,0.93687,10721,77.772,77.861,77.77,77.86,4831,31.203,31.333,31.143,31.297,74,1660.723,1663.347,1657.901,1661.91,60
2011-11-15,09:30:00,0.5,0.4,1.1,Core Retail Sales.xlsx,,,,,,,,,,,,,,,,1.35759,1.35759,1.3536,1.3546,18347,1.58904,1.58967,1.58275,1.58575,14562,,,,,,,,,,,,,,,,1.0203,1.02266,1.0203,1.0223,9759,0.91351,0.9177,0.91349,0.91516,11657,77.077,77.107,77.0,77.061,4688,33.927,33.938,33.743,33.837,76,1765.53,1766.035,1760.339,1764.469,60
2011-10-14,08:30:00,1.1,0.5,0.3,Core Retail Sales.xlsx,,,,,,,,,,,,,,,,1.37684,1.38272,1.37672,1.38,17948,1.57664,1.57902,1.5757,1.57657,12397,,,,,,,,,,,,,,,,1.01944,1.01979,1.01679,1.0184,7339,0.89859,0.89866,0.89459,0.89623,9904,76.975,76.989,76.864,76.906,4875,32.173,32.25,32.088,32.11,81,1676.713,1679.179,1674.837,1677.741,60
2011-09-14,08:30:00,0.0,0.2,0.3,Core Retail Sales.xlsx,,,,,,,,,,,,,,,,1.36569,1.36769,1.36356,1.36596,16425,1.57412,1.57735,1.57332,1.57703,12801,,,,,,,,,,,,,,,,0.99093,0.99251,0.99,0.99212,8034,0.88181,0.88292,0.88055,0.88107,13266,76.907,76.929,76.869,76.889,3960,40.767,40.985,40.714,40.879,79,1827.586,1836.258,1826.289,1830.376,60
2011-08-12,08:30:00,0.5,0.5,0.3,Core Retail Sales.xlsx,,,,,,,,,,,,,,,,1.42001,1.42413,1.41972,1.42243,25030,1.61809,1.62765,1.61809,1.6266,14378,,,,,,,,,,,,,,,,0.9882,0.98932,0.98612,0.98703,7642,0.76534,0.7766,0.76533,0.77041,11910,76.639,76.749,76.594,76.703,6060,38.588,38.703,38.48,38.634,60,1757.424,1761.769,1754.827,1760.666,60
2011-07-14,08:30:00,0.1,0.0,-0.1,Core Retail Sales.xlsx,,,,,,,,,,,,,,,,1.42014,1.42389,1.41927,1.42315,14482,1.61171,1.61346,1.60943,1.61319,8657,,,,,,,,,,,,,,,,0.95888,0.95969,0.95781,0.95789,5193,0.81598,0.81634,0.81445,0.81476,6121,79.051,79.126,78.926,78.987,6705,38.513,39.005,38.368,39.005,95,1583.041,1588.83,1582.57,1588.46,60
2011-06-14,08:30:00,-0.2,-0.7,0.3,Core Retail Sales.xlsx,,,,,,,,,,,,,,,,1.44561,1.4468,1.44489,1.44534,12441,1.64181,1.6437,1.63847,1.63853,12527,,,,,,,,,,,,,,,,0.97471,0.97472,0.97356,0.97449,4652,0.83696,0.83966,0.83672,0.83911,7930,80.36,80.43,80.204,80.239,8211,34.839,35.073,34.82,35.048,130,1518.631,1521.079,1518.551,1521.021,60
2011-05-12,08:30:00,0.5,0.6,0.9,Core Retail Sales.xlsx,,,,,,,,,,,,,,,,1.42243,1.42329,1.41784,1.41959,18631,1.63371,1.6348,1.62573,1.62906,14566,,,,,,,,,,,,,,,,0.96364,0.96675,0.96332,0.9649,6405,0.8863,0.88781,0.88553,0.88674,9862,81.093,81.096,80.97,81.037,8480,34.184,34.263,33.629,34.139,188,1495.523,1495.951,1486.623,1491.376,60
2011-04-13,08:30:00,0.4,0.5,1.1,Core Retail Sales.xlsx,,,,,,,,,,,,,,,,1.45053,1.45098,1.4483,1.44978,11529,1.62875,1.62948,1.62535,1.62685,11128,,,,,,,,,,,,,,,,0.96119,0.96235,0.96081,0.96141,3475,0.89766,0.89845,0.8966,0.89687,7508,84.045,84.048,83.847,83.981,6180,40.304,40.414,40.183,40.314,100,1458.562,1459.208,1455.895,1457.264,60
2011-03-11,09:30:00,1.0,1.0,0.7,Core Retail Sales.xlsx,,,,,,,,,,,,,,,,1.38329,1.38335,1.3791,1.38021,10109,1.6048,1.60548,1.60127,1.60157,10211,,,,,,,,,,,,,,,,0.97266,0.97375,0.97256,0.97325,3860,0.93349,0.93474,0.93295,0.93415,10700,82.787,82.845,82.549,82.629,6987,35.12,35.174,34.54,34.614,60,1415.664,1416.975,1408.587,1410.567,60
2011-02-15,09:30:00,0.3,0.5,0.5,Core Retail Sales.xlsx,,,,,,,,,,,,,,,,1.35092,1.35418,1.35076,1.3509,14379,1.6067,1.61053,1.6017,1.60213,17072,,,,,,,,,,,,,,,,0.98679,0.98702,0.98512,0.98551,4254,0.96908,0.96971,0.9683,0.96959,13788,83.547,83.649,83.527,83.594,9099,,,,,,1365.062,1372.829,1364.57,1371.675,60
2011-01-14,09:30:00,0.6,0.7,0.8,Core Retail Sales.xlsx,,,,,,,,,,,,,,,,1.34134,1.3416,1.33579,1.3367,11778,1.58268,1.58533,1.58104,1.58389,8791,,,,,,,,,,,,,,,,0.99268,0.99424,0.9921,0.99399,3025,0.96225,0.96383,0.96214,0.96342,6866,82.509,82.92,82.509,82.838,7081,,,,,,1371.251,1372.184,1367.954,1367.994,60
2010-12-14,09:30:00,0.8,0.5,1.7,Core Retail Sales.xlsx,,,,,,,,,,,,,,,,1.34371,1.34449,1.34112,1.34325,11151,1.58634,1.59047,1.58584,1.58781,8327,,,,,,,,,,,,,,,,1.00765,1.00836,1.00741,1.00817,2710,0.96583,0.96601,0.96373,0.96476,9137,83.387,83.387,83.236,83.251,4612,,,,,,1403.533,1404.939,1401.92,1402.829,60
2010-11-15,09:30:00,1.2,0.7,0.7,Core Retail Sales.xlsx,,,,,,,,,,,,,,,,1.36346,1.36475,1.36269,1.36341,4010,1.60619,1.60726,1.60514,1.60571,3039,,,,,,,,,,,,,,,,1.01234,1.01245,1.01074,1.01231,1511,0.98321,0.98343,0.97967,0.98112,2789,82.934,82.949,82.81,82.922,2585,,,,,,1366.666,1368.815,1364.406,1368.815,60
2010-10-15,08:30:00,0.6,0.4,0.7,Core Retail Sales.xlsx,,,,,,,,,,,,,,,,1.40855,1.41129,1.40794,1.40954,4502,1.60505,1.6057,1.6041,1.60425,14185,,,,,,,,,,,,,,,,1.00565,1.0074,1.00565,1.0058,11117,0.9557,0.95685,0.9544,0.9549,15764,81.25,81.265,81.14,81.23,17501,,,,,,1378.127,1379.667,1376.435,1377.502,60
2010-09-14,08:30:00,0.4,0.3,0.3,Core Retail Sales.xlsx,,,,,,,,,,,,,,,,1.28983,1.29047,1.28788,1.2882,4589,1.54095,1.5442,1.5381,1.54185,13832,,,,,,,,,,,,,,,,1.0276,1.02895,1.02735,1.0276,10161,0.9997,1.00245,0.9997,1.00215,14825,83.21,83.37,83.075,83.325,25976,,,,,,1252.926,1254.229,1252.278,1253.857,60
2010-08-13,08:30:00,0.4,0.5,-0.3,Core Retail Sales.xlsx,,,,,,,,,,,,,,,,1.28617,1.28687,1.28277,1.28576,4732,1.5647,1.56655,1.5621,1.5647,13346,,,,,,,,,,,,,,,,1.03765,1.0381,1.03685,1.0378,11324,1.0483,1.0535,1.04825,1.05255,17444,85.92,85.96,85.84,85.865,21159,,,,,,1215.479,1217.037,1214.947,1215.657,60
2010-07-14,08:30:00,-0.5,-0.2,-1.1,Core Retail Sales.xlsx,,,,,,,,,,,,,,,,1.27154,1.2736,1.27076,1.27181,4388,1.5226,1.52785,1.5223,1.52545,17180,,,,,,,,,,,,,,,,1.03025,1.0321,1.02915,1.03195,8479,1.0586,1.05955,1.05745,1.0585,13931,88.85,88.935,88.835,88.91,20067,,,,,,1213.393,1213.654,1211.339,1211.986,60
2010-06-11,08:30:00,-1.2,0.3,0.6,Core Retail Sales.xlsx,,,,,,,,,,,,,,,,1.21124,1.21188,1.20899,1.21075,4304,1.46905,1.47095,1.4658,1.4663,20287,,,,,,,,,,,,,,,,1.0338,1.03445,1.03205,1.033,8080,1.1426,1.1432,1.14155,1.1426,27961,91.595,91.645,91.515,91.58,19224,,,,,,1218.393,1220.064,1217.924,1220.004,60
2010-05-14,08:30:00,0.4,0.3,2.1,Core Retail Sales.xlsx,,,,,,,,,,,,,,,,1.25218,1.25287,1.24781,1.24825,4434,1.4551,1.45935,1.4534,1.45545,13149,,,,,,,,,,,,,,,,1.024,1.02545,1.02265,1.02475,10593,1.1196,1.12265,1.1189,1.1226,34061,92.74,92.745,92.5,92.5,22328,,,,,,1238.216,1239.672,1236.648,1239.135,60
2010-04-14,08:30:00,1.6,1.1,0.5,Core Retail Sales.xlsx,,,,,,,,,,,,,,,,1.36251,1.36499,1.36243,1.36454,4106,1.54145,1.5428,1.54,1.5423,15325,,,,,,,,,,,,,,,,0.99835,0.9987,0.99765,0.99845,10846,1.05455,1.0546,1.05235,1.0531,27938,93.465,93.625,93.45,93.485,35277,,,,,,1154.868,1160.02,1154.048,1158.698,60
2010-03-12,09:30:00,0.3,-0.1,0.1,Core Retail Sales.xlsx,,,,,,,,,,,,,,,,1.37205,1.37628,1.37099,1.37579,4105,1.51135,1.5153,1.51025,1.51455,17683,,,,,,,,,,,,,,,,1.0235,1.02425,1.02275,1.0233,5508,1.0645,1.06495,1.06,1.0605,26898,90.515,90.58,90.28,90.3,30160,,,,,,1114.354,1117.392,1114.025,1117.314,60
2010-02-12,09:30:00,0.5,0.4,-0.1,Core Retail Sales.xlsx,,,,,,,,,,,,,,,,1.36243,1.36387,1.3564,1.35665,4999,1.57155,1.5729,1.5649,1.56545,12225,,,,,,,,,,,,,,,,1.0509,1.0529,1.0495,1.05275,10030,1.0766,1.07985,1.07555,1.0798,20653,90.17,90.28,89.92,89.925,17517,,,,,,1088.376,1089.312,1085.57,1085.914,60
2010-01-14,09:30:00,-0.3,0.4,1.8,Core Retail Sales.xlsx,,,,,,,,,,,,,,,,1.45193,1.4531,1.45007,1.45045,3854,1.62915,1.63125,1.62735,1.62815,13536,,,,,,,,,,,,,,,,1.0313,1.03165,1.02955,1.02985,7449,1.0189,1.02075,1.0183,1.0204,21157,91.86,92.04,91.85,91.875,29227,,,,,,1139.339,1139.777,1135.173,1135.218,60
2009-12-11,09:30:00,1.3,0.6,1.1,Core Retail Sales.xlsx,,,,,,,,,,,,,,,,1.47388,1.47696,1.47315,1.47525,5005,1.63045,1.63385,1.6302,1.6315,13402,,,,,,,,,,,,,,,,1.05115,1.05155,1.0495,1.05025,5222,1.02595,1.02605,1.02405,1.02505,28108,88.81,88.94,88.81,88.93,30000,,,,,,1137.455,1138.586,1136.431,1137.709,60
2009-11-16,09:30:00,1.4,1.0,-2.3,Core Retail Sales.xlsx,,,,,,,,,,,,,,,,1.49677,1.4983,1.49581,1.497,4899,1.6696,1.67155,1.66765,1.66995,12448,,,,,,,,,,,,,,,,1.04755,1.04775,1.0453,1.0469,8697,1.00825,1.0088,1.0072,1.00825,14539,89.46,89.54,89.425,89.46,21423,,,,,,1128.404,1130.813,1128.12,1130.67,60
2009-10-14,08:30:00,-1.5,-2.0,2.2,Core Retail Sales.xlsx,,,,,,,,,,,,,,,,1.48949,1.49044,1.48747,1.49011,4721,1.5969,1.6007,1.59335,1.6003,20628,,,,,,,,,,,,,,,,1.02795,1.02925,1.0268,1.02705,13637,1.01865,1.0194,1.01775,1.01775,24513,89.195,89.265,89.085,89.085,23368,,,,,,1067.862,1068.718,1063.603,1066.07,60
2009-09-15,08:30:00,2.7,1.8,-0.2,Core Retail Sales.xlsx,,,,,,,,,,,,,,,,1.45985,1.46148,1.45941,1.46066,4984,1.65985,1.666,1.6598,1.6622,16113,,,,,,,,,,,,,,,,1.0843,1.08475,1.08315,1.0844,4598,1.03765,1.03835,1.0367,1.03775,17947,91.115,91.115,91.01,91.08,18624,,,,,,996.978,998.751,996.464,998.566,60
2009-08-13,08:30:00,-0.1,0.5,0.8,Core Retail Sales.xlsx,,,,,,,,,,,,,,,,1.42458,1.42655,1.42318,1.42545,4714,,,,,,,,,,,,,,,,,,,,,,,,,,,,,,,,,,,,,,,,,952.035,953.677,951.294,953.115,60
2009-07-14,08:30:00,0.6,0.4,0.5,Core Retail Sales.xlsx,,,,,,,,,,,,,,,,,,,,,,,,,,,,,,,,,,,,,,,,,,,,,,,,,,,,,,,,,,,,,921.728,922.439,920.718,921.215,60
2009-06-11,08:30:00,0.5,0.4,-0.2,Core Retail Sales.xlsx,,,,,,,,,,,,,,,,,,,,,,,,,,,,,,,,,,,,,,,,,,,,,,,,,,,,,,,,,,,,,952.24,956.383,951.772,955.989,60
2009-05-13,08:30:00,-0.4,0.0,-1.3,Core Retail Sales.xlsx,,,,,,,,,,,,,,,,,,,,,,,,,,,,,,,,,,,,,,,,,,,,,,,,,,,,,,,,,,,,,926.696,927.619,924.995,926.448,60
2009-04-14,08:30:00,-1.1,0.3,-0.1,Core Retail Sales.xlsx,,,,,,,,,,,,,,,,,,,,,,,,,,,,,,,,,,,,,,,,,,,,,,,,,,,,,,,,,,,,,894.64,895.817,894.07,894.635,60
2009-02-12,08:30:00,-0.1,-0.5,1.8,Core Retail Sales.xlsx,,,,,,,,,,,,,,,,,,,,,,,,,,,,,,,,,,,,,,,,,,,,,,,,,,,,,,,,,,,,,940.37,945.968,940.37,944.477,60
2009-01-14,09:30:00,-2.7,-1.2,-1.8,Core Retail Sales.xlsx,,,,,,,,,,,,,,,,,,,,,,,,,,,,,,,,,,,,,,,,,,,,,,,,,,,,,,,,,,,,,825.275,826.292,823.704,824.666,60
2025-08-01,08:30:00,73000.0,106000.0,14000.0,NFP.xlsx,71.635,71.93,71.205,71.33,60,115025.6,115028.4,114089.1,114552.0,2,3647.8,3647.8,3584.9,3607.2,2,1.14184,1.14204,1.14052,1.14062,3387,1.31941,1.31947,1.31596,1.31603,3432,43770.327,43839.899,43699.863,43763.327,60,6293.128,6296.616,6274.866,6285.429,60,23039.998,23041.887,22932.532,22984.075,60,1.38709,1.38757,1.38682,1.38753,3067,0.81471,0.81704,0.81465,0.81697,4854,150.532,150.626,150.508,150.609,5491,36.437,36.479,36.342,36.416,135,3286.598,3294.248,3285.115,3294.095,60
2025-07-03,08:30:00,147000.0,111000.0,144000.0,NFP.xlsx,68.505,68.695,68.325,68.605,60,109325.8,109585.4,109322.0,109405.1,2,2598.8,2605.2,2586.2,2586.5,2,1.18013,1.18082,1.17953,1.17977,4777,1.36549,1.36757,1.36545,1.36639,4067,44500.575,44504.551,44456.575,44456.599,60,6232.466,6233.734,6226.222,6226.228,60,22668.331,22680.409,22641.642,22641.686,60,1.35921,1.35927,1.35855,1.35873,5675,0.79137,0.79191,0.79087,0.79187,3341,143.861,143.894,143.77,143.876,4539,36.902,37.064,36.891,37.029,101,3352.825,3358.155,3351.395,3355.995,60
2025-06-06,08:30:00,139000.0,126000.0,147000.0,NFP.xlsx,64.965,65.19,64.905,65.135,60,103185.6,103647.0,103185.6,103567.9,2,2453.8,2464.6,2452.4,2459.6,2,1.14266,1.14292,1.14115,1.14142,6058,1.35452,1.35479,1.35344,1.35378,3818,42491.799,42499.999,42456.299,42481.703,60,5963.122,5965.113,5957.866,5963.113,60,21627.61,21639.031,21605.543,21628.531,60,1.36677,1.36803,1.36677,1.368,4239,0.8207,0.82203,0.82069,0.82196,4844,143.908,144.068,143.879,144.053,7310,36.147,36.257,36.06,36.211,117,3359.415,3367.559,3358.115,3365.185,60
2025-05-02,08:30:00,177000.0,138000.0,185000.0,NFP.xlsx,62.084,62.325,61.725,61.745,60,96372.7,96779.5,96372.0,96633.7,2,1813.9,1824.2,1812.1,1821.3,2,1.13278,1.13346,1.13159,1.13319,8353,1.32987,1.3299,1.32819,1.32914,4264,40989.587,41017.099,40884.503,40886.527,60,5626.429,5635.384,5613.875,5614.113,60,19808.898,19855.487,19773.753,19776.376,60,1.38166,1.38341,1.38166,1.38298,3338,0.82728,0.82776,0.82595,0.82621,6607,145.124,145.206,144.819,144.827,10380,32.537,32.584,32.475,32.481,60,3258.785,3261.415,3254.975,3257.775,60
2025-04-04,08:30:00,228000.0,137000.0,117000.0,NFP.xlsx,68.495,68.565,67.555,67.575,60,83971.8,84620.9,83922.8,84394.9,2,1815.2,1832.2,1812.4,1825.7,2,1.10039,1.10095,1.09749,1.09961,19420,1.30073,1.30144,1.29747,1.29825,13989,40271.039,40280.051,40094.587,40134.063,60,5361.254,5370.236,5348.998,5353.628,60,18426.921,18501.82,18410.654,18431.41,60,1.41467,1.41634,1.41269,1.41317,16128,0.85514,0.857,0.85333,0.85553,13482,146.27,146.485,146.146,146.409,26148,31.246,31.42,31.159,31.375,114,3092.635,3093.885,3078.255,3083.858,60
2025-03-07,09:30:00,151000.0,159000.0,125000.0,NFP.xlsx,70.235,70.425,70.2,70.415,60,88333.0,89652.4,88324.0,88911.0,2,2182.5,2208.0,2181.7,2190.6,2,1.08508,1.08714,1.08445,1.0861,10963,1.29202,1.29443,1.29146,1.2938,5043,42619.015,42691.551,42610.551,42670.063,60,5752.619,5765.363,5750.366,5759.619,60,20135.587,20193.943,20125.208,20164.199,60,1.42954,1.43002,1.42859,1.42993,8161,0.87782,0.87874,0.87666,0.87853,6233,147.335,147.583,147.289,147.441,15261,32.613,32.668,32.601,32.632,81,2922.195,2922.875,2919.995,2921.335,60
2025-02-07,09:30:00,143000.0,169000.0,307000.0,NFP.xlsx,74.975,74.98,74.625,74.93,60,97027.0,97375.2,97027.0,97273.6,2,2727.3,2739.5,2724.4,2736.4,2,1.03977,1.03991,1.03896,1.0391,6717,1.2465,1.24683,1.24571,1.2459,5319,44727.527,44782.099,44720.539,44780.799,60,6077.179,6083.131,6075.878,6081.628,60,21747.765,21768.689,21739.053,21757.797,60,1.43065,1.43127,1.4305,1.43113,6114,0.90571,0.90609,0.9055,0.90592,4603,151.74,151.832,151.696,151.822,9106,32.32,32.413,32.285,32.308,88,2866.165,2870.505,2865.425,2868.795,60
2025-01-10,09:30:00,256000.0,164000.0,212000.0,NFP.xlsx,77.943,78.733,77.858,78.723,60,94633.8,94941.1,94537.7,94764.9,2,3292.9,3307.1,3287.1,3299.3,2,1.03027,1.03058,1.0299,1.02998,12429,1.2288,1.23079,1.2284,1.23019,6454,42601.085,42608.501,42506.549,42562.297,60,5904.827,5906.029,5894.761,5899.764,60,21108.697,21119.499,21073.432,21102.343,60,1.44106,1.44169,1.44075,1.441,6664,0.91247,0.91343,0.91242,0.91338,4796,157.821,157.945,157.622,157.929,33117,30.261,30.34,30.232,30.299,71,2679.765,2682.155,2677.505,2678.244,60
2024-12-06,09:30:00,227000.0,202000.0,36000.0,NFP.xlsx,71.793,71.953,71.683,71.793,60,98398.7,98494.7,98010.7,98077.7,2,3879.6,3888.3,3856.8,3869.9,6,1.05819,1.05834,1.05713,1.05772,13481,1.27608,1.27647,1.27551,1.2759,4372,44772.503,44781.515,44742.075,44769.063,60,6076.282,6077.032,6072.511,6074.02,59,21441.064,21441.986,21417.009,21423.465,60,1.40364,1.40435,1.40355,1.40383,6814,0.87873,0.87943,0.87862,0.87882,4032,150.367,150.604,150.361,150.574,21856,31.334,31.363,31.257,31.309,83,2644.045,2645.535,2639.605,2640.615,60
2024-11-01,08:30:00,12000.0,106000.0,223000.0,NFP.xlsx,74.333,74.923,74.313,74.553,60,69164.4,69420.0,69145.6,69258.4,2,2502.0,2512.8,2493.4,2499.0,3,1.08679,1.0868,1.08573,1.08622,14443,1.28978,1.29179,1.28879,1.29039,5390,41819.475,41872.451,41804.415,41849.963,60,5718.617,5726.002,5717.632,5722.743,60,19964.286,19990.632,19956.032,19970.675,60,1.39412,1.39421,1.39287,1.39307,5035,0.86848,0.86935,0.86745,0.86808,7168,152.546,152.691,152.522,152.639,24978,32.655,32.868,32.639,32.834,133,2749.535,2754.948,2748.455,2753.335,60
2024-10-04,08:30:00,254000.0,147000.0,159000.0,NFP.xlsx,78.213,78.473,78.103,78.453,60,61406.1,61609.3,61304.2,61415.9,2,2379.2,2391.1,2375.4,2379.2,2,1.10278,1.103,1.10212,1.10254,12855,1.31586,1.31656,1.31452,1.31563,7124,42033.263,42035.263,41967.239,41972.287,60,5706.877,5708.832,5700.564,5700.829,60,19835.12,19845.975,19802.32,19806.108,60,1.35582,1.3564,1.35571,1.35585,6446,0.852,0.85254,0.85152,0.85152,6145,146.305,146.41,146.247,146.336,17816,32.081,32.085,31.954,31.999,94,2660.865,2661.405,2658.715,2658.894,60
2024-09-06,08:30:00,142000.0,164000.0,89000.0,NFP.xlsx,73.067,73.217,72.457,72.702,60,55762.7,55897.4,55603.0,55749.2,2,2342.0,2355.1,2336.1,2347.8,2,1.11157,1.11207,1.11129,1.11173,9461,1.31814,1.3184,1.31658,1.31671,5218,40619.025,40668.087,40585.003,40613.299,60,5469.57,5472.877,5460.564,5464.573,60,18743.153,18756.298,18675.489,18691.189,60,1.34955,1.3505,1.34931,1.35021,4780,0.84206,0.84206,0.84054,0.84095,4858,142.522,142.724,142.48,142.612,36093,28.788,28.866,28.739,28.778,160,2516.355,2518.155,2515.358,2517.738,60
2024-08-02,08:30:00,114000.0,176000.0,179000.0,NFP.xlsx,80.357,80.433,79.893,79.928,60,64095.4,64556.9,63966.5,64556.9,2,3143.7,3155.6,3130.7,3155.0,2,1.08041,1.08152,1.08031,1.08145,16338,1.2713,1.2737,1.2713,1.2735,4773,40085.003,40138.087,40058.087,40132.599,60,5399.073,5400.627,5386.073,5398.832,60,18619.832,18632.12,18543.631,18600.776,60,1.38712,1.38807,1.38684,1.38744,6534,0.8718,0.87251,0.87136,0.87171,5996,149.21,149.321,148.832,149.071,28703,28.893,28.953,28.858,28.885,72,2461.505,2465.225,2460.815,2461.918,60
2024-07-05,08:30:00,206000.0,191000.0,218000.0,NFP.xlsx,87.483,87.563,87.293,87.293,60,54368.5,54395.2,54023.1,54048.0,2,2879.2,2881.5,2847.1,2849.0,3,1.08289,1.08305,1.08227,1.0828,7141,1.27801,1.27812,1.27734,1.27793,2152,39348.003,39356.575,39299.551,39317.575,60,5539.664,5542.882,5537.364,5538.126,60,20208.52,20224.889,20192.943,20196.487,60,1.36037,1.36113,1.36029,1.36039,4251,0.89801,0.8988,0.89789,0.89827,2404,160.77,160.823,160.632,160.737,11236,30.58,30.612,30.546,30.557,62,2365.115,2367.955,2364.515,2366.355,60
2024-06-07,08:30:00,272000.0,182000.0,165000.0,NFP.xlsx,79.913,79.993,79.523,79.623,60,71062.2,71128.1,70994.8,71078.0,2,3813.5,3814.3,3805.4,3808.4,4,1.08927,1.08929,1.08831,1.08889,13340,1.28002,1.2801,1.27821,1.27882,3551,38938.163,38938.663,38874.627,38887.627,60,5356.111,5358.177,5351.623,5353.117,60,19045.319,19059.899,19036.776,19041.153,60,1.36731,1.36876,1.36724,1.36829,5716,0.88959,0.89004,0.88925,0.88935,3558,155.419,155.565,155.312,155.356,23959,31.204,31.221,30.633,30.746,283,2373.415,2373.765,2342.424,2347.195,60
2024-05-03,08:30:00,175000.0,238000.0,315000.0,NFP.xlsx,83.973,84.013,83.653,83.813,60,59151.9,59353.0,59107.2,59190.7,2,2966.6,2981.7,2962.2,2971.0,3,1.07344,1.07441,1.07323,1.07425,8616,1.25475,1.25625,1.25457,1.25591,4349,38465.527,38510.563,38460.299,38491.075,60,5076.906,5082.677,5076.65,5081.056,60,17639.13,17661.419,17634.542,17653.519,60,1.36694,1.36716,1.36612,1.36626,4349,0.90761,0.90819,0.90722,0.90782,4048,153.297,153.332,153.151,153.19,16509,26.533,26.598,26.486,26.528,61,2299.105,2302.555,2298.255,2301.305,60
2024-04-05,08:30:00,303000.0,212000.0,270000.0,NFP.xlsx,90.743,90.873,90.583,90.763,60,66885.7,67611.6,66873.0,67108.2,2,3283.4,3310.0,3274.4,3282.1,2,1.0839,1.08463,1.08361,1.08375,7314,1.26268,1.26401,1.26215,1.26366,3148,38658.027,38673.799,38637.015,38656.575,60,5162.264,5165.023,5159.282,5163.017,60,17940.886,17953.631,17926.743,17944.653,60,1.35604,1.35663,1.3557,1.35613,2407,0.90412,0.90446,0.90283,0.90341,4012,151.336,151.45,151.306,151.41,20791,26.761,26.807,26.69,26.75,95,2289.045,2291.685,2284.768,2288.015,60
2024-03-08,09:30:00,275000.0,198000.0,229000.0,NFP.xlsx,83.733,83.823,83.148,83.208,60,67222.0,67427.0,67066.6,67102.0,2,3944.7,3952.9,3929.6,3931.1,2,1.09358,1.09373,1.09261,1.09352,9923,1.28201,1.28292,1.28125,1.28272,4080,38792.063,38795.015,38732.503,38745.003,60,5164.437,5165.076,5161.181,5162.461,60,18302.13,18324.289,18287.732,18313.587,60,1.34355,1.34395,1.34315,1.34367,5091,0.87637,0.8767,0.87575,0.87646,3749,147.814,147.825,146.874,147.132,16916,24.476,24.531,24.459,24.504,75,2165.125,2170.995,2164.525,2168.978,60
2024-02-02,09:30:00,353000.0,187000.0,333000.0,NFP.xlsx,78.717,79.233,78.573,79.108,60,42960.1,43018.6,42907.5,42939.5,2,2305.3,2310.7,2303.5,2306.4,2,1.08792,1.08974,1.08792,1.08908,11609,1.27421,1.2764,1.27421,1.27572,3394,38524.299,38528.599,38496.039,38509.539,60,4935.473,4937.707,4929.66,4932.641,60,17521.631,17540.042,17504.665,17516.643,60,1.33798,1.33803,1.3367,1.33685,6383,0.85686,0.85686,0.85562,0.85633,4389,146.735,146.798,146.671,146.694,24780,23.13,23.211,23.112,23.161,66,2053.905,2054.885,2052.595,2052.945,60
2024-01-05,09:30:00,216000.0,170000.0,173000.0,NFP.xlsx,78.125,78.473,78.043,78.253,60,43901.9,44276.5,43891.3,44133.0,2,2251.3,2267.3,2251.1,2263.1,2,1.09075,1.09305,1.09028,1.09126,14624,1.26615,1.26707,1.26568,1.26596,4573,37423.797,37424.799,37362.559,37368.009,60,4684.187,4685.437,4678.271,4679.039,60,16247.809,16259.089,16229.509,16235.779,60,1.33625,1.33727,1.33569,1.33723,4206,0.85208,0.85339,0.85124,0.85295,8390,145.08,145.202,145.002,145.184,24543,23.013,23.037,22.943,22.962,71,2042.305,2043.598,2038.295,2038.735,60
2023-12-08,09:30:00,199000.0,180000.0,150000.0,NFP.xlsx,75.803,76.073,75.573,75.653,60,43178.6,43254.4,43093.2,43101.6,2,2348.9,2354.5,2343.9,2345.2,2,1.07892,1.07893,1.07723,1.07767,19105,1.25677,1.2568,1.25541,1.25568,5274,36119.599,36152.019,36116.519,36132.799,60,4580.37,4587.152,4580.234,4586.176,60,15986.899,16008.759,15986.319,16007.139,60,1.35818,1.35848,1.35773,1.35791,7075,0.87425,0.87544,0.87408,0.87517,4453,143.984,144.408,143.959,144.285,46680,23.735,23.804,23.723,23.767,310,2028.085,2029.085,2026.535,2028.505,60
2023-11-03,08:30:00,150000.0,180000.0,297000.0,NFP.xlsx,87.257,87.343,87.062,87.183,60,34429.8,34573.9,34218.4,34398.6,2,1796.4,1802.1,1786.9,1793.9,2,1.06291,1.06322,1.06197,1.0627,10092,1.21994,1.21994,1.21856,1.21935,4163,33860.539,33867.077,33839.079,33850.079,60,4312.173,4314.217,4310.314,4312.057,60,14869.499,14874.859,14861.849,14866.169,60,1.37304,1.3745,1.37278,1.37441,3793,0.90597,0.90686,0.90575,0.90683,2953,150.341,150.416,150.321,150.4,11845,22.618,22.699,22.599,22.668,60,1986.358,1988.985,1986.008,1988.438,60
2023-10-06,08:30:00,336000.0,170000.0,227000.0,NFP.xlsx,84.533,84.533,84.088,84.148,60,27604.5,27632.5,27574.5,27588.2,2,1628.4,1634.7,1627.9,1630.4,2,1.05497,1.05532,1.05421,1.05482,18368,1.22035,1.22057,1.2192,1.21982,7408,33126.089,33155.097,33116.039,33122.009,60,4260.976,4263.45,4256.78,4257.802,60,14749.249,14756.079,14723.239,14729.109,60,1.36955,1.37115,1.36952,1.37101,5822,0.91223,0.91332,0.91203,0.9129,11894,148.889,148.944,148.841,148.908,20464,21.013,21.022,20.912,20.992,87,1821.295,1821.995,1819.195,1821.825,60
2023-09-01,08:30:00,187000.0,170000.0,157000.0,NFP.xlsx,87.103,87.323,86.923,87.193,60,25953.6,25978.4,25924.1,25942.6,2,1642.7,1644.9,1639.8,1640.2,2,1.0856,1.08563,1.08463,1.08483,11179,1.26838,1.26849,1.26718,1.26748,4341,34828.047,34836.039,34813.529,34828.299,60,4519.801,4520.072,4516.324,4517.85,60,15526.937,15529.399,15508.559,15512.119,60,1.34992,1.3513,1.34977,1.35093,6583,0.88176,0.88298,0.88154,0.88269,3715,145.418,145.513,145.386,145.465,18514,24.572,24.588,24.53,24.586,80,1943.005,1943.685,1941.795,1942.925,60
2023-08-04,08:30:00,187000.0,200000.0,185000.0,NFP.xlsx,85.543,85.633,85.313,85.478,60,29143.2,29208.2,29115.7,29145.9,2,1834.2,1836.0,1830.7,1830.7,2,1.09474,1.09527,1.09378,1.09401,15452,1.27055,1.27112,1.26942,1.26994,4971,35300.029,35330.099,35266.509,35276.019,60,4520.734,4526.207,4516.426,4518.04,60,15441.019,15471.109,15424.349,15433.099,60,1.33617,1.337,1.33566,1.33674,4382,0.87677,0.8779,0.87619,0.87758,6594,142.653,142.722,142.607,142.66,23600,23.482,23.49,23.411,23.424,71,1932.785,1933.595,1932.055,1932.355,60
2023-07-07,08:30:00,209000.0,225000.0,306000.0,NFP.xlsx,76.893,76.913,76.343,76.413,60,29975.3,30072.5,29939.7,30039.6,2,1853.6,1859.3,1851.5,1853.5,2,1.08758,1.08808,1.08669,1.08776,18220,1.27314,1.27456,1.27255,1.27343,5066,33874.499,33896.559,33847.089,33886.069,60,4403.567,4407.484,4399.819,4406.251,60,15049.769,15069.799,15035.779,15067.039,60,1.33769,1.33867,1.33718,1.3374,4484,0.89578,0.8965,0.8954,0.89573,4277,143.234,143.255,142.943,142.962,30862,22.7,22.718,22.638,22.693,64,1914.505,1915.645,1913.235,1915.495,60
2023-06-02,08:30:00,339000.0,180000.0,294000.0,NFP.xlsx,75.068,75.597,74.513,75.543,60,27020.5,27145.9,27020.5,27139.7,2,1883.7,1891.3,1883.6,1890.3,2,1.07617,1.0777,1.076,1.07742,13937,1.25256,1.25411,1.25216,1.25356,4441,33182.509,33200.799,33163.999,33190.069,60,4234.686,4237.716,4233.93,4237.704,60,14479.189,14493.899,14467.499,14493.899,60,1.34244,1.34247,1.34062,1.34107,3597,0.9051,0.90513,0.90382,0.90436,3061,139.005,139.105,138.794,138.825,19859,23.874,23.977,23.863,23.959,73,1975.925,1979.785,1974.905,1979.015,60
2023-05-05,08:30:00,253000.0,180000.0,165000.0,NFP.xlsx,73.718,73.833,73.253,73.788,60,29046.5,29098.1,29021.5,29038.1,2,1893.4,1898.7,1892.8,1894.5,2,1.10268,1.10316,1.1024,1.10281,16947,1.261,1.26111,1.25989,1.26073,4501,33204.299,33243.079,33158.549,33234.299,60,4074.9,4080.78,4070.15,4079.547,60,13030.349,13045.399,13017.299,13039.859,60,1.34999,1.35105,1.34926,1.3499,4410,0.88934,0.89312,0.889,0.89181,6120,134.053,134.192,133.961,134.149,8834,25.918,25.927,25.866,25.897,60,2040.425,2041.605,2038.735,2039.795,60
2023-04-07,08:30:00,236000.0,239000.0,326000.0,NFP.xlsx,,,,,,27813.5,27907.4,27777.1,27783.9,2,1848.9,1855.4,1845.4,1849.4,2,1.09154,1.09176,1.0913,1.09153,2215,1.24356,1.24403,1.24282,1.244,1877,33412.559,33424.529,33407.499,33424.529,57,4097.642,4100.876,4097.633,4100.876,43,13042.559,13062.099,13041.609,13059.189,60,1.34909,1.35131,1.34909,1.35092,911,0.90431,0.90452,0.90363,0.90392,1346,131.883,131.895,131.769,131.802,8005,,,,,,,,,,
2023-03-10,09:30:00,311000.0,205000.0,504000.0,NFP.xlsx,81.013,81.353,80.713,81.128,60,19924.6,19931.8,19803.7,19828.5,2,1402.7,1403.3,1392.3,1392.7,4,1.05913,1.05986,1.05798,1.05811,21890,1.19384,1.20091,1.19358,1.19876,10136,32036.017,32129.799,32026.299,32063.509,60,3894.686,3909.487,3893.421,3901.674,60,11962.237,12011.499,11956.209,11987.819,60,1.38575,1.38615,1.38265,1.38353,8675,0.93066,0.93083,0.92896,0.93025,5711,136.618,136.802,136.604,136.779,20317,20.075,20.134,20.028,20.033,60,1835.055,1836.758,1831.458,1831.458,60
2023-02-03,09:30:00,517000.0,185000.0,260000.0,NFP.xlsx,82.007,82.597,81.727,82.522,60,23386.8,23409.7,23364.4,23387.0,2,1638.2,1640.8,1637.1,1639.0,2,1.09035,1.09308,1.08934,1.09297,20869,1.21958,1.22516,1.21876,1.22456,15462,33970.549,33979.299,33936.049,33936.099,60,4144.453,4150.582,4141.103,4145.866,60,12557.859,12614.799,12544.199,12598.539,60,1.33664,1.33738,1.33444,1.33467,7718,0.91632,0.91647,0.91255,0.91287,5422,128.707,128.707,128.547,128.557,16438,23.381,23.525,23.327,23.466,174,1912.045,1916.055,1910.265,1913.115,60
2023-01-06,09:30:00,223000.0,200000.0,256000.0,NFP.xlsx,78.817,79.367,78.327,79.162,60,16761.1,16761.1,16726.1,16749.8,2,1246.5,1246.7,1243.4,1245.1,2,1.05182,1.05193,1.04965,1.05072,18436,1.18863,1.18886,1.18533,1.18576,8296,32981.027,32982.559,32912.089,32948.059,60,3813.866,3814.081,3803.055,3808.686,60,10751.517,10752.289,10701.749,10726.699,60,1.35974,1.36278,1.35972,1.36146,10030,0.93903,0.9405,0.93868,0.93998,6034,134.347,134.59,134.28,134.41,40619,23.378,23.42,23.305,23.404,68,1837.005,1837.345,1833.165,1835.415,60
2022-12-02,09:30:00,263000.0,200000.0,284000.0,NFP.xlsx,86.637,87.177,86.432,87.152,60,16930.4,16952.5,16927.4,16932.2,2,1274.8,1278.7,1274.0,1275.6,2,1.05353,1.05401,1.05152,1.05296,36195,1.22809,1.22823,1.2253,1.22741,13955,34349.077,34373.299,34327.019,34371.079,60,4073.829,4077.906,4070.595,4077.621,60,12024.407,12035.267,12007.349,12033.909,60,1.34356,1.34477,1.34331,1.34335,11078,0.9349,0.93701,0.93489,0.93507,11642,133.764,134.243,133.682,133.986,64888,22.687,22.783,22.649,22.755,88,1801.817,1802.558,1799.818,1801.658,60
2022-11-04,08:30:00,261000.0,200000.0,315000.0,NFP.xlsx,96.577,96.782,96.177,96.527,56,20572.8,20613.9,20554.7,20562.4,2,1584.7,1585.7,1578.0,1578.0,3,0.97638,0.97834,0.97638,0.97734,26727,1.12006,1.1229,1.12006,1.12214,7344,32038.547,32109.297,32026.009,32073.299,56,3726.116,3736.616,3724.36,3731.625,56,10717.199,10748.709,10710.149,10732.619,56,1.36689,1.36695,1.36376,1.36541,15199,1.01137,1.01138,1.00944,1.01081,12038,147.884,147.886,147.534,147.738,45623,19.726,19.847,19.725,19.774,68,1644.828,1649.518,1644.748,1647.467,56
2022-10-07,08:30:00,263000.0,250000.0,315000.0,NFP.xlsx,94.762,94.972,94.469,94.787,60,19894.9,19979.9,19887.0,19940.6,2,1353.5,1357.3,1352.5,1353.5,3,0.97985,0.98167,0.97932,0.98015,40311,1.11671,1.12185,1.11601,1.11923,17539,29886.579,29944.587,29857.509,29940.799,60,3732.729,3739.546,3728.13,3739.239,60,11427.107,11444.699,11407.409,11441.589,60,1.37386,1.37429,1.37148,1.37239,15235,0.98988,0.99045,0.98779,0.99043,15873,144.913,144.913,144.715,144.824,15683,20.718,20.786,20.693,20.735,63,1710.782,1713.704,1709.348,1712.188,60
2022-09-02,08:30:00,315000.0,300000.0,526000.0,NFP.xlsx,94.237,95.152,93.912,95.067,60,20073.7,20097.0,20032.8,20059.1,2,1591.6,1595.2,1582.3,1587.6,2,0.99882,0.99898,0.99714,0.99726,22038,1.15571,1.1563,1.15506,1.15547,6027,31586.297,31690.099,31583.559,31678.009,60,3959.934,3973.499,3959.442,3971.451,60,12263.279,12302.909,12261.229,12292.969,60,1.31463,1.31471,1.31329,1.31382,6014,0.97913,0.98036,0.97907,0.97993,6875,140.243,140.334,140.24,140.329,10826,17.946,17.966,17.908,17.938,63,1703.588,1704.548,1702.004,1704.434,60
2022-08-05,08:30:00,528000.0,250000.0,398000.0,NFP.xlsx,94.932,94.937,94.159,94.477,60,23151.4,23215.9,23066.6,23110.2,2,1660.3,1665.5,1649.6,1654.8,4,1.02334,1.02375,1.0218,1.02235,15682,1.21547,1.21563,1.21376,1.2144,7460,32793.559,32793.559,32735.499,32753.099,60,4156.842,4157.897,4148.045,4150.548,60,13332.529,13337.197,13290.889,13302.219,60,1.28673,1.2887,1.2867,1.28818,6353,0.95609,0.95732,0.95546,0.95566,8266,133.301,133.317,133.048,133.079,20072,20.169,20.177,20.078,20.088,60,1790.417,1790.667,1785.324,1787.337,60
2022-07-08,08:30:00,372000.0,268000.0,384000.0,NFP.xlsx,104.402,104.837,103.892,104.222,60,21750.8,21767.2,21383.7,21386.5,2,1237.9,1241.3,1213.5,1214.1,4,1.01082,1.01195,1.00864,1.01134,11703,1.19431,1.19536,1.19191,1.19346,10844,31312.797,31347.299,31255.049,31270.519,60,3890.334,3894.852,3883.039,3884.854,60,12066.017,12079.097,12040.899,12043.719,60,1.30062,1.30165,1.30031,1.30163,5241,0.97756,0.97843,0.97637,0.97701,11402,135.834,135.868,135.515,135.731,15167,19.093,19.204,19.074,19.121,68,1736.419,1743.248,1734.834,1737.738,60
2022-06-03,08:30:00,390000.0,325000.0,436000.0,NFP.xlsx,116.392,117.287,116.002,116.782,60,30371.5,30444.1,30319.1,30362.7,2,1809.2,1816.8,1802.0,1805.6,2,1.07562,1.07624,1.07494,1.07532,6278,1.25741,1.25815,1.2571,1.25739,3682,33189.997,33226.297,33149.299,33172.519,60,4165.833,4170.551,4161.533,4165.748,60,12824.087,12844.389,12806.209,12835.629,60,1.25664,1.25732,1.25558,1.25615,4288,0.95623,0.95833,0.95616,0.95821,4135,129.879,129.986,129.865,129.969,4436,22.291,22.382,22.274,22.352,60,1864.514,1866.338,1864.243,1864.748,60
2022-05-06,08:30:00,428000.0,391000.0,428000.0,NFP.xlsx,111.244,112.887,110.989,112.622,60,36338.5,36459.0,36138.2,36172.0,2,2726.6,2740.4,2713.7,2715.3,6,1.05212,1.05809,1.05123,1.05573,43736,1.23128,1.23572,1.23048,1.23399,16734,32909.569,33019.569,32870.519,32904.039,60,4135.248,4150.199,4128.948,4132.151,60,12815.199,12865.007,12787.019,12789.639,60,1.28531,1.28566,1.28234,1.28435,13333,0.98603,0.98668,0.9831,0.98453,12166,130.519,130.572,130.396,130.442,22782,22.35,22.481,22.296,22.461,87,1874.013,1881.698,1873.008,1881.668,60
2022-04-01,08:30:00,431000.0,490000.0,750000.0,NFP.xlsx,103.524,104.474,103.486,104.464,60,45030.9,45368.3,45030.9,45099.0,2,3276.4,3292.1,3275.5,3277.0,2,1.10524,1.10741,1.10483,1.10605,16256,1.31229,1.31295,1.31151,1.31287,6543,34840.037,34868.099,34831.799,34862.559,60,4552.343,4556.199,4551.048,4555.199,60,14928.607,14938.419,14914.399,14924.629,60,1.25118,1.25149,1.24986,1.24992,5351,0.9239,0.92438,0.92347,0.92388,6215,122.629,122.763,122.479,122.569,14408,24.658,24.714,24.628,24.678,76,1930.593,1932.738,1929.56,1932.003,60
2022-03-04,09:30:00,678000.0,400000.0,481000.0,NFP.xlsx,110.414,111.727,110.112,111.354,60,41628.9,41818.5,41349.8,41557.8,2,2740.5,2745.3,2714.4,2726.4,3,1.10118,1.10242,1.10118,1.1014,6051,1.33098,1.33191,1.3303,1.33042,5905,33557.009,33588.569,33454.029,33509.999,60,4333.542,4336.545,4318.551,4326.951,60,13954.629,13955.409,13887.829,13914.559,60,1.27089,1.27315,1.27058,1.27304,7344,0.91868,0.91903,0.91787,0.91882,5589,115.392,115.421,115.321,115.415,8183,25.121,25.248,25.113,25.227,81,1938.579,1946.088,1938.108,1945.668,60
2022-02-04,09:30:00,467000.0,150000.0,510000.0,NFP.xlsx,92.317,92.642,92.019,92.292,60,37923.5,38074.5,37869.6,38020.5,2,2832.7,2853.2,2821.4,2844.7,2,1.146,1.14654,1.14494,1.14632,6049,1.3572,1.35806,1.35668,1.35687,6918,35204.579,35237.299,35174.999,35186.059,60,4515.236,4518.949,4506.433,4508.639,60,14741.299,14755.089,14692.639,14697.839,60,1.27065,1.27142,1.27036,1.27118,8232,0.92199,0.92266,0.92078,0.92119,8537,115.082,115.095,114.908,114.943,7157,22.497,22.563,22.473,22.541,64,1808.475,1811.799,1808.285,1810.905,60
2022-01-07,09:30:00,199000.0,400000.0,249000.0,NFP.xlsx,82.522,82.801,82.412,82.682,60,42019.3,42544.8,42006.4,42366.0,2,3226.4,3270.6,3224.3,3245.9,3,1.13122,1.13174,1.13094,1.13146,4705,1.35478,1.35565,1.35432,1.35546,3171,36244.077,36303.049,36230.579,36276.539,60,4690.542,4705.299,4688.533,4700.539,60,15692.329,15784.289,15688.329,15756.929,60,1.27213,1.27273,1.27121,1.27133,4268,0.92047,0.92146,0.92015,0.92122,2923,115.786,115.861,115.778,115.844,4797,22.158,22.22,22.128,22.198,60,1790.398,1793.758,1788.378,1792.968,60
2021-12-03,09:30:00,210000.0,550000.0,546000.0,NFP.xlsx,71.537,71.972,71.379,71.597,60,56544.4,56812.7,56408.2,56791.4,2,4559.3,4581.6,4548.6,4577.6,2,1.12908,1.12979,1.12855,1.12974,4033,1.32749,1.32898,1.32678,1.32858,6653,34657.049,34687.299,34622.089,34635.069,60,4574.434,4580.543,4570.839,4572.851,60,15955.787,15985.989,15937.779,15949.229,60,1.28275,1.28359,1.28217,1.28247,3816,0.92107,0.92155,0.92051,0.92056,3540,113.364,113.385,113.31,113.314,5271,22.332,22.337,22.269,22.315,60,1769.648,1769.705,1766.02,1768.868,60
2021-11-05,08:30:00,531000.0,450000.0,312000.0,NFP.xlsx,80.597,81.412,80.592,80.977,60,62117.9,62174.4,61941.3,62168.8,2,4528.5,4540.6,4517.4,4539.4,2,1.15604,1.15613,1.15472,1.15491,6045,1.35044,1.35047,1.34493,1.34506,5753,36091.569,36130.559,36086.019,36105.069,60,4677.939,4683.999,4677.933,4681.736,59,16326.629,16362.689,16326.159,16358.799,60,1.24583,1.24686,1.24555,1.24668,3763,0.91344,0.91384,0.91267,0.91348,5057,113.76,113.838,113.731,113.776,7927,23.832,23.931,23.795,23.828,61,1796.444,1800.024,1794.794,1796.228,60
2021-10-08,08:30:00,194000.0,500000.0,366000.0,NFP.xlsx,83.087,83.317,82.999,83.247,59,54766.1,56031.7,54722.8,55760.4,2,3599.7,3666.4,3594.9,3659.2,2,1.15476,1.15563,1.15432,1.15535,3385,1.35918,1.36053,1.35864,1.35995,2738,34793.579,34808.099,34721.009,34727.299,60,4400.036,4402.099,4391.036,4392.239,60,14872.229,14879.089,14847.939,14853.419,60,1.2545,1.25541,1.25426,1.25456,3838,0.9298,0.93054,0.92977,0.93025,3164,111.955,111.998,111.934,111.959,5202,22.5,22.503,22.454,22.471,60,1756.248,1756.408,1754.838,1755.668,60
2021-09-03,08:30:00,235000.0,750000.0,1053000.0,NFP.xlsx,73.092,73.332,72.892,73.167,60,49259.3,49975.7,49227.2,49950.7,2,3793.7,3894.0,3787.6,3889.3,2,1.18746,1.18826,1.18736,1.18746,3145,1.38252,1.38408,1.38242,1.38346,3132,35490.797,35502.597,35482.529,35488.999,60,4545.099,4545.599,4543.536,4543.745,55,15621.817,15627.789,15609.029,15609.519,60,1.25448,1.25468,1.25329,1.25411,3651,0.9142,0.9143,0.91344,0.9141,1664,110.028,110.034,109.94,109.971,2520,23.937,24.01,23.934,23.96,60,1811.147,1812.957,1811.027,1811.465,60
2021-08-06,08:30:00,943000.0,870000.0,938000.0,NFP.xlsx,71.602,71.882,71.492,71.677,60,40705.0,41082.6,40524.8,40921.7,2,2767.0,2779.9,2756.2,2775.8,2,1.18242,1.18245,1.18074,1.18109,3023,1.39206,1.39275,1.39123,1.39176,2660,35036.029,35074.589,35020.539,35068.499,60,4425.743,4430.299,4424.233,4429.439,54,15155.729,15167.909,15149.789,15164.539,60,1.25033,1.25115,1.25015,1.25101,2711,0.90721,0.90824,0.90691,0.90795,2640,109.721,109.787,109.712,109.781,2990,25.148,25.148,25.095,25.107,70,1799.928,1800.608,1798.828,1799.658,60
2021-07-02,08:30:00,850000.0,700000.0,583000.0,NFP.xlsx,75.778,75.893,75.453,75.843,60,33321.7,33559.6,33204.2,33335.8,2,2059.3,2078.3,2050.2,2058.2,3,1.18244,1.18333,1.18238,1.18277,6358,1.37599,1.37669,1.37535,1.37548,5414,34668.039,34677.039,34603.009,34611.539,60,4324.639,4325.699,4318.336,4319.654,60,14581.039,14586.299,14562.829,14569.379,60,1.24398,1.24408,1.24233,1.24356,2680,0.92726,0.92726,0.92573,0.92604,3915,111.571,111.585,111.407,111.47,5325,26.03,26.153,26.02,26.078,73,1777.865,1784.128,1777.598,1781.878,60
2021-06-04,08:30:00,559000.0,650000.0,278000.0,NFP.xlsx,71.473,71.733,71.473,71.648,60,36575.6,36792.7,36255.5,36682.7,2,2617.9,2641.2,2589.4,2622.0,4,1.2113,1.21169,1.21094,1.21118,3775,1.41146,1.41317,1.41108,1.41269,6391,34564.019,34582.999,34530.499,34545.099,60,4193.099,4196.748,4190.033,4191.533,60,13527.137,13547.609,13520.579,13526.229,60,1.2121,1.21276,1.21164,1.21237,2098,0.90501,0.90534,0.90421,0.90435,2769,110.181,110.204,110.134,110.141,2911,27.36,27.4,27.327,27.382,62,1871.085,1871.388,1868.188,1869.465,60
2021-05-07,08:30:00,266000.0,978000.0,770000.0,NFP.xlsx,68.118,68.133,67.843,68.073,60,55767.4,56139.3,55573.7,56083.1,2,3435.2,3442.8,3409.1,3435.2,7,1.20768,1.20905,1.2074,1.20874,4595,1.39222,1.39283,1.39161,1.39244,4594,34538.529,34573.799,34534.009,34570.009,60,4201.651,4206.639,4201.133,4206.342,60,13610.827,13633.589,13605.899,13629.319,60,1.21825,1.21878,1.21764,1.21766,2488,0.9083,0.90842,0.90684,0.90741,4400,109.146,109.194,109.091,109.129,4106,27.29,27.385,27.272,27.317,66,1819.008,1823.048,1818.508,1820.628,60
2021-04-02,08:30:00,916000.0,647000.0,468000.0,NFP.xlsx,,,,,,59438.1,59600.0,59385.6,59443.0,2,1993.3,2002.9,1988.9,1989.0,4,1.17775,1.17866,1.17743,1.1782,2163,1.38371,1.38415,1.38342,1.38352,1114,33184.997,33206.799,33176.569,33206.799,53,4030.033,4032.152,4028.136,4032.139,38,13373.757,13378.499,13366.739,13378.409,60,1.25562,1.25635,1.25545,1.25632,977,0.94135,0.9416,0.94079,0.94095,1442,110.545,110.555,110.373,110.388,2452,,,,,,,,,,
2021-03-05,09:30:00,379000.0,182000.0,166000.0,NFP.xlsx,67.843,68.378,67.773,68.358,60,46582.1,47099.1,46502.0,47007.9,2,1453.7,1470.3,1451.3,1468.6,3,1.19267,1.19383,1.19207,1.19276,16631,1.38391,1.38452,1.38118,1.38193,9437,30818.049,30839.299,30740.029,30826.019,60,3755.699,3760.499,3746.933,3754.699,60,12415.669,12445.909,12381.159,12388.019,60,1.2692,1.27076,1.26824,1.26998,6555,0.92996,0.93008,0.92875,0.92927,6487,108.424,108.522,108.393,108.454,8211,25.246,25.327,25.166,25.191,114,1693.745,1695.885,1691.055,1694.474,60
2021-02-05,09:30:00,49000.0,50000.0,-227000.0,NFP.xlsx,59.473,59.723,59.473,59.538,60,37729.3,37781.6,37241.4,37273.1,2,1668.1,1677.1,1651.2,1652.4,4,1.19842,1.19878,1.19763,1.19767,6536,1.37012,1.3712,1.369,1.36902,3917,31121.537,31188.299,31105.549,31163.999,60,3881.14,3887.699,3878.346,3884.748,60,13597.709,13604.789,13574.659,13594.259,60,1.27915,1.27964,1.27853,1.27946,3068,0.90211,0.90295,0.90191,0.90288,2805,105.342,105.476,105.334,105.471,2334,26.647,26.686,26.536,26.602,65,1808.325,1808.818,1803.895,1807.655,60
2021-01-08,09:30:00,-140000.0,71000.0,336000.0,NFP.xlsx,54.793,54.893,54.633,54.693,59,38661.3,39359.3,38240.9,39349.6,2,1199.0,1220.5,1186.6,1220.1,6,1.22237,1.22407,1.22174,1.22399,12807,1.35807,1.3602,1.35722,1.36003,8782,31152.539,31154.099,31080.999,31147.549,60,3814.64,3815.149,3806.333,3814.854,60,12980.409,12988.809,12956.719,12987.609,60,1.26938,1.26984,1.26754,1.26763,5321,0.88727,0.88761,0.88569,0.88584,5634,103.971,103.999,103.797,103.809,6813,26.477,26.564,26.351,26.54,74,1888.905,1892.745,1886.298,1891.685,60
2020-12-04,09:30:00,245000.0,469000.0,610000.0,NFP.xlsx,49.759,49.764,49.409,49.544,60,19387.2,19402.1,19312.8,19357.5,2,609.7,610.5,606.1,607.5,2,1.21604,1.21731,1.21596,1.21667,30661,1.34192,1.34937,1.34183,1.34814,24132,30031.029,30108.567,30023.549,30077.579,60,3676.331,3680.899,3675.542,3677.054,58,12506.707,12511.589,12498.629,12500.879,60,1.2861,1.28654,1.28504,1.28553,4158,0.89091,0.89169,0.89055,0.89145,4388,104.014,104.044,103.926,103.957,9274,24.188,24.317,24.159,24.267,64,1840.428,1843.628,1839.458,1842.098,60
2020-11-06,09:30:00,638000.0,600000.0,672000.0,NFP.xlsx,40.35,40.445,40.11,40.145,60,15475.6,15541.0,15286.5,15405.9,2,429.1,432.9,424.8,431.1,2,1.18431,1.18535,1.18256,1.18531,29155,1.31259,1.31415,1.31002,1.31407,42124,28252.578,28252.578,28099.019,28121.579,60,3486.451,3487.442,3466.936,3468.848,60,11957.408,11969.588,11904.819,11909.338,60,1.30757,1.3088,1.30658,1.30711,5785,0.90207,0.90338,0.90134,0.90152,5708,103.488,103.57,103.36,103.381,10967,25.292,25.347,25.176,25.285,106,1945.298,1948.928,1943.805,1948.215,60
2020-10-02,08:30:00,661000.0,850000.0,1489000.0,NFP.xlsx,39.685,39.855,39.585,39.665,60,10474.3,10474.5,10416.3,10433.3,2,340.7,341.7,335.5,337.0,2,1.17229,1.17315,1.17114,1.17135,87297,1.29149,1.29537,1.28939,1.29457,28601,27488.0,27523.01,27443.02,27500.04,60,3338.449,3342.855,3331.94,3339.634,60,11391.59,11413.19,11366.23,11392.31,60,1.33018,1.33134,1.32965,1.33121,6162,0.91998,0.9214,0.91986,0.9212,5927,105.173,105.224,105.132,105.203,7728,23.934,23.954,23.818,23.828,63,1909.525,1912.578,1905.085,1905.938,60
2020-09-04,08:30:00,1371000.0,1400000.0,1734000.0,NFP.xlsx,44.18,44.405,44.12,44.355,60,10288.9,10429.6,10286.5,10414.7,2,384.7,396.7,384.6,395.2,2,1.18399,1.18654,1.18387,1.18591,39399,1.32924,1.33148,1.32887,1.33099,16555,28452.1,28550.3,28440.01,28521.01,60,3469.84,3478.855,3466.843,3476.037,60,11772.33,11789.3,11733.14,11770.74,60,1.31072,1.31084,1.30901,1.30929,4942,0.91043,0.9117,0.90945,0.90962,4389,106.169,106.247,106.151,106.206,7726,26.733,26.864,26.67,26.857,60,1935.635,1939.848,1933.358,1939.748,60
2020-08-07,08:30:00,1763000.0,1600000.0,4791000.0,NFP.xlsx,45.095,45.095,44.715,44.796,60,11733.9,11786.1,11690.1,11778.9,2,392.6,394.9,390.9,394.1,2,1.18403,1.18403,1.1821,1.18326,19610,1.31025,1.31102,1.30857,1.31044,15633,27328.03,27343.04,27247.03,27264.03,60,3345.74,3346.8,3336.246,3338.243,59,11242.9,11247.0,11210.42,11223.99,60,1.33399,1.33557,1.33399,1.3352,5225,0.91232,0.91398,0.91231,0.91295,5695,105.598,105.685,105.572,105.596,8345,28.419,28.443,28.184,28.369,69,2064.425,2064.485,2058.368,2060.508,60
2020-07-02,08:30:00,4800000.0,3000000.0,2699000.0,NFP.xlsx,42.49,42.625,42.185,42.215,60,9158.1,9162.5,9120.3,9154.1,28,227.0,227.7,226.3,227.4,3,1.12807,1.13026,1.12753,1.12972,12129,1.2503,1.25238,1.24957,1.25228,11153,25905.3,26001.05,25899.04,25936.0,60,3132.552,3140.6,3130.543,3134.355,60,10328.9,10346.85,10323.85,10333.91,60,1.35802,1.35875,1.35752,1.35839,3836,0.94436,0.94453,0.94262,0.94293,3442,107.481,107.484,107.349,107.372,7030,17.904,17.971,17.873,17.902,166,1768.985,1772.398,1768.725,1772.188,60
2020-06-05,08:30:00,2509000.0,-8000000.0,-20687000.0,NFP.xlsx,40.835,40.995,40.56,40.91,60,9719.2,9800.9,9617.0,9780.1,42,242.2,246.4,240.0,244.9,15,1.13485,1.13559,1.13262,1.13323,15403,1.26689,1.26747,1.26215,1.26369,19059,26642.07,26659.3,26567.5,26601.09,60,3146.434,3147.0,3136.455,3140.452,60,9700.74,9701.7,9663.12,9676.16,60,1.34653,1.34911,1.34601,1.34787,5986,0.95705,0.95785,0.95602,0.95766,6531,109.372,109.413,109.169,109.243,12350,17.685,17.731,17.664,17.729,190,1709.405,1713.248,1707.135,1711.125,60
2020-05-08,08:30:00,-20537000.0,-22000000.0,-870000.0,NFP.xlsx,30.235,30.46,29.62,29.89,60,9770.2,9857.5,9768.2,9812.1,51,208.1,209.3,208.0,208.1,8,1.08246,1.08349,1.08193,1.08343,8889,1.23853,1.2395,1.23791,1.2394,5293,24152.09,24161.52,24104.8,24160.08,60,2912.837,2914.2,2908.137,2914.0,60,9192.89,9194.09,9175.2,9193.06,60,1.39461,1.39596,1.39459,1.39494,2990,0.97273,0.97301,0.97164,0.97164,3997,106.37,106.376,106.299,106.355,4699,15.463,15.55,15.446,15.522,166,1719.428,1721.268,1716.368,1719.648,60
2020-04-03,08:30:00,-701000.0,-100000.0,275000.0,NFP.xlsx,31.395,31.685,30.67,31.115,60,6888.7,6932.3,6826.7,6878.1,65,143.5,144.3,141.7,142.7,8,1.07902,1.08064,1.07871,1.07981,17114,1.23405,1.23448,1.22826,1.23004,28673,21203.24,21239.77,21080.8,21136.79,60,2504.446,2508.749,2489.24,2496.646,60,7574.9,7589.66,7527.05,7550.28,60,1.41638,1.41782,1.41318,1.41547,9808,0.97736,0.97763,0.97616,0.97693,9323,108.221,108.287,108.123,108.262,8971,14.463,14.463,14.3,14.358,95,1614.978,1617.455,1607.818,1611.415,60
2020-03-06,08:30:00,273000.0,175000.0,273000.0,NFP.xlsx,49.246,49.266,48.896,49.176,60,9054.7,9070.1,9038.9,9069.8,43,234.4,235.2,232.9,235.2,8,1.12342,1.12783,1.12288,1.12723,16940,1.29754,1.29816,1.29612,1.29705,18165,25846.78,25951.9,25748.9,25835.37,60,2985.943,2998.937,2975.646,2985.655,60,8556.35,8594.79,8528.74,8557.69,60,1.33969,1.34029,1.33793,1.33867,7750,0.94379,0.94448,0.94035,0.94077,15543,105.794,105.938,105.665,105.762,22502,17.33,17.375,17.291,17.361,222,1672.138,1679.218,1670.808,1677.948,60
2020-02-07,09:30:00,225000.0,160000.0,147000.0,NFP.xlsx,55.005,55.386,54.906,55.035,60,9695.8,9733.7,9694.4,9723.3,31,215.9,217.7,215.6,217.0,6,1.09582,1.09646,1.09534,1.09543,7055,1.29257,1.29351,1.29236,1.29291,7670,29336.85,29345.9,29275.1,29283.85,60,3343.043,3344.1,3335.543,3336.3,60,9433.3,9436.99,9406.75,9409.47,60,1.33078,1.33112,1.33034,1.33099,3578,0.97589,0.97658,0.97551,0.97589,4862,109.94,109.95,109.78,109.783,4408,17.764,17.812,17.752,17.792,177,1565.105,1568.468,1564.258,1568.035,60
2020-01-10,09:30:00,145000.0,164000.0,256000.0,NFP.xlsx,65.255,65.316,65.025,65.215,60,7642.2,7687.2,7632.5,7660.1,25,134.3,134.7,134.1,134.3,2,1.10994,1.11,1.10912,1.10963,9399,1.30665,1.30884,1.30509,1.30675,14098,29007.9,29022.88,28996.82,29021.86,60,3279.94,3282.452,3279.234,3282.452,51,9012.69,9023.1,9011.19,9022.68,60,1.30706,1.30744,1.30683,1.307,2886,0.97425,0.97481,0.97411,0.9746,2684,109.576,109.649,109.566,109.64,3306,17.922,17.934,17.892,17.904,169,1550.995,1551.275,1547.735,1548.245,60
2019-12-06,09:30:00,266000.0,186000.0,156000.0,NFP.xlsx,63.276,63.546,63.245,63.485,60,7296.3,7391.3,7265.8,7335.3,24,143.3,144.5,142.2,143.1,4,1.11074,1.11089,1.10951,1.10966,6019,1.31341,1.31362,1.3111,1.31241,6732,27733.569,27750.07,27729.069,27742.07,60,3124.47,3125.97,3123.47,3124.97,54,8332.26,8338.87,8330.27,8335.76,60,1.31726,1.31768,1.31712,1.31747,2094,0.98697,0.98811,0.98691,0.98797,2158,108.601,108.646,108.575,108.605,3790,16.912,16.922,16.89,16.916,104,1474.725,1475.388,1473.445,1474.735,60
2019-11-01,08:30:00,128000.0,89000.0,180000.0,NFP.xlsx,59.421,59.721,59.385,59.705,60,9059.8,9130.4,9059.3,9098.1,34,177.5,180.0,176.6,179.4,5,1.11636,1.11688,1.11552,1.11605,7739,1.29694,1.29723,1.29562,1.29581,8067,27094.07,27112.57,27078.07,27089.07,60,3043.869,3045.87,3041.67,3043.17,59,8105.57,8110.66,8097.67,8103.059,60,1.3148,1.31514,1.31407,1.31502,4129,0.98601,0.98625,0.98571,0.9858,3007,107.956,108.015,107.928,107.999,5880,18.13,18.144,18.099,18.112,152,1512.418,1514.708,1511.798,1512.658,60
2019-10-04,08:30:00,136000.0,140000.0,168000.0,NFP.xlsx,58.161,58.251,57.895,58.191,60,8084.3,8084.7,8037.4,8041.7,9,171.4,171.5,168.3,168.7,3,1.09717,1.09761,1.09682,1.09735,8806,1.23304,1.23427,1.23258,1.23289,8431,26185.569,26206.07,26157.57,26169.57,60,2908.369,2910.07,2903.87,2905.37,60,7639.369,7645.869,7624.06,7630.47,60,1.33258,1.33266,1.33223,1.33261,5015,0.99804,0.99806,0.99669,0.9969,3484,106.77,106.801,106.757,106.785,6176,17.574,17.596,17.564,17.569,115,1508.365,1509.238,1507.655,1508.678,60
2019-09-06,08:30:00,130000.0,160000.0,159000.0,NFP.xlsx,60.805,61.005,60.735,60.955,60,10694.8,10741.5,10651.2,10675.0,31,171.3,173.3,171.1,172.3,4,1.10466,1.10481,1.10368,1.10371,9413,1.23087,1.23124,1.22853,1.22978,11643,26761.569,26762.569,26742.569,26755.07,60,2978.769,2978.77,2976.769,2978.069,54,7865.37,7867.27,7859.77,7864.87,60,1.32003,1.3206,1.31995,1.3204,3563,0.98769,0.98895,0.98768,0.98888,5013,106.982,107.046,106.972,107.04,7847,18.318,18.344,18.239,18.274,300,1509.555,1510.168,1506.185,1508.185,60
2019-08-02,08:30:00,164000.0,164000.0,193000.0,NFP.xlsx,61.616,62.021,61.566,61.926,60,10485.6,10485.7,10436.1,10457.3,28,217.4,218.8,215.3,216.1,4,1.11133,1.11134,1.10948,1.1096,26245,1.21305,1.21353,1.21146,1.21172,12980,26488.569,26520.07,26459.57,26480.57,60,2937.97,2941.97,2934.669,2937.97,60,7741.26,7751.57,7726.459,7736.57,60,1.3217,1.32274,1.32139,1.32243,9709,0.98545,0.98662,0.98543,0.98642,10333,106.914,106.974,106.86,106.931,17708,16.148,16.17,16.108,16.133,245,1439.098,1439.298,1434.968,1436.418,60
2019-07-05,08:30:00,224000.0,160000.0,72000.0,NFP.xlsx,62.976,63.381,62.9,63.235,60,10916.4,10916.6,10806.6,10837.8,19,281.3,282.5,279.3,282.1,7,1.12675,1.12681,1.12612,1.12621,16033,1.25601,1.25624,1.25493,1.25551,9200,26953.07,26955.57,26917.07,26920.57,60,2995.07,2995.07,2989.87,2990.07,53,7863.67,7864.36,7844.96,7845.659,60,1.30639,1.30674,1.30604,1.30667,3165,0.98701,0.9876,0.98685,0.98751,4193,108.051,108.069,107.986,108.021,7167,15.194,15.242,15.177,15.234,152,1413.565,1414.975,1412.538,1414.028,60
2019-06-07,08:30:00,75000.0,185000.0,224000.0,NFP.xlsx,63.066,63.066,62.525,62.651,60,7891.0,7977.1,7890.5,7919.0,8,244.3,246.1,243.6,244.9,2,1.12626,1.12682,1.12573,1.12651,18465,1.27093,1.27171,1.2703,1.27162,8727,25786.57,25823.07,25783.57,25807.069,60,2849.87,2854.169,2849.87,2852.369,55,7286.46,7306.26,7286.07,7301.47,60,1.33466,1.33574,1.33466,1.33566,3738,0.99345,0.99407,0.99328,0.99384,3946,108.466,108.507,108.458,108.5,5920,14.928,14.947,14.918,14.929,92,1335.348,1336.068,1334.978,1335.838,60
2019-05-03,08:30:00,263000.0,181000.0,189000.0,NFP.xlsx,70.215,70.335,69.935,70.055,60,5526.4,5665.5,5497.4,5617.5,10,156.1,157.0,155.4,156.2,2,1.1168,1.1168,1.11608,1.11649,16546,1.30224,1.30274,1.3016,1.30178,7240,26352.07,26378.07,26352.069,26369.07,60,2924.569,2927.07,2924.569,2925.77,51,7757.57,7764.87,7757.369,7759.87,60,1.34663,1.34668,1.34586,1.34587,4611,1.0199,1.0204,1.01962,1.02005,3600,111.476,111.518,111.475,111.498,4390,14.627,14.631,14.613,14.627,81,1270.365,1270.655,1269.335,1270.185,60
2019-04-05,08:30:00,196000.0,175000.0,33000.0,NFP.xlsx,69.071,69.281,68.895,69.225,60,4879.9,4915.5,4879.9,4910.5,2,158.1,160.4,157.8,159.9,2,1.12292,1.12311,1.12247,1.123,20905,1.30948,1.30988,1.30813,1.30813,16444,26418.07,26433.07,26412.569,26418.069,60,2882.97,2884.869,2882.669,2882.869,50,7550.459,7557.969,7547.659,7549.259,60,1.33511,1.33632,1.33496,1.33566,3966,0.99975,1.00026,0.9996,0.99992,4213,111.671,111.721,111.669,111.684,4603,15.161,15.172,15.14,15.151,122,1290.218,1290.308,1288.498,1288.715,60
2019-03-08,09:30:00,20000.0,181000.0,311000.0,NFP.xlsx,65.396,65.656,65.125,65.286,60,3801.9,3809.1,3796.7,3807.5,10,131.1,131.1,129.9,131.0,2,1.12082,1.12155,1.12058,1.12126,21009,1.30937,1.31018,1.30859,1.30873,15012,25373.07,25411.57,25368.569,25373.569,60,2738.169,2741.97,2737.669,2738.169,58,6982.96,6994.37,6981.36,6983.66,60,1.34582,1.34591,1.34503,1.34557,6321,1.00947,1.00997,1.00925,1.00992,6093,111.019,111.121,111.0,111.099,7046,15.127,15.141,15.116,15.119,97,1294.245,1295.725,1293.688,1294.088,60
2019-02-01,09:30:00,304000.0,165000.0,222000.0,NFP.xlsx,60.625,60.766,60.425,60.635,60,3337.2,3339.4,3333.0,3335.5,2,100.4,100.9,99.5,100.3,2,1.14482,1.14675,1.14453,1.14665,31647,1.31034,1.31089,1.30452,1.30457,17947,25048.569,25069.07,25040.069,25050.07,60,2704.87,2706.87,2703.869,2704.87,60,6883.16,6887.17,6876.16,6880.36,60,1.315,1.31511,1.31412,1.31442,3895,0.99403,0.99414,0.99273,0.99287,9271,108.935,108.935,108.87,108.915,8445,15.92,15.943,15.91,15.936,114,1318.595,1319.725,1318.488,1319.325,60
2019-01-04,09:30:00,312000.0,178000.0,176000.0,NFP.xlsx,56.861,57.146,56.696,57.031,60,3732.3,3737.3,3717.4,3724.1,2,147.1,147.4,145.4,146.1,2,1.14081,1.14189,1.14024,1.14032,20925,1.2669,1.26819,1.26683,1.26718,15410,22897.57,22984.57,22873.569,22938.569,60,2473.069,2483.07,2469.57,2477.77,60,6230.76,6264.269,6221.86,6246.26,60,1.34354,1.34459,1.34304,1.34451,5250,0.98601,0.98702,0.98528,0.987,6761,108.035,108.039,107.865,108.031,12122,15.685,15.724,15.656,15.678,277,1291.725,1292.508,1289.328,1290.075,60
2018-12-07,09:30:00,155000.0,200000.0,237000.0,NFP.xlsx,60.155,60.155,59.085,59.921,60,3298.5,3323.8,3278.1,3297.3,2,79.3,80.5,78.6,79.4,2,1.13774,1.13797,1.1363,1.1366,11429,1.27476,1.27602,1.27339,1.27569,6691,24766.569,24834.07,24739.07,24817.569,60,2676.669,2683.37,2673.87,2682.17,60,6784.269,6805.47,6775.56,6799.269,60,1.33902,1.33973,1.33879,1.33925,3808,0.99284,0.99413,0.99257,0.99393,3240,112.826,112.852,112.786,112.844,6476,14.505,14.523,14.487,14.512,133,1239.985,1240.128,1239.258,1240.048,60
2018-11-02,08:30:00,250000.0,193000.0,118000.0,NFP.xlsx,72.746,72.96,72.495,72.735,60,6289.8,6290.0,6281.8,6282.3,2,193.3,193.3,193.0,193.0,2,1.14372,1.1443,1.143,1.14302,12955,1.30269,1.30386,1.30222,1.30244,9090,25606.57,25623.57,25569.57,25583.57,60,2761.969,2763.97,2758.17,2759.47,60,7102.969,7117.77,7087.06,7093.26,60,1.30543,1.30597,1.30495,1.30544,4957,1.0007,1.00105,1.0001,1.00043,5296,112.967,112.967,112.874,112.883,7271,14.752,14.796,14.736,14.743,257,1233.825,1235.808,1233.355,1233.545,60
2018-10-05,08:30:00,134000.0,185000.0,270000.0,NFP.xlsx,84.815,84.846,84.3,84.43,60,6500.0,6510.3,6484.8,6499.2,2,219.1,220.2,218.5,219.0,2,1.15074,1.15083,1.14913,1.1492,12374,1.30413,1.30436,1.30242,1.30325,9396,26611.07,26616.07,26582.069,26606.07,60,2900.369,2900.37,2896.669,2898.87,60,7471.37,7472.759,7456.469,7466.459,60,1.29338,1.29406,1.29331,1.29349,3140,0.99382,0.99417,0.99332,0.99399,7052,113.835,113.86,113.803,113.843,4577,14.556,14.567,14.539,14.557,100,1199.208,1199.629,1198.318,1199.091,60
2018-09-07,08:30:00,201000.0,191000.0,147000.0,NFP.xlsx,76.726,76.786,76.335,76.345,60,6426.9,6427.4,6377.3,6390.6,2,223.3,223.4,220.2,221.5,2,1.16456,1.16482,1.16403,1.16441,10455,1.29435,1.29437,1.29317,1.29419,5830,25981.07,25981.07,25949.07,25952.57,60,2876.67,2876.67,2873.37,2873.869,57,7447.36,7447.36,7436.86,7438.559,60,1.31326,1.31372,1.31296,1.31346,2456,0.96541,0.96553,0.96492,0.96502,4914,110.743,110.777,110.675,110.721,4787,14.123,14.163,14.11,14.134,150,1199.768,1201.778,1199.458,1200.828,60
2018-08-03,08:30:00,157000.0,193000.0,248000.0,NFP.xlsx,73.095,73.316,73.085,73.12,60,7330.9,7350.9,7304.8,7314.8,30,406.1,408.3,405.3,406.1,2,1.15619,1.15792,1.15615,1.15791,13131,1.29761,1.29965,1.29753,1.29939,7117,25308.57,25321.069,25294.069,25314.07,60,2826.866,2827.17,2824.67,2826.67,49,7375.36,7377.869,7370.859,7375.869,60,1.30365,1.30389,1.30212,1.30231,2950,0.9964,0.99647,0.99474,0.99476,4414,111.848,111.876,111.693,111.711,6009,15.239,15.322,15.239,15.318,143,1204.528,1207.788,1204.5,1207.428,60
2018-07-06,08:30:00,213000.0,200000.0,244000.0,NFP.xlsx,77.325,77.346,76.979,77.135,60,6423.0,6469.9,6415.8,6446.6,63,453.9,460.6,453.7,457.0,2,1.17022,1.17147,1.1701,1.17132,12051,1.32396,1.32482,1.3233,1.32461,8229,24336.069,24359.07,24299.07,24342.069,60,2735.87,2738.67,2733.169,2737.67,59,7096.359,7107.17,7087.06,7104.06,60,1.31309,1.31385,1.31261,1.31337,3910,0.99291,0.99294,0.99227,0.99238,4339,110.577,110.642,110.547,110.632,4916,16.021,16.03,16.011,16.017,119,1255.748,1256.319,1255.108,1255.208,60
2018-06-01,08:30:00,223000.0,189000.0,159000.0,NFP.xlsx,77.605,77.796,77.565,77.656,60,7511.1,7526.3,7495.0,7526.3,33,579.1,584.7,577.8,584.3,2,1.16836,1.16978,1.16773,1.16818,14308,1.32853,1.32946,1.32763,1.32946,9043,24491.07,24507.569,24485.07,24493.57,60,2714.97,2716.17,2713.97,2714.67,53,6990.96,6994.169,6988.66,6991.87,60,1.29484,1.29556,1.29413,1.29544,5194,0.9874,0.98756,0.98632,0.98643,4371,109.196,109.212,109.072,109.21,5711,16.441,16.464,16.437,16.447,94,1299.148,1300.048,1298.978,1299.261,60
2018-05-04,08:30:00,164000.0,189000.0,135000.0,NFP.xlsx,73.5,73.515,73.285,73.31,59,9597.6,9703.7,9592.1,9689.3,75,778.7,800.3,778.2,798.6,2,1.19639,1.19772,1.19613,1.19628,10025,1.35643,1.35797,1.35435,1.35461,6687,23949.57,23976.07,23915.07,23939.57,60,2631.67,2634.37,2628.769,2631.37,53,6651.06,6661.859,6640.469,6647.459,60,1.28627,1.2875,1.28572,1.28749,3296,0.99893,0.99919,0.99818,0.99895,4406,109.075,109.103,108.986,109.049,5449,16.393,16.416,16.377,16.377,73,1310.208,1311.141,1308.671,1308.761,60
2018-04-06,08:30:00,103000.0,193000.0,326000.0,NFP.xlsx,67.835,68.201,67.835,68.085,60,6555.8,6556.9,6504.7,6526.0,78,365.2,367.4,364.0,366.5,2,1.2227,1.22368,1.22217,1.22349,13561,1.39982,1.40094,1.3993,1.40049,6219,24270.069,24302.07,24247.069,24291.57,60,2640.069,2642.77,2637.969,2641.77,60,6526.37,6539.27,6524.859,6535.87,60,1.27801,1.27838,1.27739,1.27794,3490,0.96339,0.96366,0.96291,0.96324,4699,107.405,107.443,107.352,107.414,5670,16.303,16.315,16.283,16.294,83,1324.509,1325.378,1323.718,1324.039,60
2018-03-09,09:30:00,313000.0,200000.0,239000.0,NFP.xlsx,63.886,64.066,63.816,63.926,59,8645.1,8689.3,8370.8,8511.6,48,665.8,668.6,649.3,655.3,4,1.2306,1.23178,1.22991,1.23019,12401,1.38133,1.38191,1.38013,1.38108,8407,24900.069,24904.07,24876.569,24894.569,60,2738.87,2739.869,2736.669,2738.669,58,6972.47,6973.36,6965.17,6969.869,60,1.28708,1.28795,1.28654,1.287,5408,0.95111,0.9512,0.94947,0.95016,4885,106.731,106.785,106.697,106.778,6242,16.452,16.485,16.451,16.454,64,1318.588,1320.469,1318.578,1319.011,60
2018-02-02,09:30:00,200000.0,184000.0,160000.0,NFP.xlsx,69.824,69.835,69.595,69.61,60,8306.8,8468.0,8120.9,8375.9,2,883.1,889.4,849.0,884.2,4,1.24936,1.24951,1.24803,1.24866,14388,1.42276,1.42298,1.42073,1.42161,12297,26047.569,26056.07,25970.069,25975.069,60,2807.97,2809.17,2800.909,2801.469,60,6888.58,6888.979,6857.029,6859.03,60,1.22965,1.23063,1.22965,1.23007,5296,0.92779,0.92901,0.92772,0.92884,7342,109.728,109.891,109.719,109.876,9874,17.181,17.186,17.129,17.144,133,1347.692,1347.872,1345.319,1345.851,60
2018-01-05,09:30:00,148000.0,190000.0,252000.0,NFP.xlsx,67.715,67.725,67.33,67.365,60,15427.7,15956.5,15427.7,15789.2,38,1003.1,1003.2,971.2,982.8,4404,1.20527,1.20575,1.20416,1.20458,9589,1.35414,1.35446,1.35231,1.35301,9191,25121.569,25143.07,25117.57,25138.069,59,2727.44,2729.969,2726.939,2728.699,58,6607.669,6610.57,6604.67,6608.67,60,1.25052,1.25133,1.25011,1.25071,6180,0.97654,0.97724,0.97625,0.97704,4295,113.211,113.238,113.161,113.225,5291,17.169,17.17,17.137,17.15,142,1318.001,1318.298,1316.581,1316.692,60
2017-12-08,09:30:00,228000.0,200000.0,244000.0,NFP.xlsx,62.455,62.51,62.355,62.485,60,15755.0,15757.0,14932.9,15350.8,12,,,,,,1.17353,1.17477,1.17322,1.17367,10285,1.34924,1.34961,1.34657,1.34761,10586,24243.07,24262.07,24234.069,24262.07,59,2642.94,2644.69,2641.719,2644.6,54,6348.27,6351.49,6345.369,6351.069,60,1.28583,1.28686,1.28583,1.28675,2382,0.99638,0.99694,0.99567,0.99669,3590,113.537,113.573,113.465,113.561,6324,15.779,15.789,15.75,15.763,148,1247.471,1247.888,1245.258,1245.911,60
2017-11-03,08:30:00,261000.0,310000.0,18000.0,NFP.xlsx,60.64,61.115,60.64,60.935,60,7311.3,7400.0,7278.8,7393.4,129,,,,,,1.16464,1.16492,1.16419,1.16474,7497,1.3048,1.30594,1.3039,1.30528,7180,23525.07,23533.069,23515.07,23527.07,60,2580.669,2581.17,2578.87,2580.87,49,6253.369,6253.57,6244.069,6253.169,60,1.28261,1.28268,1.28213,1.28218,5131,0.99965,1.00021,0.99915,0.99982,4740,114.13,114.13,114.038,114.072,5514,17.075,17.106,17.075,17.106,114,1274.922,1276.018,1274.891,1275.772,60
2017-10-06,08:30:00,-33000.0,90000.0,169000.0,NFP.xlsx,57.055,57.245,56.96,57.035,60,4407.0,4412.9,4388.4,4401.8,51,,,,,,1.16886,1.17006,1.16872,1.16963,9127,1.30709,1.30771,1.30598,1.30768,6853,22778.07,22778.97,22771.969,22774.97,56,2550.77,2551.07,2549.989,2550.069,49,6062.569,6062.969,6058.07,6058.869,58,1.25882,1.2593,1.25841,1.25865,4875,0.97983,0.97994,0.9795,0.97955,3393,113.002,113.076,112.967,113.016,7044,16.601,16.618,16.579,16.59,69,1268.318,1269.282,1268.031,1268.301,60
2017-09-01,08:30:00,156000.0,180000.0,189000.0,NFP.xlsx,52.535,52.595,52.295,52.325,59,,,,,,,,,,,1.18855,1.19018,1.18824,1.18926,9444,1.29141,1.29337,1.2911,1.29242,6909,21998.07,21999.97,21974.969,21983.97,60,2474.169,2474.57,2471.57,2472.569,49,5995.769,5997.27,5989.87,5992.469,59,1.24847,1.24911,1.24797,1.2489,5609,0.96121,0.96131,0.95997,0.96131,4667,110.176,110.182,110.036,110.087,6321,17.523,17.55,17.516,17.516,85,1318.558,1320.022,1318.508,1318.568,60
2017-08-04,08:30:00,209000.0,183000.0,231000.0,NFP.xlsx,51.66,51.785,51.5,51.595,60,2806.5,2843.8,2802.8,2840.2,103,,,,,,1.18821,1.18877,1.18806,1.18821,8607,1.31611,1.31623,1.3144,1.31466,5180,22062.57,22067.57,22035.369,22057.07,60,2475.069,2475.37,2473.89,2474.869,46,5890.769,5894.07,5889.57,5892.57,58,1.25643,1.25758,1.25629,1.25707,3196,0.96758,0.96795,0.96712,0.96759,3111,110.078,110.133,110.074,110.1,5230,16.706,16.716,16.687,16.703,57,1269.321,1269.571,1268.901,1269.102,60
2017-07-07,08:30:00,222000.0,179000.0,152000.0,NFP.xlsx,47.35,47.455,46.725,46.875,60,2571.2,2573.6,2558.1,2567.8,40,,,,,,1.14195,1.14247,1.1412,1.14218,10909,1.29541,1.29578,1.29124,1.29234,7656,21326.969,21332.469,21312.469,21313.97,60,2410.769,2412.64,2410.389,2410.64,57,5592.469,5603.269,5590.969,5599.87,60,1.2984,1.29922,1.298,1.29849,5768,0.9617,0.96279,0.96139,0.96209,5053,113.693,113.844,113.691,113.747,7212,15.861,15.866,15.83,15.842,60,1221.591,1221.719,1220.588,1221.401,60
2017-06-02,08:30:00,138000.0,185000.0,174000.0,NFP.xlsx,49.645,49.725,49.485,49.56,60,2438.0,2443.5,2416.9,2423.8,149,,,,,,1.1215,1.12268,1.12145,1.12209,7699,1.28624,1.28754,1.28562,1.28563,6148,21181.469,21196.469,21176.97,21191.969,60,2433.57,2434.2,2432.699,2433.95,52,5834.969,5835.37,5831.369,5834.469,60,1.35361,1.35413,1.35323,1.35387,4063,0.97128,0.97136,0.97044,0.97086,3533,111.57,111.576,111.481,111.552,5469,17.221,17.221,17.142,17.15,112,1261.902,1262.549,1260.458,1261.009,60
2017-05-05,08:30:00,211000.0,185000.0,79000.0,NFP.xlsx,48.125,48.895,48.105,48.715,60,,,,,,,,,,,1.09742,1.09776,1.09565,1.09583,9344,1.29311,1.29421,1.29294,1.29366,6759,20921.469,20937.97,20916.469,20934.469,60,2387.87,2390.24,2387.489,2389.99,47,5622.869,5627.57,5621.569,5627.369,58,1.3772,1.37723,1.37519,1.37628,8219,0.98782,0.98856,0.98754,0.98851,6356,112.265,112.35,112.256,112.315,7359,16.497,16.497,16.444,16.465,72,1233.639,1233.708,1232.288,1233.228,60
2017-04-07,08:30:00,98000.0,180000.0,219000.0,NFP.xlsx,55.765,55.845,55.415,55.415,60,,,,,,,,,,,1.06362,1.06413,1.06292,1.0632,9428,1.24608,1.24698,1.243,1.24336,8416,20653.068,20654.068,20634.568,20641.07,60,2354.619,2354.7,2352.449,2353.449,54,5416.869,5417.469,5411.369,5413.969,58,1.33888,1.33919,1.33837,1.33884,5879,1.00634,1.00636,1.0054,1.00607,5081,110.612,110.681,110.538,110.648,9354,18.393,18.41,18.375,18.397,70,1263.431,1264.921,1263.359,1264.689,60
2017-03-10,09:30:00,235000.0,200000.0,238000.0,NFP.xlsx,52.46,52.64,52.305,52.555,60,,,,,,,,,,,1.06108,1.06192,1.06065,1.06137,7995,1.21631,1.21804,1.21608,1.2175,6609,20930.412,20941.451,20916.568,20921.342,60,2374.64,2376.15,2373.389,2373.89,60,5383.633,5386.589,5379.369,5380.522,60,1.34948,1.34961,1.34855,1.34859,6125,1.01227,1.01275,1.01165,1.01175,6028,115.403,115.422,115.327,115.341,6416,16.884,16.906,16.869,16.893,106,1196.631,1197.609,1196.302,1197.008,60
2017-02-03,09:30:00,227000.0,175000.0,157000.0,NFP.xlsx,56.875,56.89,56.575,56.69,60,,,,,,,,,,,1.0744,1.0749,1.0739,1.07415,10112,1.25219,1.253,1.24753,1.24835,10899,19915.969,19915.969,19903.969,19906.969,60,2282.588,2282.611,2281.04,2281.326,60,5143.504,5143.55,5137.702,5138.714,60,1.30283,1.30389,1.30266,1.30357,7007,0.99443,0.99568,0.99407,0.99562,5906,113.133,113.177,113.051,113.118,6951,17.351,17.362,17.321,17.335,99,1213.529,1214.039,1212.878,1213.708,60
2017-01-06,09:30:00,156000.0,178000.0,204000.0,NFP.xlsx,56.91,57.165,56.81,57.145,60,,,,,,,,,,,1.05935,1.06085,1.05866,1.06009,11401,1.23877,1.239,1.23757,1.23861,7685,19882.469,19886.1,19870.969,19875.322,60,2267.45,2268.0,2266.949,2267.069,60,4964.394,4966.818,4964.101,4964.633,59,1.32533,1.3259,1.32447,1.32463,6474,1.01182,1.01244,1.01001,1.01061,7503,116.062,116.125,115.864,115.969,9230,16.505,16.513,16.453,16.478,196,1176.738,1178.638,1175.978,1178.202,60
2016-12-02,09:30:00,178000.0,175000.0,142000.0,NFP.xlsx,53.735,53.86,53.35,53.495,60,,,,,,,,,,,1.06633,1.06667,1.06461,1.06463,14216,1.26088,1.26181,1.25924,1.25985,10101,19172.969,19181.62,19162.97,19174.707,60,2187.699,2187.7,2185.189,2186.484,60,4712.93,4713.951,4705.969,4710.406,60,1.33049,1.33178,1.32941,1.33014,7201,1.01073,1.0109,1.01011,1.0108,6726,113.865,113.866,113.602,113.708,9963,16.557,16.575,16.447,16.448,142,1176.101,1176.688,1174.841,1174.841,60
2016-11-04,08:30:00,161000.0,175000.0,191000.0,NFP.xlsx,46.25,46.405,45.945,46.405,60,,,,,,,,,,,1.10967,1.11078,1.10943,1.10988,14069,1.24665,1.24789,1.24634,1.24786,9485,17934.045,17936.555,17906.969,17925.193,60,2090.269,2090.39,2086.649,2089.15,60,4680.906,4680.906,4671.869,4677.885,60,1.34105,1.34136,1.34007,1.34012,9219,0.97461,0.97465,0.9736,0.97367,5536,103.246,103.247,102.946,103.019,11742,18.268,18.378,18.248,18.346,264,1298.701,1302.698,1298.542,1301.49,60
2016-10-07,08:30:00,156000.0,175000.0,167000.0,NFP.xlsx,52.775,52.78,52.585,52.595,60,,,,,,,,,,,1.11127,1.11319,1.11095,1.11288,71997,1.24579,1.24605,1.24244,1.24337,23393,18235.469,18262.97,18234.969,18252.97,60,2156.558,2159.765,2156.538,2158.593,60,4861.47,4869.269,4861.195,4865.87,60,1.32572,1.3264,1.32514,1.32545,33965,0.98234,0.98261,0.98091,0.98142,16966,103.836,103.895,103.783,103.809,29469,17.282,17.381,17.243,17.372,358,1255.171,1255.699,1253.641,1255.462,60
2016-09-02,08:30:00,151000.0,180000.0,275000.0,NFP.xlsx,45.495,45.75,45.38,45.725,60,,,,,,,,,,,1.11928,1.1193,1.11787,1.11827,63882,1.32772,1.32938,1.32614,1.32664,23899,18409.47,18420.97,18400.969,18410.469,60,2168.501,2169.543,2167.52,2168.332,60,4781.87,4783.97,4778.47,4780.669,60,1.31075,1.31144,1.31053,1.31079,31348,0.98007,0.98076,0.97997,0.98042,18652,103.578,103.709,103.552,103.61,33451,18.857,18.867,18.81,18.822,66,1311.33,1311.609,1310.189,1310.79,60
2016-08-05,08:30:00,255000.0,180000.0,292000.0,NFP.xlsx,44.018,44.06,43.824,44.001,60,,,,,,,,,,,1.11389,1.11512,1.11378,1.11501,49459,1.31387,1.31511,1.31321,1.31375,22851,18386.603,18389.296,18359.802,18370.973,60,2168.2,2168.664,2165.755,2167.195,60,4758.626,4759.603,4752.723,4754.856,60,1.3021,1.3025,1.30109,1.30141,29839,0.97413,0.97453,0.97329,0.97345,13993,101.084,101.147,100.872,100.953,22288,20.373,20.376,20.268,20.29,80,1363.47,1363.502,1361.038,1362.241,60
2016-07-08,08:30:00,287000.0,175000.0,11000.0,NFP.xlsx,46.807,46.918,46.642,46.685,60,,,,,,,,,,,1.10764,1.10811,1.10698,1.10747,9586,1.29428,1.29485,1.29257,1.2935,10868,17928.922,17942.898,17903.833,17913.579,60,2102.243,2104.377,2098.99,2100.496,60,4467.019,4472.132,4455.964,4458.448,60,1.30079,1.30189,1.30036,1.30134,8451,0.97896,0.97911,0.9784,0.97886,3562,100.608,100.701,100.564,100.596,6022,19.639,19.678,19.621,19.675,54,1355.092,1356.408,1354.629,1356.138,60
2016-06-03,08:30:00,38000.0,164000.0,123000.0,NFP.xlsx,50.052,50.195,50.007,50.118,60,,,,,,,,,,,1.11499,1.11588,1.11478,1.11484,10145,1.44286,1.44356,1.4412,1.4433,8813,17830.512,17844.34,17822.047,17836.693,60,2104.157,2106.109,2103.372,2104.919,60,4527.284,4530.719,4524.507,4528.596,60,1.30839,1.30891,1.30779,1.30884,6392,0.99065,0.99121,0.99015,0.99108,5763,108.75,108.888,108.717,108.844,6280,16.078,16.1,16.074,16.092,93,1211.651,1212.479,1211.418,1212.271,60
2016-05-06,08:30:00,160000.0,202000.0,208000.0,NFP.xlsx,44.759,44.929,44.53,44.919,60,,,,,,,,,,,1.14211,1.14275,1.14136,1.14225,12366,1.44816,1.44997,1.44799,1.44888,9549,17625.844,17644.444,17619.037,17635.448,60,2047.852,2050.393,2047.074,2048.857,60,4299.891,4305.698,4297.971,4303.399,60,1.28507,1.28608,1.28396,1.28403,7437,0.9676,0.96797,0.96645,0.96699,5449,106.945,106.986,106.868,106.92,6013,17.319,17.364,17.266,17.354,184,1278.671,1281.97,1277.19,1281.679,60
2016-04-01,08:30:00,215000.0,205000.0,245000.0,NFP.xlsx,40.031,40.329,39.94,40.226,60,,,,,,,,,,,1.13823,1.14017,1.13823,1.13995,15337,1.43301,1.43624,1.43111,1.43255,11889,17632.661,17677.366,17625.325,17665.123,60,2051.963,2057.488,2050.931,2055.79,60,4459.891,4474.667,4458.365,4471.218,60,1.30188,1.30319,1.30154,1.30188,7417,0.96101,0.96114,0.95986,0.9603,6633,112.283,112.424,112.26,112.346,8162,15.394,15.409,15.359,15.396,76,1233.052,1233.748,1231.409,1233.119,60
2016-03-04,09:30:00,242000.0,190000.0,172000.0,NFP.xlsx,37.13,37.13,36.805,36.879,60,,,,,,,,,,,1.09385,1.09739,1.09383,1.09626,19640,1.41399,1.41657,1.41256,1.4138,10081,16923.608,16940.644,16911.567,16930.252,60,1990.497,1992.63,1988.954,1991.622,60,4318.733,4321.755,4313.328,4318.623,60,1.34203,1.34485,1.34198,1.34484,5361,0.99416,0.99423,0.99208,0.99271,8919,113.741,113.773,113.636,113.707,8833,15.477,15.519,15.376,15.411,121,1269.479,1274.732,1269.428,1272.081,60
2016-02-05,09:30:00,151000.0,190000.0,262000.0,NFP.xlsx,34.023,34.997,33.984,34.787,60,,,,,,,,,,,1.11932,1.11987,1.11837,1.11948,16967,1.45285,1.45545,1.45077,1.45425,9092,16400.108,16461.201,16395.849,16446.027,60,1912.088,1920.1,1911.557,1918.364,60,4157.09,4177.996,4156.354,4173.591,60,1.37339,1.37392,1.37091,1.37206,8409,0.99245,0.99291,0.99085,0.99147,7988,116.89,116.979,116.822,116.908,9457,14.822,14.882,14.817,14.861,98,1155.798,1158.308,1155.378,1157.498,60
2016-01-08,09:30:00,292000.0,200000.0,252000.0,NFP.xlsx,34.296,34.45,34.077,34.407,60,,,,,,,,,,,1.08719,1.08829,1.08669,1.08731,8142,1.46173,1.46301,1.46123,1.46191,8512,16725.438,16733.517,16685.837,16713.881,60,1966.576,1967.571,1961.585,1965.486,60,4359.979,4362.997,4348.765,4358.934,60,1.41116,1.41158,1.4101,1.41064,6065,0.99974,1.00157,0.99947,1.001,8209,118.375,118.387,118.242,118.296,6656,14.052,14.057,13.989,14.011,64,1099.198,1099.35,1095.859,1096.078,60
2015-12-04,09:30:00,211000.0,200000.0,298000.0,NFP.xlsx,43.928,44.299,43.82,44.217,60,,,,,,,,,,,1.08703,1.08943,1.08697,1.08899,14430,1.51059,1.51367,1.51045,1.51239,10036,17585.799,17587.98,17551.604,17564.71,60,2063.203,2063.639,2059.421,2060.939,60,4635.281,4636.299,4623.916,4627.738,60,1.33502,1.33511,1.33337,1.33378,5888,0.99961,1.00009,0.99822,0.9993,7685,122.817,122.824,122.704,122.755,5909,14.083,14.134,14.082,14.119,101,1059.588,1061.982,1059.532,1061.622,60
2015-11-06,09:30:00,271000.0,180000.0,137000.0,NFP.xlsx,48.235,48.408,48.121,48.397,60,,,,,,,,,,,1.08718,1.08767,1.08648,1.08653,8116,1.5172,1.51782,1.51555,1.5156,8676,17842.842,17849.985,17835.807,17841.957,60,2098.883,2099.899,2097.851,2098.638,60,4699.983,4702.997,4697.924,4700.07,60,1.3167,1.31801,1.31658,1.31746,6482,0.99556,0.99565,0.99487,0.99554,3791,121.898,121.948,121.868,121.911,5827,15.02,15.04,15.01,15.018,66,1108.479,1109.248,1108.069,1108.188,60
2015-10-02,08:30:00,142000.0,203000.0,136000.0,NFP.xlsx,48.128,48.169,47.825,47.975,60,,,,,,,,,,,1.11654,1.11707,1.11603,1.11634,7653,1.51408,1.51728,1.51377,1.51569,6314,16305.414,16346.896,16294.453,16342.63,60,1928.79,1933.253,1927.793,1932.298,60,4211.956,4219.99,4207.954,4218.076,60,1.32332,1.32393,1.32311,1.3236,4186,0.97819,0.97847,0.97688,0.97781,3078,120.065,120.162,120.021,120.126,7326,14.462,14.488,14.441,14.452,71,1109.244,1109.338,1107.118,1107.221,60
2015-09-04,08:30:00,173000.0,220000.0,245000.0,NFP.xlsx,50.05,50.614,49.807,50.402,60,,,,,,,,,,,1.11446,1.1161,1.114,1.11406,10966,1.52279,1.52556,1.52256,1.52383,6905,16259.602,16261.785,16183.306,16207.192,60,1937.492,1937.695,1928.095,1931.127,60,4205.04,4205.042,4183.34,4190.157,60,1.32137,1.32328,1.32058,1.32183,6048,0.97459,0.97502,0.97303,0.97377,6783,119.232,119.278,118.838,119.075,9664,14.78,14.782,14.715,14.728,83,1124.781,1126.069,1124.558,1125.042,60
2015-08-07,08:30:00,215000.0,223000.0,231000.0,NFP.xlsx,49.968,50.039,49.71,49.847,60,,,,,,,,,,,1.09402,1.09428,1.09232,1.09235,8577,1.5501,1.55263,1.54951,1.55231,6833,17410.807,17442.784,17405.425,17431.873,60,2082.81,2086.682,2082.01,2084.961,60,4523.306,4533.166,4521.466,4529.82,60,1.31159,1.31206,1.31101,1.31176,6329,0.98072,0.98302,0.98044,0.983,4288,124.79,124.818,124.753,124.776,2445,14.783,14.794,14.772,14.778,77,1093.229,1093.329,1091.749,1092.078,60
2015-07-02,08:30:00,223000.0,230000.0,254000.0,NFP.xlsx,62.539,62.539,62.007,62.309,60,,,,,,,,,,,1.10594,1.10815,1.1048,1.10766,12720,1.55894,1.56179,1.55871,1.56035,8775,17789.994,17803.475,17772.726,17783.887,60,2082.686,2084.268,2080.68,2082.181,60,4436.978,4441.796,4434.821,4437.99,60,1.25989,1.2622,1.25983,1.26205,5331,0.94848,0.94928,0.94633,0.94703,7486,123.488,123.595,123.465,123.507,5077,15.589,15.644,15.57,15.639,84,1164.968,1166.658,1163.982,1165.538,60
2015-06-05,08:30:00,280000.0,225000.0,221000.0,NFP.xlsx,61.573,61.746,61.359,61.688,60,,,,,,,,,,,1.12749,1.12781,1.12542,1.1259,14077,1.53209,1.53318,1.53008,1.53044,8655,17932.594,17950.851,17914.682,17923.958,60,2101.176,2103.482,2099.168,2099.67,59,4498.972,4503.996,4491.862,4494.962,60,1.25186,1.25297,1.25184,1.25249,3704,0.93112,0.93272,0.93056,0.93249,4967,124.709,124.804,124.671,124.755,6114,16.152,16.172,16.121,16.149,63,1176.208,1176.371,1174.658,1175.409,60
2015-05-08,08:30:00,223000.0,224000.0,85000.0,NFP.xlsx,65.498,65.989,65.426,65.779,59,,,,,,,,,,,1.12161,1.12442,1.1216,1.12331,14793,1.54723,1.54851,1.54431,1.5478,28335,17978.941,17983.981,17956.638,17965.851,60,2092.984,2093.7,2090.156,2091.678,60,4421.991,4423.603,4414.171,4418.175,60,1.21029,1.21078,1.2095,1.2095,4364,0.92304,0.92304,0.92072,0.92169,5817,120.002,120.089,119.986,120.072,6727,16.396,16.425,16.355,16.369,60,1187.329,1188.198,1185.998,1186.348,60
2015-04-03,08:30:00,126000.0,245000.0,264000.0,NFP.xlsx,,,,,,,,,,,,,,,,1.08717,1.08822,1.08701,1.08792,3266,1.4834,1.48342,1.48157,1.48192,5450,,,,,,,,,,,,,,,,1.25688,1.25697,1.25589,1.25672,3412,0.95963,0.95963,0.95835,0.9592,2037,119.637,119.719,119.627,119.675,2036,,,,,,,,,,
2015-03-06,09:30:00,295000.0,240000.0,239000.0,NFP.xlsx,61.145,61.169,60.657,60.81,60,,,,,,,,,,,1.09951,1.10002,1.0965,1.09674,12450,1.52133,1.52198,1.51902,1.5199,17997,18130.216,18136.993,18116.469,18124.182,60,2100.971,2101.999,2099.242,2100.98,51,4451.496,4453.997,4448.623,4450.712,60,1.24819,1.24868,1.24693,1.24813,5259,0.97574,0.97762,0.97573,0.97663,5408,120.086,120.142,120.034,120.046,4875,16.059,16.059,15.906,15.964,61,1196.137,1196.137,1192.791,1192.95,60
2015-02-06,09:30:00,257000.0,234000.0,329000.0,NFP.xlsx,58.372,58.399,57.77,58.215,60,,,,,,,,,,,1.14478,1.14694,1.14452,1.14542,7157,1.53155,1.53256,1.53087,1.53186,13921,17864.63,17869.45,17844.863,17848.614,60,2061.767,2062.581,2059.774,2060.08,54,4254.515,4256.268,4250.088,4251.191,60,1.24485,1.24612,1.24397,1.244,3031,0.92098,0.92155,0.91976,0.92043,3255,117.353,117.382,117.247,117.274,4226,17.257,17.293,17.25,17.286,60,1267.291,1267.748,1265.957,1266.62,60
2015-01-09,09:30:00,252000.0,240000.0,353000.0,NFP.xlsx,50.9,50.929,50.307,50.447,60,,,,,,,,,,,1.18056,1.18198,1.17978,1.18157,10314,1.5116,1.51492,1.5109,1.51312,18078,17874.834,17885.995,17847.711,17854.927,60,2059.281,2061.299,2056.95,2057.486,57,4239.992,4242.999,4232.876,4233.844,60,1.18348,1.18504,1.18314,1.18496,3169,1.01726,1.01797,1.01615,1.01637,6732,119.393,119.44,119.306,119.329,6209,16.327,16.327,16.192,16.238,60,1211.542,1211.738,1209.369,1210.688,60
2014-12-05,09:30:00,321000.0,225000.0,243000.0,NFP.xlsx,69.16,69.21,69.026,69.17,58,,,,,,,,,,,1.23724,1.23784,1.23606,1.23687,6905,1.5658,1.56741,1.56564,1.56728,10956,17920.265,17931.463,17920.265,17922.934,57,2074.788,2075.598,2074.372,2074.39,32,4316.561,4320.625,4316.561,4317.941,59,1.14022,1.14104,1.1402,1.14025,2105,0.97166,0.97269,0.97129,0.972,5334,120.253,120.378,120.251,120.342,4606,16.421,16.446,16.392,16.432,60,1203.321,1204.552,1202.192,1203.681,60
2014-11-07,09:30:00,214000.0,231000.0,256000.0,NFP.xlsx,82.521,82.67,82.473,82.565,60,,,,,,,,,,,1.23952,1.24013,1.23861,1.23941,11126,1.58254,1.58352,1.58018,1.58124,11894,17587.955,17593.999,17571.021,17577.96,60,2035.312,2036.399,2033.311,2034.08,57,4177.39,4178.823,4173.401,4175.271,60,1.14332,1.14406,1.14299,1.14326,2809,0.97155,0.97211,0.97085,0.9715,8008,115.194,115.256,115.171,115.226,6064,15.46,15.476,15.41,15.421,60,1145.561,1146.109,1143.491,1143.581,60
2014-10-03,08:30:00,248000.0,215000.0,180000.0,NFP.xlsx,93.736,93.746,93.416,93.687,60,,,,,,,,,,,1.26432,1.2645,1.26261,1.26302,9380,1.61009,1.61038,1.60788,1.60835,13604,16853.469,16881.494,16852.408,16872.482,60,1953.064,1956.8,1952.345,1955.59,58,3997.994,4005.0,3997.838,4001.866,60,1.11726,1.11762,1.11696,1.11703,3037,0.9558,0.95744,0.9558,0.95697,3799,108.761,108.925,108.751,108.918,4422,17.0,17.046,16.987,17.04,60,1207.692,1208.742,1206.453,1207.562,60
2014-09-05,08:30:00,142000.0,225000.0,212000.0,NFP.xlsx,101.86,102.15,101.841,102.134,57,,,,,,,,,,,1.29376,1.29533,1.29366,1.29519,9256,1.63213,1.63241,1.63101,1.63143,7567,17066.113,17068.103,17053.406,17055.758,60,1996.509,1996.509,1994.598,1994.847,56,4064.988,4065.373,4061.889,4062.982,59,1.08842,1.08874,1.08802,1.0887,2263,0.93218,0.93219,0.93104,0.9311,4030,105.249,105.267,105.162,105.246,5173,19.063,19.088,19.06,19.083,60,1263.958,1264.716,1263.762,1264.101,60
2014-08-01,08:30:00,209000.0,233000.0,298000.0,NFP.xlsx,,,,,,,,,,,,,,,,1.33806,1.33936,1.33791,1.3391,8660,1.687,1.68877,1.68294,1.68375,17200,,,,,,,,,,,,,,,,1.09235,1.09362,1.09232,1.09359,3222,0.90948,0.90951,0.90811,0.90823,4100,102.949,102.965,102.917,102.932,4312,20.385,20.394,20.339,20.354,60,1284.756,1284.927,1283.467,1284.533,60
2014-07-03,08:30:00,288000.0,212000.0,224000.0,NFP.xlsx,110.754,110.877,110.502,110.843,60,,,,,,,,,,,1.36615,1.36622,1.36517,1.36545,34297,1.71549,1.71608,1.71334,1.7137,6934,16988.18,16989.474,16980.207,16985.687,60,1975.677,1975.993,1974.957,1975.498,57,3899.958,3900.394,3898.501,3900.009,60,1.0654,1.06584,1.06511,1.06523,1860,0.88886,0.88952,0.88885,0.88932,1980,101.925,101.955,101.916,101.942,3943,20.996,21.052,20.968,21.033,60,1320.46,1322.658,1319.918,1321.998,60
2014-06-06,08:30:00,217000.0,218000.0,282000.0,NFP.xlsx,108.907,109.067,108.851,109.043,59,,,,,,,,,,,1.36479,1.36495,1.36283,1.36356,13731,1.68134,1.68158,1.68018,1.68075,6401,16844.943,16855.405,16841.146,16851.684,60,1940.07,1941.394,1939.574,1941.059,58,3777.783,3779.783,3775.998,3778.853,60,1.09118,1.09162,1.09108,1.0915,3128,0.89163,0.89327,0.89149,0.89269,4976,102.262,102.306,102.246,102.286,5199,19.109,19.121,19.086,19.116,58,1255.072,1255.298,1254.298,1254.722,60
2014-05-02,08:30:00,288000.0,210000.0,203000.0,NFP.xlsx,108.116,108.566,108.095,108.563,60,,,,,,,,,,,1.38544,1.38646,1.38524,1.38625,9798,1.68913,1.68923,1.68737,1.68859,4539,16565.098,16568.496,16562.109,16566.978,60,1885.677,1885.696,1884.96,1885.658,59,3596.591,3597.378,3595.088,3596.787,60,1.09637,1.09736,1.09626,1.09718,1503,0.88036,0.88051,0.87939,0.87944,3036,102.478,102.483,102.432,102.461,2568,19.047,19.128,19.043,19.115,60,1283.537,1285.213,1283.242,1284.045,60
2014-04-04,08:30:00,192000.0,200000.0,197000.0,NFP.xlsx,106.524,106.618,106.294,106.602,60,,,,,,,,,,,1.37,1.37058,1.36976,1.37044,4706,1.65886,1.6596,1.65854,1.65925,2085,16596.381,16600.407,16590.115,16597.768,60,1892.565,1893.291,1891.76,1893.079,59,3643.518,3645.091,3642.207,3643.536,59,1.10189,1.10231,1.10163,1.10178,994,0.89319,0.89347,0.89243,0.89255,2963,103.902,103.909,103.847,103.862,1705,19.908,19.949,19.896,19.906,60,1288.951,1292.759,1288.951,1291.243,60
2014-03-07,09:30:00,175000.0,149000.0,129000.0,NFP.xlsx,108.121,108.163,107.932,108.026,60,,,,,,,,,,,1.38736,1.38835,1.3868,1.38786,7745,1.67579,1.67724,1.67462,1.67479,5622,16429.732,16435.982,16415.676,16431.779,60,1877.485,1878.985,1876.459,1878.458,58,3721.286,3723.169,3717.693,3721.733,60,1.09871,1.09936,1.0986,1.09881,1489,0.87838,0.87877,0.87796,0.8784,3672,102.874,102.995,102.852,102.967,3535,21.372,21.372,21.268,21.34,61,1348.611,1349.67,1346.287,1349.17,60
2014-02-07,09:30:00,113000.0,185000.0,75000.0,NFP.xlsx,107.252,107.257,107.205,107.205,4,,,,,,,,,,,1.35638,1.35789,1.35596,1.35678,12045,1.63407,1.6346,1.62997,1.63409,8250,,,,,,,,,,,,,,,,1.10647,1.10728,1.10606,1.10663,2000,0.90155,0.90219,0.90093,0.90145,4843,102.025,102.164,102.022,102.161,4039,19.872,19.881,19.764,19.81,60,1261.653,1262.003,1259.613,1260.75,60
2014-01-10,09:30:00,74000.0,196000.0,241000.0,NFP.xlsx,106.965,107.057,106.657,106.77,44,,,,,,,,,,,1.36056,1.36071,1.35941,1.3598,10855,1.64631,1.64631,1.64031,1.64154,7844,16481.785,16490.706,16474.609,16483.79,59,1842.487,1843.497,1841.962,1842.659,58,3564.094,3566.374,3563.213,3564.34,60,1.08459,1.08624,1.08451,1.08569,2324,0.90732,0.90795,0.90695,0.90768,4305,104.932,105.003,104.932,104.963,3752,19.743,19.765,19.711,19.746,60,1234.042,1234.523,1231.635,1232.852,60
2013-12-06,09:30:00,203000.0,180000.0,200000.0,NFP.xlsx,111.361,111.606,111.237,111.522,53,,,,,,,,,,,1.36569,1.36746,1.36552,1.36687,13509,1.63392,1.63644,1.63379,1.63565,5833,15859.772,15887.969,15856.623,15882.732,60,1789.66,1793.698,1789.461,1792.99,57,3483.729,3492.932,3483.084,3492.23,60,1.06557,1.06612,1.06507,1.06612,1864,0.89708,0.8971,0.89531,0.89574,6436,102.138,102.203,102.122,102.163,4115,19.456,19.527,19.45,19.512,60,1228.942,1231.795,1228.853,1231.168,60
2013-11-08,09:30:00,204000.0,125000.0,163000.0,NFP.xlsx,103.769,103.959,103.546,103.903,53,,,,,,,,,,,1.34167,1.34315,1.34148,1.34265,11067,1.60901,1.60996,1.60585,1.60688,5490,15636.988,15642.759,15630.62,15631.68,60,1753.072,1754.293,1752.757,1753.062,58,3333.5,3335.793,3332.657,3334.193,60,1.04603,1.04651,1.04582,1.04608,2196,0.91643,0.91664,0.91585,0.91613,5120,98.198,98.235,98.146,98.204,4795,21.712,21.732,21.672,21.695,60,1311.953,1312.983,1310.373,1311.563,60
2013-10-22,08:30:00,148000.0,180000.0,193000.0,NFP.xlsx,,,,,,,,,,,,,,,,1.36784,1.36794,1.36645,1.36705,9575,1.61281,1.61326,1.61217,1.61259,4123,,,,,,,,,,,,,,,,1.02988,1.0299,1.02949,1.02951,1608,0.9028,0.90392,0.90275,0.90356,4831,98.313,98.383,98.31,98.361,4169,22.133,22.142,21.972,22.027,64,1315.443,1315.842,1310.132,1311.642,60
2013-09-06,08:30:00,169000.0,180000.0,104000.0,NFP.xlsx,115.237,115.58,115.164,115.427,60,,,,,,,,,,,1.31213,1.31329,1.31205,1.31309,9493,1.5591,1.56037,1.55724,1.55746,5963,14918.0,14927.0,14911.0,14924.0,60,1654.171,1655.193,1653.169,1654.887,60,3129.648,3132.277,3127.936,3131.752,60,1.04627,1.04689,1.04569,1.04572,4903,0.94437,0.94447,0.94366,0.94389,5059,99.565,99.689,99.5,99.667,4020,23.202,23.234,23.12,23.143,66,1369.277,1370.577,1366.856,1369.008,60
2013-08-02,08:30:00,162000.0,184000.0,188000.0,NFP.xlsx,109.589,109.72,109.144,109.187,60,,,,,,,,,,,1.32191,1.32266,1.32141,1.32162,9752,1.51361,1.51767,1.51309,1.51512,5635,15616.0,15626.0,15611.0,15617.0,60,1705.464,1706.177,1704.966,1705.186,60,3122.759,3124.896,3121.847,3123.059,60,1.03685,1.03875,1.03685,1.03863,3754,0.93701,0.93737,0.93606,0.93728,6030,99.573,99.68,99.549,99.611,5276,19.325,19.379,19.279,19.326,61,1289.673,1291.213,1286.443,1288.673,60
2013-07-05,08:30:00,195000.0,165000.0,195000.0,NFP.xlsx,105.519,105.929,105.499,105.679,60,,,,,,,,,,,1.28833,1.28902,1.28688,1.28807,11570,1.50037,1.50141,1.497,1.49931,7565,15141.0,15141.0,15114.0,15125.0,60,1631.668,1631.689,1628.462,1629.692,60,2972.838,2972.984,2967.52,2969.216,60,1.05269,1.05401,1.05192,1.05366,5079,0.95896,0.95913,0.95825,0.95853,7554,100.284,100.294,99.889,100.019,5940,19.181,19.204,19.101,19.112,60,1241.46,1242.16,1234.86,1235.18,60
2013-06-07,08:30:00,175000.0,170000.0,149000.0,NFP.xlsx,103.978,104.206,103.776,104.016,60,,,,,,,,,,,1.3246,1.32497,1.3224,1.32305,15195,1.55909,1.55948,1.55671,1.55732,8611,15017.0,15032.0,15009.0,15026.0,60,1620.991,1623.189,1620.196,1622.193,60,2948.045,2951.888,2944.344,2948.133,60,1.02682,1.02787,1.02666,1.02681,4079,0.92866,0.93008,0.92838,0.92997,8673,96.589,96.686,96.33,96.445,10021,22.632,22.704,22.623,22.669,64,1410.037,1413.693,1409.852,1411.132,60
2013-05-03,08:30:00,165000.0,145000.0,138000.0,NFP.xlsx,,,,,,,,,,,,,,,,1.31056,1.31309,1.31,1.31282,13317,1.55322,1.55543,1.55193,1.55511,9711,,,,,,,,,,,,,,,,1.01233,1.0125,1.0114,1.01168,2863,0.93361,0.93388,0.93183,0.93209,7734,98.207,98.245,98.137,98.15,5395,24.073,24.153,24.045,24.073,61,1476.579,1478.437,1475.715,1476.718,60
2013-04-05,08:30:00,88000.0,200000.0,268000.0,NFP.xlsx,,,,,,,,,,,,,,,,1.29081,1.29313,1.29012,1.29246,14726,1.52044,1.52307,1.52001,1.52249,8612,,,,,,,,,,,,,,,,1.0138,1.01414,1.01357,1.01379,2965,0.94234,0.94292,0.94047,0.9409,7064,96.326,96.41,96.247,96.258,9635,26.865,26.9,26.842,26.899,63,1551.72,1552.12,1551.08,1551.48,60
2013-03-08,09:30:00,236000.0,160000.0,119000.0,NFP.xlsx,,,,,,,,,,,,,,,,1.30841,1.30982,1.3083,1.30948,7323,1.50136,1.50334,1.50079,1.50261,8096,,,,,,,,,,,,,,,,1.03094,1.03142,1.0303,1.03111,2969,0.94436,0.94454,0.9433,0.94362,7034,95.583,95.605,95.457,95.541,6826,28.838,28.904,28.792,28.799,64,1579.65,1582.45,1579.166,1579.731,60
2013-02-01,09:30:00,157000.0,160000.0,196000.0,NFP.xlsx,,,,,,,,,,,,,,,,1.36506,1.36745,1.3644,1.36696,14562,1.58664,1.58752,1.58138,1.58191,15442,,,,,,,,,,,,,,,,0.99747,0.99972,0.99743,0.99952,3557,0.90701,0.90785,0.9045,0.90459,11540,92.212,92.246,92.12,92.21,7308,31.365,31.388,31.331,31.363,60,1664.301,1665.252,1664.152,1664.536,60
2013-01-04,09:30:00,155000.0,150000.0,161000.0,NFP.xlsx,,,,,,,,,,,,,,,,1.30145,1.30187,1.30025,1.30109,10783,1.60503,1.60574,1.60345,1.60476,9863,,,,,,,,,,,,,,,,0.9904,0.99081,0.98991,0.99035,2903,0.92903,0.92994,0.92882,0.9294,7600,88.206,88.329,88.085,88.187,7952,29.458,29.477,29.296,29.369,77,1642.763,1643.221,1635.097,1636.352,60
2012-12-07,09:30:00,146000.0,93000.0,138000.0,NFP.xlsx,,,,,,,,,,,,,,,,1.29285,1.29424,1.29167,1.29384,9239,1.60402,1.60484,1.60219,1.60368,7567,,,,,,,,,,,,,,,,0.99179,0.99212,0.99169,0.99203,3686,0.93493,0.93586,0.93467,0.93494,7593,82.372,82.438,82.35,82.375,3817,32.97,32.992,32.888,32.897,61,1699.752,1700.352,1697.21,1697.283,60
2012-11-02,08:30:00,171000.0,125000.0,148000.0,NFP.xlsx,,,,,,,,,,,,,,,,1.29036,1.29075,1.2875,1.2877,12853,1.60951,1.60996,1.60857,1.60862,6027,,,,,,,,,,,,,,,,0.99656,0.99755,0.99656,0.99751,4747,0.93505,0.9374,0.93497,0.93716,8209,80.335,80.342,80.299,80.317,3375,32.044,32.044,31.908,31.922,67,1710.183,1710.203,1706.352,1706.564,60
2012-10-05,08:30:00,114000.0,113000.0,142000.0,NFP.xlsx,,,,,,,,,,,,,,,,1.30049,1.30129,1.29965,1.30007,10792,1.61815,1.61895,1.61728,1.61781,7832,,,,,,,,,,,,,,,,0.98021,0.9806,0.98011,0.9805,4508,0.93129,0.93206,0.93092,0.93173,6553,78.391,78.439,78.357,78.433,3030,34.933,34.96,34.823,34.863,60,1791.552,1792.363,1787.952,1788.973,60
2012-09-07,08:30:00,96000.0,125000.0,141000.0,NFP.xlsx,,,,,,,,,,,,,,,,1.26709,1.26792,1.26672,1.2669,9677,1.59674,1.59844,1.5962,1.59716,10007,,,,,,,,,,,,,,,,0.98112,0.98153,0.98057,0.98146,5992,0.95524,0.95632,0.95479,0.95611,7929,78.925,78.968,78.871,78.922,3967,32.245,32.333,32.238,32.281,61,1694.787,1697.923,1694.372,1696.823,60
2012-08-03,08:30:00,163000.0,100000.0,64000.0,NFP.xlsx,,,,,,,,,,,,,,,,1.2207,1.22179,1.22028,1.22123,13560,1.55256,1.55452,1.55249,1.55411,12155,,,,,,,,,,,,,,,,1.00449,1.00457,1.00305,1.00325,11488,0.98391,0.98422,0.98301,0.98346,9732,78.254,78.258,78.189,78.199,3329,27.207,27.249,27.191,27.205,61,1592.521,1594.36,1592.206,1593.774,60
2012-07-06,08:30:00,80000.0,90000.0,77000.0,NFP.xlsx,,,,,,,,,,,,,,,,1.23838,1.24008,1.238,1.23839,13546,1.55244,1.55501,1.55237,1.55361,11637,,,,,,,,,,,,,,,,1.01438,1.01535,1.01412,1.01523,9098,0.9698,0.97012,0.9685,0.9698,10012,79.875,79.904,79.836,79.865,3705,27.601,27.63,27.326,27.43,73,1602.483,1603.463,1589.065,1593.943,60
2012-06-01,08:30:00,69000.0,150000.0,77000.0,NFP.xlsx,,,,,,,,,,,,,,,,1.23482,1.2352,1.23311,1.23321,16432,1.53496,1.53496,1.5275,1.52836,15643,,,,,,,,,,,,,,,,1.03659,1.03928,1.03659,1.03872,8157,0.97257,0.97376,0.97222,0.97369,15101,78.497,78.498,78.209,78.219,8760,27.756,27.764,27.418,27.439,79,1557.263,1558.208,1551.573,1552.251,60
2012-05-04,08:30:00,115000.0,170000.0,154000.0,NFP.xlsx,,,,,,,,,,,,,,,,1.31334,1.31394,1.31266,1.31321,9953,1.61712,1.6177,1.61646,1.61662,8240,,,,,,,,,,,,,,,,0.98893,0.9894,0.98875,0.98919,6753,0.9147,0.91519,0.9143,0.91471,8019,80.174,80.183,80.137,80.137,2808,29.894,29.904,29.763,29.845,68,1631.01,1631.621,1626.252,1628.305,60
2012-04-06,08:30:00,120000.0,203000.0,240000.0,NFP.xlsx,,,,,,,,,,,,,,,,1.30621,1.30689,1.30621,1.30656,3792,1.5847,1.58512,1.5847,1.58482,1702,,,,,,,,,,,,,,,,0.9925,0.99285,0.99234,0.99242,1597,0.92005,0.92005,0.91959,0.91989,1509,82.403,82.488,82.371,82.43,2271,,,,,,,,,,
2012-03-09,09:30:00,227000.0,210000.0,284000.0,NFP.xlsx,,,,,,,,,,,,,,,,1.32169,1.32251,1.32126,1.32185,12842,1.57977,1.5803,1.5755,1.57598,9183,,,,,,,,,,,,,,,,0.99062,0.99172,0.99062,0.99156,7324,0.91203,0.91242,0.91146,0.9121,11493,81.774,81.776,81.666,81.742,3696,33.743,33.804,33.723,33.777,67,1697.633,1699.473,1696.955,1698.789,60
2012-02-03,09:30:00,243000.0,150000.0,203000.0,NFP.xlsx,,,,,,,,,,,,,,,,1.31442,1.31742,1.31442,1.31666,15322,1.58187,1.58577,1.58187,1.58478,15475,,,,,,,,,,,,,,,,0.99932,0.99948,0.99809,0.99838,12220,0.91651,0.91657,0.91471,0.91545,12258,76.189,76.221,76.165,76.199,3467,34.275,34.393,34.228,34.266,67,1761.036,1763.188,1759.643,1760.718,60
2012-01-06,09:30:00,200000.0,150000.0,100000.0,NFP.xlsx,,,,,,,,,,,,,,,,1.28028,1.28117,1.27938,1.28014,16461,1.5506,1.55144,1.54867,1.54966,12773,,,,,,,,,,,,,,,,1.01735,1.01868,1.01696,1.01814,7736,0.95123,0.95222,0.95077,0.95146,11312,77.146,77.16,77.095,77.117,4399,29.324,29.467,29.265,29.274,72,1621.03,1623.752,1620.112,1620.443,60
2011-12-02,09:30:00,120000.0,120000.0,100000.0,NFP.xlsx,,,,,,,,,,,,,,,,1.34742,1.34921,1.34709,1.34833,10684,1.56924,1.57011,1.56659,1.56943,11300,,,,,,,,,,,,,,,,1.01308,1.01389,1.01136,1.01176,5861,0.9161,0.91674,0.915,0.91604,7282,77.802,77.872,77.8,77.839,2121,33.273,33.364,33.207,33.355,75,1747.392,1751.374,1746.43,1751.216,60
2011-11-04,08:30:00,80000.0,95000.0,158000.0,NFP.xlsx,,,,,,,,,,,,,,,,1.38001,1.38239,1.37893,1.38014,16284,1.60081,1.60089,1.59936,1.6001,11858,,,,,,,,,,,,,,,,1.0125,1.01414,1.012,1.01386,8625,0.88271,0.88708,0.88225,0.88542,10762,78.05,78.078,78.023,78.038,3541,34.423,34.434,34.224,34.283,73,1758.939,1760.057,1754.549,1755.22,60
2011-10-07,08:30:00,103000.0,53000.0,57000.0,NFP.xlsx,,,,,,,,,,,,,,,,1.3446,1.34505,1.34277,1.34301,12727,1.55505,1.55523,1.55071,1.55173,11592,,,,,,,,,,,,,,,,1.03846,1.04023,1.03807,1.0402,4797,0.91972,0.92115,0.91944,0.92088,7403,76.647,76.675,76.637,76.66,2832,32.078,32.099,31.659,31.744,74,1659.045,1660.523,1651.082,1652.624,60
2011-09-02,08:30:00,0.0,74000.0,85000.0,NFP.xlsx,,,,,,,,,,,,,,,,1.42326,1.42523,1.42284,1.42382,13649,1.61987,1.62052,1.61807,1.6192,8315,,,,,,,,,,,,,,,,0.97731,0.9784,0.97727,0.97803,4053,0.78615,0.78752,0.7808,0.78105,8287,76.826,76.852,76.779,76.804,4502,42.231,42.39,42.098,42.217,66,1852.388,1852.394,1846.916,1849.96,60
2011-08-05,08:30:00,117000.0,95000.0,46000.0,NFP.xlsx,,,,,,,,,,,,,,,,1.41609,1.41632,1.41259,1.41441,19164,1.62838,1.62904,1.62585,1.62903,11111,,,,,,,,,,,,,,,,0.97775,0.98123,0.97771,0.9788,7565,0.76838,0.76925,0.76619,0.76923,7181,78.54,78.551,78.416,78.505,5918,39.235,39.813,39.226,39.657,98,1655.373,1670.193,1655.114,1667.03,60
2011-07-08,08:30:00,18000.0,89000.0,25000.0,NFP.xlsx,,,,,,,,,,,,,,,,1.4318,1.43236,1.4302,1.4302,12114,1.59677,1.59854,1.59609,1.59609,7411,,,,,,,,,,,,,,,,0.95829,0.95864,0.95781,0.95861,3981,0.84681,0.85017,0.84646,0.84913,6903,81.322,81.371,81.314,81.349,4190,36.147,36.234,36.093,36.175,65,1527.25,1527.928,1526.535,1527.08,60
2011-06-03,08:30:00,54000.0,169000.0,232000.0,NFP.xlsx,,,,,,,,,,,,,,,,1.44799,1.44978,1.44719,1.44919,10422,1.63426,1.63459,1.63139,1.63271,8558,,,,,,,,,,,,,,,,0.97783,0.97834,0.97696,0.97757,4323,0.84266,0.8431,0.84178,0.84213,4741,80.638,80.71,80.559,80.57,7855,35.569,36.067,35.437,35.924,63,1531.265,1534.449,1530.323,1533.393,60
2011-05-06,08:30:00,244000.0,185000.0,221000.0,NFP.xlsx,,,,,,,,,,,,,,,,1.45327,1.45409,1.45082,1.45215,16143,1.6371,1.63968,1.6355,1.63765,13729,,,,,,,,,,,,,,,,0.96873,0.9702,0.96714,0.96747,7112,0.87155,0.87347,0.8713,0.87232,9580,80.428,80.452,80.27,80.293,10848,34.543,35.163,34.481,35.092,1226,1480.11,1484.547,1476.672,1484.469,60
2011-04-01,08:30:00,216000.0,188000.0,194000.0,NFP.xlsx,,,,,,,,,,,,,,,,1.41548,1.41671,1.41481,1.4166,7958,1.60689,1.60757,1.60224,1.60348,10499,,,,,,,,,,,,,,,,0.96873,0.96939,0.96819,0.9682,3262,0.92278,0.92299,0.92139,0.92174,7091,83.665,83.714,83.622,83.68,7643,37.654,37.734,37.593,37.673,60,1433.88,1435.645,1432.972,1435.013,60
2011-03-04,09:30:00,192000.0,180000.0,63000.0,NFP.xlsx,,,,,,,,,,,,,,,,1.39574,1.39659,1.39554,1.39591,5574,1.62392,1.6247,1.62349,1.62394,7118,,,,,,,,,,,,,,,,0.97356,0.97379,0.9733,0.97355,1997,0.92978,0.93033,0.92965,0.93021,5436,82.447,82.517,82.44,82.51,2639,,,,,,1419.522,1419.972,1418.71,1419.822,60
2011-02-04,09:30:00,36000.0,150000.0,121000.0,NFP.xlsx,,,,,,,,,,,,,,,,1.36324,1.36421,1.36293,1.363,7561,1.61538,1.61613,1.6125,1.61288,7685,,,,,,,,,,,,,,,,0.98945,0.99079,0.98912,0.98973,2628,0.94654,0.9473,0.94603,0.94697,11585,81.583,81.617,81.559,81.594,5107,,,,,,1348.88,1349.48,1348.38,1348.58,60
2011-01-07,09:30:00,103000.0,150000.0,71000.0,NFP.xlsx,,,,,,,,,,,,,,,,1.29805,1.2994,1.2973,1.2988,8110,1.54369,1.54631,1.54332,1.54554,6531,,,,,,,,,,,,,,,,0.99939,1.00021,0.99913,1.00006,2415,0.96341,0.96425,0.96303,0.96339,6314,83.512,83.56,83.477,83.518,3573,,,,,,1362.942,1363.05,1356.75,1359.0,60
2010-12-03,09:30:00,39000.0,140000.0,172000.0,NFP.xlsx,,,,,,,,,,,,,,,,1.32307,1.3251,1.32189,1.32444,10401,1.56364,1.56628,1.56338,1.56555,8809,,,,,,,,,,,,,,,,1.00358,1.00406,1.00203,1.00208,3825,0.99034,0.99134,0.98947,0.99071,6024,83.676,83.686,83.55,83.579,2847,,,,,,1391.141,1392.946,1391.078,1392.012,60
2010-11-05,08:30:00,151000.0,60000.0,-41000.0,NFP.xlsx,,,,,,,,,,,,,,,,1.41868,1.42289,1.41766,1.41946,4724,1.6191,1.62186,1.61806,1.62059,5904,,,,,,,,,,,,,,,,1.003,1.00357,1.00201,1.00269,3390,0.95869,0.9593,0.9569,0.95733,3660,80.795,80.821,80.619,80.674,4787,,,,,,1384.338,1388.216,1383.092,1386.824,60
2010-10-08,08:30:00,-95000.0,3000.0,-57000.0,NFP.xlsx,,,,,,,,,,,,,,,,1.39201,1.3928,1.38874,1.39071,4165,1.58315,1.58625,1.5825,1.5859,16593,,,,,,,,,,,,,,,,1.0171,1.01775,1.0162,1.0162,10040,0.96725,0.9679,0.96675,0.96675,15623,82.395,82.4,82.265,82.36,14893,,,,,,1334.046,1334.364,1331.624,1332.726,60
2010-09-03,08:30:00,-54000.0,-118000.0,-54000.0,NFP.xlsx,,,,,,,,,,,,,,,,1.28288,1.2833,1.28133,1.28314,4285,1.5436,1.54505,1.5391,1.5401,17176,,,,,,,,,,,,,,,,1.0536,1.0558,1.05355,1.05425,5541,1.01355,1.01565,1.0134,1.01435,9883,84.29,84.395,84.26,84.36,10365,,,,,,1251.631,1252.399,1251.041,1251.853,60
2010-08-06,08:30:00,-131000.0,-65000.0,-221000.0,NFP.xlsx,,,,,,,,,,,,,,,,1.31955,1.31991,1.31762,1.31872,4527,1.5913,1.59175,1.585,1.585,12201,,,,,,,,,,,,,,,,1.0155,1.0171,1.01535,1.01665,3888,1.0486,1.04875,1.04575,1.04695,10509,86.095,86.14,86.04,86.07,15810,,,,,,1197.612,1197.961,1195.215,1195.707,60
2010-07-02,08:30:00,-125000.0,-100000.0,433000.0,NFP.xlsx,,,,,,,,,,,,,,,,1.24966,1.25097,1.24855,1.25022,4708,1.51705,1.5206,1.5154,1.5206,9005,,,,,,,,,,,,,,,,1.0601,1.0617,1.0592,1.0593,5604,1.0641,1.0697,1.0641,1.0683,12150,87.925,88.035,87.91,87.925,15172,,,,,,1211.28,1211.584,1208.674,1210.267,60
2010-06-04,08:30:00,431000.0,500000.0,290000.0,NFP.xlsx,,,,,,,,,,,,,,,,1.21901,1.2214,1.21854,1.22039,4180,1.4646,1.4681,1.4627,1.4669,21076,,,,,,,,,,,,,,,,1.039,1.03945,1.0369,1.0375,6477,1.15385,1.15525,1.1519,1.15275,26422,92.715,92.825,92.685,92.77,20681,,,,,,1205.836,1205.896,1202.974,1205.125,60
2010-05-07,08:30:00,290000.0,187000.0,230000.0,NFP.xlsx,,,,,,,,,,,,,,,,1.27145,1.27724,1.27061,1.27227,4786,1.4718,1.4739,1.46205,1.46305,11310,,,,,,,,,,,,,,,,1.05485,1.05525,1.04955,1.0534,12301,1.1138,1.1148,1.1094,1.1142,34693,92.075,92.29,92.035,92.085,19921,,,,,,1201.712,1202.146,1195.661,1197.339,60
2010-04-02,08:30:00,162000.0,190000.0,-14000.0,NFP.xlsx,,,,,,,,,,,,,,,,1.355,1.3557,1.35435,1.35496,4748,1.52555,1.52665,1.52515,1.52555,5231,,,,,,,,,,,,,,,,1.01185,1.01205,1.01097,1.0117,8453,1.05675,1.05725,1.05645,1.0572,3648,93.935,93.94,93.815,93.895,6403,,,,,,1118.65,1120.377,1117.96,1118.593,58
2010-03-05,09:30:00,-36000.0,-55000.0,-26000.0,NFP.xlsx,,,,,,,,,,,,,,,,1.35932,1.36062,1.35856,1.35895,4810,1.5034,1.5055,1.5031,1.5035,9652,,,,,,,,,,,,,,,,1.0324,1.03305,1.0319,1.03225,3818,1.076,1.0765,1.07505,1.07635,15984,89.265,89.31,89.2,89.23,15925,,,,,,1134.264,1135.849,1133.461,1135.222,60
2010-02-05,09:30:00,-20000.0,15000.0,-150000.0,NFP.xlsx,,,,,,,,,,,,,,,,1.3691,1.37034,1.36692,1.3674,3968,1.5689,1.57135,1.56705,1.5709,11174,,,,,,,,,,,,,,,,1.07455,1.0758,1.073,1.0758,5912,1.07345,1.0752,1.0716,1.0748,22037,89.66,89.685,89.43,89.435,28708,,,,,,1053.341,1056.712,1052.053,1052.987,60
2010-01-08,09:30:00,-85000.0,0.0,4000.0,NFP.xlsx,,,,,,,,,,,,,,,,1.43287,1.43336,1.43154,1.43219,4119,1.6017,1.6037,1.60135,1.60315,14821,,,,,,,,,,,,,,,,1.03315,1.0342,1.0328,1.03315,3974,1.0335,1.03455,1.03325,1.0345,23179,93.1,93.13,92.835,93.12,31993,,,,,,1124.534,1125.308,1123.286,1123.67,60
2009-12-04,09:30:00,-11000.0,-114000.0,-111000.0,NFP.xlsx,,,,,,,,,,,,,,,,1.50666,1.50749,1.50559,1.50675,4020,1.6629,1.66405,1.66035,1.6615,14995,,,,,,,,,,,,,,,,1.05485,1.0556,1.0543,1.0547,3944,1.00015,1.0008,0.999,0.9996,17777,88.11,88.19,88.095,88.18,31307,,,,,,1204.179,1206.747,1202.83,1205.729,60
2009-11-06,09:30:00,-190000.0,-166000.0,-219000.0,NFP.xlsx,,,,,,,,,,,,,,,,1.48935,1.49008,1.48843,1.48984,4973,1.66195,1.6635,1.65955,1.6609,14006,,,,,,,,,,,,,,,,1.06125,1.06225,1.0612,1.0615,11022,1.01495,1.0155,1.01465,1.0148,22563,90.57,90.58,90.47,90.52,19615,,,,,,1093.577,1095.656,1093.051,1094.173,60
2009-10-02,08:30:00,-263000.0,-190000.0,-201000.0,NFP.xlsx,,,,,,,,,,,,,,,,1.45404,1.4563,1.45276,1.45507,4252,1.5883,1.5917,1.5876,1.59035,20914,,,,,,,,,,,,,,,,1.0881,1.08935,1.0874,1.08825,5790,1.04055,1.0411,1.03855,1.03935,21467,89.37,89.42,89.3,89.37,29645,,,,,,997.92,998.945,996.538,997.533,60
2009-09-04,08:30:00,-216000.0,-220000.0,-276000.0,NFP.xlsx,,,,,,,,,,,,,,,,1.42706,1.42895,1.42633,1.42796,4670,1.6346,1.6363,1.63365,1.6359,15186,,,,,,,,,,,,,,,,1.1007,1.1009,1.0972,1.0976,6040,1.0621,1.0625,1.0608,1.06125,11535,92.87,92.87,92.725,92.795,17950,,,,,,986.704,988.907,985.93,988.881,60
2009-08-07,08:30:00,-247000.0,-330000.0,-443000.0,NFP.xlsx,,,,,,,,,,,,,,,,1.43557,1.4378,1.43493,1.43596,4928,,,,,,,,,,,,,,,,,,,,,,,,,,,,,,,,,,,,,,,,,960.264,961.856,959.316,959.756,60
2009-07-02,08:30:00,-467000.0,-375000.0,-322000.0,NFP.xlsx,,,,,,,,,,,,,,,,,,,,,,,,,,,,,,,,,,,,,,,,,,,,,,,,,,,,,,,,,,,,,937.865,938.09,935.233,936.63,60
2009-06-05,08:30:00,-345000.0,-521000.0,-504000.0,NFP.xlsx,,,,,,,,,,,,,,,,,,,,,,,,,,,,,,,,,,,,,,,,,,,,,,,,,,,,,,,,,,,,,979.168,979.812,978.286,979.148,59
2009-05-08,08:30:00,-539000.0,-580000.0,-699000.0,NFP.xlsx,,,,,,,,,,,,,,,,,,,,,,,,,,,,,,,,,,,,,,,,,,,,,,,,,,,,,,,,,,,,,913.226,913.909,912.399,913.249,60
2009-04-03,08:30:00,-663000.0,-662000.0,-651000.0,NFP.xlsx,,,,,,,,,,,,,,,,,,,,,,,,,,,,,,,,,,,,,,,,,,,,,,,,,,,,,,,,,,,,,907.716,908.245,903.3,903.675,60
2009-03-06,09:30:00,-651000.0,-636000.0,-598000.0,NFP.xlsx,,,,,,,,,,,,,,,,,,,,,,,,,,,,,,,,,,,,,,,,,,,,,,,,,,,,,,,,,,,,,941.782,941.782,938.313,938.968,60
2009-02-06,09:30:00,-598000.0,-530000.0,-524000.0,NFP.xlsx,,,,,,,,,,,,,,,,,,,,,,,,,,,,,,,,,,,,,,,,,,,,,,,,,,,,,,,,,,,,,910.367,913.708,909.823,911.201,60
2009-01-09,09:30:00,-524000.0,-475000.0,-533000.0,NFP.xlsx,,,,,,,,,,,,,,,,,,,,,,,,,,,,,,,,,,,,,,,,,,,,,,,,,,,,,,,,,,,,,853.004,854.001,851.915,852.977,60
2025-07-03,10:00:00,50.8,50.8,49.9,PMI.xlsx,68.53,68.975,68.53,68.935,60,109962.7,110025.2,109657.2,109855.4,2,2597.6,2599.6,2584.2,2596.4,2,1.17921,1.18,1.17869,1.1793,3836,1.36547,1.36678,1.36457,1.36605,2670,44497.563,44514.299,44476.503,44510.551,60,6227.501,6229.481,6224.213,6229.216,60,22637.975,22644.031,22619.465,22641.687,60,1.35909,1.35929,1.35849,1.35867,3451,0.79265,0.79287,0.79193,0.7926,2700,143.856,143.861,143.737,143.847,3172,36.817,36.951,36.767,36.902,88,3345.548,3355.275,3344.565,3352.995,60
2025-06-04,10:00:00,49.9,52.0,51.6,PMI.xlsx,65.895,65.925,65.595,65.715,59,105859.0,106034.3,105689.2,105741.2,2,2641.7,2648.4,2634.1,2636.8,2,1.13828,1.13855,1.13747,1.13819,4774,1.35353,1.35382,1.35199,1.35237,3715,42589.499,42608.727,42572.727,42605.239,60,5982.622,5987.366,5979.363,5984.884,60,21697.008,21722.708,21680.443,21710.487,60,1.37136,1.37192,1.37092,1.37119,3950,0.8238,0.82419,0.82333,0.82375,4045,144.091,144.31,144.052,144.25,7730,34.507,34.549,34.164,34.337,113,3362.745,3363.775,3347.048,3350.598,60
2025-05-05,10:00:00,51.6,50.2,50.8,PMI.xlsx,60.525,60.605,60.375,60.455,60,94550.1,94580.6,94048.8,94106.4,2,1820.9,1821.2,1796.2,1802.1,2,1.13409,1.13453,1.13327,1.13444,8098,1.33023,1.33097,1.32943,1.33067,4533,41041.099,41079.799,41031.087,41072.051,60,5642.501,5645.369,5637.866,5643.929,60,19914.81,19924.289,19886.709,19913.399,60,1.37882,1.37989,1.37859,1.37974,2552,0.82355,0.82411,0.82299,0.82324,5460,143.862,144.0,143.802,143.954,7755,32.412,32.456,32.335,32.407,66,3308.535,3318.225,3308.235,3313.015,60
2025-04-03,10:00:00,50.8,53.0,53.5,PMI.xlsx,71.835,71.93,71.505,71.615,60,83454.3,83717.0,83112.4,83200.3,2,1808.5,1814.7,1788.7,1790.6,2,1.10307,1.11462,1.10277,1.10524,29534,1.31697,1.32073,1.31468,1.31484,16516,41126.139,41140.675,40934.187,41024.627,60,5484.295,5488.349,5462.419,5475.099,60,18859.864,18873.276,18774.976,18818.32,60,1.41489,1.41589,1.41039,1.4128,16861,0.8635,0.86379,0.85891,0.86326,14704,146.554,146.747,146.257,146.707,21861,32.527,32.622,32.342,32.447,211,3121.398,3122.905,3088.075,3095.275,60
2025-03-05,10:00:00,53.5,52.5,52.8,PMI.xlsx,70.495,70.555,70.085,70.12,60,88439.0,90603.2,88328.8,89892.7,2,2235.8,2269.8,2229.4,2235.1,2,1.07115,1.0715,1.06834,1.06969,11241,1.28355,1.2841,1.2817,1.28313,5660,42838.599,42859.051,42754.063,42761.039,60,5830.328,5833.328,5813.066,5813.698,60,20567.31,20580.297,20493.364,20503.399,60,1.43817,1.43971,1.43792,1.4387,7753,0.88572,0.8875,0.88564,0.88683,6403,149.372,149.566,149.313,149.343,16082,32.309,32.348,32.16,32.208,121,2918.855,2919.135,2908.675,2913.215,60
2025-02-05,10:00:00,52.8,54.2,54.1,PMI.xlsx,75.674,75.684,75.324,75.554,60,97378.7,97992.7,97330.7,97697.7,2,2756.8,2785.3,2753.6,2776.8,2,1.04038,1.04304,1.04017,1.0425,9442,1.25172,1.25496,1.25126,1.25401,9146,44405.587,44489.575,44391.039,44473.551,60,5996.768,6007.615,5995.034,6006.199,60,21332.942,21375.598,21323.665,21372.421,60,1.42851,1.42881,1.42719,1.42754,8565,0.90249,0.90264,0.90075,0.9009,6245,152.839,152.84,152.551,152.638,9741,32.453,32.543,32.284,32.323,63,2870.115,2876.905,2865.875,2867.635,60
2025-01-07,10:00:00,54.1,53.5,52.1,PMI.xlsx,76.343,76.733,76.308,76.683,60,101675.3,101679.9,101336.0,101366.3,2,3658.0,3662.6,3648.2,3654.6,2,1.04274,1.04343,1.04166,1.04278,10948,1.25627,1.25685,1.25545,1.25585,6310,42708.949,42755.697,42702.413,42737.973,60,5974.752,5983.537,5972.657,5982.749,60,21539.731,21582.408,21528.753,21579.621,60,1.43019,1.43071,1.42973,1.4305,6937,0.90403,0.90512,0.90398,0.90499,5594,157.603,157.781,157.56,157.744,19600,30.182,30.226,30.163,30.201,60,2641.155,2644.565,2641.148,2643.725,60
2024-12-04,10:00:00,52.1,55.7,56.0,PMI.xlsx,74.068,74.253,73.933,74.003,60,96858.7,96893.2,96473.7,96556.7,2,3726.4,3742.2,3711.5,3722.6,5,1.05029,1.05093,1.04958,1.04992,16182,1.26763,1.26831,1.26641,1.26658,7410,44897.087,44921.563,44890.039,44914.099,60,6063.32,6065.777,6061.027,6064.73,60,21346.387,21359.476,21333.108,21352.908,60,1.40683,1.40692,1.40623,1.40654,6021,0.88702,0.88742,0.88654,0.88671,4854,150.623,150.891,150.614,150.864,31322,30.816,30.845,30.783,30.828,82,2640.765,2644.425,2640.065,2644.285,60
2024-11-05,10:00:00,56.0,53.8,54.9,PMI.xlsx,75.458,75.563,75.273,75.353,60,68743.6,68805.2,68582.3,68731.5,2,2433.4,2437.6,2428.5,2433.7,4,1.08919,1.08944,1.08908,1.08939,6904,1.29822,1.29859,1.29796,1.29819,2889,41844.199,41864.699,41808.499,41855.427,60,5724.657,5725.5,5717.931,5724.407,60,20032.189,20032.189,19995.931,20025.642,60,1.38835,1.38862,1.38807,1.38851,2821,0.86206,0.86256,0.86165,0.86199,3967,152.183,152.27,152.14,152.255,21972,32.606,32.641,32.539,32.618,96,2739.805,2740.115,2735.495,2737.725,60
2024-10-03,10:00:00,54.9,51.7,51.5,PMI.xlsx,75.068,75.453,75.068,75.263,60,60682.9,60994.2,60613.2,60992.1,2,2350.1,2367.0,2345.8,2366.2,2,1.10357,1.10438,1.10342,1.10427,11465,1.3116,1.31208,1.31074,1.31177,5457,42053.327,42075.863,42026.803,42073.899,60,5690.451,5695.909,5687.491,5695.891,60,19712.965,19743.689,19700.643,19743.176,60,1.35245,1.35329,1.35225,1.3532,5873,0.85155,0.8518,0.85023,0.85028,4849,146.922,146.945,146.818,146.833,15141,31.52,31.556,31.444,31.478,100,2644.685,2647.998,2643.915,2646.675,60
2024-09-05,10:00:00,51.5,51.3,51.4,PMI.xlsx,73.233,73.323,72.928,73.233,60,56761.7,56805.6,56626.2,56737.6,2,2389.7,2393.0,2381.1,2388.5,2,1.10945,1.10996,1.10921,1.10989,6994,1.31586,1.31682,1.31546,1.3167,1980,40986.587,41006.075,40978.003,41005.063,60,5518.367,5522.634,5515.756,5521.936,60,18892.575,18909.953,18878.11,18902.331,60,1.3512,1.35172,1.35093,1.35103,4008,0.84646,0.84667,0.84616,0.84619,2454,143.602,143.646,143.466,143.491,21593,28.703,28.751,28.636,28.709,97,2515.395,2516.815,2513.214,2516.235,60
2024-08-05,10:00:00,51.4,51.1,48.8,PMI.xlsx,75.228,75.777,75.217,75.608,60,52622.2,52624.1,50659.2,51371.4,2,2314.9,2316.4,2222.8,2271.4,7,1.09511,1.09513,1.0933,1.09483,21903,1.27438,1.27664,1.2727,1.27573,7745,39113.597,39119.799,38889.027,38951.515,60,5213.37,5214.882,5174.12,5196.361,60,17693.875,17694.587,17516.62,17652.097,60,1.38706,1.38783,1.38535,1.38541,8865,0.84936,0.85079,0.84817,0.84922,7088,142.29,142.466,141.906,142.369,29775,27.571,27.585,27.077,27.099,175,2424.078,2425.455,2407.998,2408.418,60
2024-07-03,10:00:00,48.8,52.6,53.8,PMI.xlsx,86.273,86.383,86.157,86.313,60,60484.4,60524.0,59552.0,60279.9,2,3337.1,3337.1,3279.3,3308.5,4,1.07551,1.07628,1.07525,1.07583,7323,1.26966,1.27082,1.26942,1.26993,2687,39394.015,39411.099,39386.527,39395.087,60,5512.126,5513.382,5510.861,5511.623,60,20028.221,20029.131,20014.486,20014.621,60,1.36775,1.36804,1.36748,1.36789,4731,0.90273,0.90317,0.90255,0.90303,2305,161.866,161.949,161.845,161.936,8100,30.062,30.144,30.044,30.141,62,2346.165,2349.418,2344.435,2346.918,60
2024-06-05,10:00:00,53.8,51.0,49.4,PMI.xlsx,77.497,77.763,77.343,77.753,60,70859.5,70875.1,70692.9,70757.6,2,3794.7,3797.9,3786.1,3792.7,2,1.08734,1.08734,1.08649,1.08685,6344,1.27759,1.27761,1.27671,1.27713,2026,38752.027,38776.575,38744.539,38755.551,60,5303.294,5304.797,5301.083,5302.587,60,18738.176,18749.187,18726.61,18730.453,60,1.36849,1.36901,1.36784,1.36791,3872,0.89218,0.89269,0.89208,0.8924,2202,156.039,156.166,155.957,156.068,14563,29.555,29.622,29.519,29.594,80,2332.178,2335.434,2329.348,2333.625,60
2024-05-03,10:00:00,49.4,52.0,51.4,PMI.xlsx,83.653,83.988,83.563,83.933,60,59450.8,59454.5,58825.1,59012.8,2,2981.6,2984.7,2957.5,2968.9,4,1.07431,1.07454,1.07387,1.07431,4970,1.25595,1.25603,1.25512,1.2558,4023,38531.799,38556.027,38521.799,38521.799,60,5082.691,5086.847,5081.507,5081.507,60,17653.154,17671.432,17645.153,17646.565,60,1.36638,1.36679,1.36606,1.36609,5647,0.90756,0.90769,0.90674,0.90729,2986,153.05,153.125,153.039,153.097,13519,26.558,26.561,26.472,26.51,60,2301.455,2301.595,2297.855,2299.085,60
2024-04-03,10:00:00,51.4,52.8,52.6,PMI.xlsx,89.203,89.573,89.083,89.543,60,66460.4,66498.7,65996.7,66154.7,2,3344.5,3346.2,3305.3,3316.7,3,1.07676,1.07766,1.07662,1.07755,6465,1.25722,1.25798,1.25671,1.25767,3148,39149.487,39164.951,39141.403,39164.199,60,5196.689,5198.802,5194.953,5197.673,60,18061.189,18073.532,18047.719,18063.576,60,1.35743,1.358,1.35728,1.35744,1552,0.90918,0.90921,0.90813,0.90836,2342,151.755,151.757,151.707,151.71,11333,26.246,26.323,26.201,26.31,65,2271.845,2273.225,2269.845,2272.585,60
2024-03-05,10:00:00,52.6,53.0,53.4,PMI.xlsx,82.723,82.943,82.503,82.888,60,66361.8,67104.6,66361.6,66790.5,2,3687.5,3723.6,3686.7,3708.6,2,1.08512,1.08549,1.08494,1.08502,6276,1.26851,1.26892,1.26805,1.26851,2160,38922.575,38945.003,38916.515,38940.003,60,5113.084,5116.636,5110.6,5116.133,60,18095.421,18105.389,18073.975,18101.01,60,1.3588,1.35889,1.3579,1.35814,2097,0.88581,0.88627,0.88564,0.88619,1734,150.414,150.429,150.387,150.408,9345,23.933,23.973,23.891,23.9,61,2124.455,2127.235,2123.245,2123.595,60
2024-02-05,10:00:00,53.4,52.0,50.6,PMI.xlsx,77.203,77.268,76.873,76.943,60,42966.9,43216.5,42962.9,43086.1,2,2316.6,2329.7,2316.6,2318.6,2,1.07536,1.0756,1.07477,1.07492,13546,1.26005,1.26029,1.25811,1.25943,4316,38540.015,38594.599,38540.015,38578.039,60,4944.626,4952.361,4944.626,4950.629,59,17593.431,17632.786,17593.253,17627.819,60,1.34861,1.34922,1.3484,1.34881,3239,0.87025,0.87051,0.86922,0.86958,6180,148.501,148.56,148.418,148.431,22604,22.41,22.456,22.395,22.438,75,2022.595,2025.175,2022.205,2024.365,60
2024-01-05,10:00:00,50.6,52.5,52.7,PMI.xlsx,78.258,78.343,77.773,77.813,60,44133.0,44137.2,43488.7,43614.5,2,2263.1,2264.3,2233.7,2238.8,2,1.09126,1.09137,1.09036,1.09127,13236,1.26594,1.26611,1.26511,1.2656,3577,37367.509,37386.069,37345.529,37381.999,60,4679.274,4681.266,4674.36,4679.127,60,16235.359,16242.789,16210.839,16224.269,60,1.33722,1.33794,1.33705,1.33718,5019,0.85297,0.85379,0.85264,0.85273,5439,145.185,145.374,145.176,145.21,26027,22.963,22.993,22.927,22.988,67,2038.765,2040.205,2037.235,2039.955,60
2023-12-05,10:00:00,52.7,52.2,51.8,PMI.xlsx,78.593,78.848,78.333,78.363,60,41665.5,41721.5,41583.2,41583.2,2,2205.1,2207.3,2200.0,2200.0,2,1.08318,1.08396,1.08295,1.08322,15655,1.26311,1.26399,1.26289,1.26326,4504,36170.579,36170.579,36108.509,36120.559,60,4558.802,4559.387,4550.351,4552.667,60,15769.189,15770.389,15734.379,15744.899,60,1.3553,1.35653,1.35529,1.35625,8073,0.87354,0.87429,0.87273,0.87318,5421,147.059,147.182,147.002,147.06,22106,24.442,24.469,24.278,24.317,121,2028.855,2029.495,2022.905,2025.108,60
2023-11-03,10:00:00,51.8,53.0,53.6,PMI.xlsx,86.728,86.923,86.477,86.892,60,34228.9,34236.2,34092.5,34236.2,2,1787.0,1787.3,1778.3,1785.4,2,1.06478,1.06481,1.06419,1.0643,7976,1.22144,1.22244,1.22114,1.22216,3804,33855.037,33865.577,33836.009,33836.509,60,4312.347,4314.109,4310.62,4310.62,60,14870.057,14877.389,14859.579,14865.529,60,1.37426,1.3746,1.37403,1.37407,5987,0.90419,0.90485,0.90418,0.90481,2694,150.303,150.316,150.202,150.224,10386,22.623,22.641,22.577,22.636,60,1988.914,1989.665,1986.965,1988.195,60
2023-10-04,10:00:00,53.6,53.5,54.5,PMI.xlsx,89.988,90.093,89.163,89.393,60,27589.9,27602.2,27487.2,27495.5,2,1648.5,1649.0,1642.8,1643.2,2,1.04983,1.05115,1.04955,1.05032,13562,1.21274,1.21382,1.21211,1.21231,4100,33026.059,33035.029,32976.299,33000.039,60,4231.027,4233.526,4223.92,4228.12,60,14551.589,14571.619,14528.169,14550.639,60,1.36955,1.37141,1.3693,1.37117,5947,0.9185,0.91939,0.91715,0.91901,6509,149.142,149.21,149.017,149.027,15748,21.081,21.127,21.05,21.092,76,1822.055,1823.115,1820.985,1823.035,60
2023-09-06,10:00:00,54.5,52.5,52.7,PMI.xlsx,89.458,89.693,89.433,89.518,60,25712.5,25738.7,25681.4,25681.4,2,1628.2,1630.6,1627.5,1627.7,2,1.07325,1.07441,1.07325,1.07385,9786,1.25523,1.25633,1.25431,1.25504,4529,34597.099,34614.589,34577.009,34584.039,60,4487.976,4490.112,4485.889,4487.374,60,15457.319,15466.699,15452.159,15461.769,60,1.36544,1.36546,1.36397,1.36418,5099,0.89006,0.89018,0.88924,0.89008,2830,147.414,147.415,147.294,147.365,16498,23.453,23.548,23.445,23.463,60,1925.235,1927.635,1925.235,1926.358,60
2023-08-03,10:00:00,52.7,53.1,53.9,PMI.xlsx,83.113,83.223,82.833,82.938,60,29104.4,29146.7,29090.0,29126.3,2,1830.2,1833.3,1830.2,1833.1,2,1.09316,1.09356,1.09216,1.09342,15662,1.26682,1.2669,1.26462,1.26605,6154,35217.569,35255.539,35212.589,35227.069,60,4504.067,4508.107,4501.87,4503.613,60,15324.847,15346.599,15313.349,15320.209,60,1.33672,1.33713,1.33645,1.33676,3525,0.87655,0.87723,0.87544,0.87555,5454,142.915,143.054,142.858,142.913,10437,23.573,23.588,23.476,23.499,74,1936.085,1937.355,1932.785,1934.295,60
2023-07-06,10:00:00,53.9,51.3,50.3,PMI.xlsx,76.873,76.878,76.418,76.658,60,31042.7,31240.2,31040.3,31224.6,2,1938.6,1942.5,1935.0,1941.6,2,1.08615,1.08899,1.08612,1.08867,22227,1.27293,1.27794,1.27285,1.27711,4899,34132.099,34157.099,34118.999,34141.509,60,4427.979,4429.479,4426.009,4427.013,60,15145.019,15149.799,15124.199,15130.399,60,1.32932,1.32936,1.32785,1.32818,3546,0.89784,0.89791,0.89592,0.89605,4297,144.109,144.11,143.803,143.832,15122,23.081,23.191,23.067,23.168,61,1917.114,1924.905,1917.014,1924.735,60
2023-06-05,10:00:00,50.3,52.6,51.9,PMI.xlsx,77.298,77.503,77.288,77.473,60,26750.2,26762.7,26682.3,26685.3,2,1867.6,1868.6,1862.1,1862.5,2,1.06922,1.06949,1.06867,1.06928,8811,1.23952,1.23958,1.2381,1.23913,3587,33794.007,33801.529,33776.299,33798.059,60,4281.376,4284.626,4279.867,4284.111,60,14503.709,14521.899,14496.999,14519.109,60,1.34409,1.34506,1.34407,1.34486,1744,0.91042,0.91177,0.91035,0.91098,2806,140.266,140.388,140.243,140.277,13284,23.498,23.515,23.427,23.463,65,1944.735,1945.685,1942.105,1943.415,60
2023-05-03,10:00:00,51.9,51.8,51.2,PMI.xlsx,73.813,73.823,72.983,73.043,60,28639.2,28656.1,28546.7,28550.7,2,1866.4,1867.3,1862.6,1862.6,2,1.10403,1.10404,1.10296,1.10328,14772,1.25166,1.25195,1.25027,1.25047,4820,33724.297,33736.039,33681.579,33700.059,60,4125.519,4129.946,4123.747,4124.987,60,13136.379,13147.789,13127.529,13127.919,60,1.36221,1.36308,1.36218,1.3628,2752,0.88778,0.88912,0.88777,0.88876,3496,135.607,135.719,135.443,135.537,25493,25.343,25.355,25.248,25.264,78,2016.895,2017.355,2015.064,2016.475,60
2023-04-05,10:00:00,51.2,54.3,55.1,PMI.xlsx,84.663,84.773,84.498,84.748,60,28486.1,28503.4,28449.3,28475.4,2,1907.4,1911.0,1906.8,1911.0,2,1.09519,1.09534,1.09412,1.09457,15295,1.24815,1.24839,1.2461,1.24703,4065,33323.499,33363.299,33310.599,33361.529,60,4090.086,4095.347,4088.837,4094.937,60,13067.257,13083.599,13063.949,13081.249,60,1.34758,1.34789,1.3467,1.34677,4126,0.90524,0.90556,0.90462,0.90486,3284,131.634,131.78,131.574,131.653,28693,24.869,24.892,24.758,24.779,60,2024.445,2025.075,2021.665,2022.205,60
2023-03-03,10:00:00,55.1,54.5,55.2,PMI.xlsx,84.498,84.598,84.243,84.593,60,22335.8,22354.4,22312.1,22320.1,2,1563.8,1566.8,1562.8,1562.8,2,1.06097,1.06231,1.06003,1.06165,16157,1.19854,1.20034,1.1974,1.19945,8110,33011.009,33045.519,33008.539,33040.539,60,3985.321,3991.329,3985.311,3989.576,60,12057.559,12082.799,12057.559,12071.759,60,1.35623,1.35715,1.35606,1.35617,5830,0.9378,0.93908,0.93736,0.93832,5094,136.154,136.334,136.125,136.271,25183,21.032,21.129,21.019,21.11,207,1845.745,1847.668,1845.105,1846.768,60
2023-02-03,10:00:00,55.2,50.5,49.6,PMI.xlsx,82.527,82.597,81.862,82.017,60,23387.0,23402.6,23326.4,23394.8,2,1639.0,1641.8,1632.8,1641.6,2,1.09296,1.09367,1.09249,1.0935,15086,1.22456,1.22651,1.22285,1.22561,7286,33936.027,33948.099,33920.509,33944.519,60,4145.619,4147.621,4141.709,4146.693,60,12598.589,12610.569,12576.079,12598.319,60,1.33466,1.33563,1.33426,1.33458,5281,0.9129,0.91354,0.91254,0.91298,3510,128.558,128.608,128.424,128.469,13151,23.477,23.494,23.408,23.489,148,1913.135,1913.415,1909.388,1911.805,60
2023-01-06,10:00:00,49.6,55.0,56.5,PMI.xlsx,79.167,79.502,78.959,79.027,60,16749.9,16761.7,16729.4,16729.5,2,1245.1,1246.1,1242.3,1242.9,2,1.05072,1.05158,1.05028,1.05073,14919,1.18579,1.18679,1.18497,1.18547,7414,32948.519,32975.597,32923.029,32946.039,60,3808.885,3812.811,3805.262,3807.126,60,10727.129,10745.679,10713.079,10714.059,60,1.36146,1.36318,1.36127,1.36308,7595,0.93993,0.94014,0.939,0.9401,4708,134.411,134.411,134.219,134.359,40541,23.404,23.486,23.378,23.435,83,1835.435,1837.815,1833.985,1836.575,60
2022-12-05,10:00:00,56.5,53.5,54.4,PMI.xlsx,87.127,87.397,87.017,87.257,60,17273.2,17291.7,17251.8,17267.7,2,1292.2,1295.4,1289.9,1293.6,2,1.05591,1.05594,1.05196,1.0536,28352,1.2283,1.22903,1.22332,1.22462,11094,34312.077,34331.297,34266.039,34272.069,60,4057.342,4060.108,4051.872,4053.381,60,11962.429,11969.579,11944.619,11954.549,60,1.34178,1.34376,1.34131,1.34338,9768,0.93409,0.93678,0.93403,0.93595,8884,135.23,135.464,135.183,135.391,13802,23.039,23.07,22.939,23.003,65,1796.638,1797.348,1793.198,1794.978,60
2022-11-03,10:00:00,54.4,55.5,56.7,PMI.xlsx,94.852,95.267,94.742,94.867,58,20276.9,20295.6,20222.3,20230.7,2,1549.5,1552.1,1540.0,1541.7,3,0.97532,0.97563,0.97299,0.9741,31841,1.12527,1.12618,1.12343,1.12601,28287,32103.587,32124.079,31963.079,32002.019,58,3751.101,3754.206,3732.499,3737.523,58,10874.567,10881.289,10812.189,10827.399,58,1.37636,1.37864,1.37577,1.37676,11951,1.0124,1.0144,1.0122,1.01331,10866,148.23,148.426,148.139,148.291,46961,19.05,19.058,18.951,18.979,61,1623.998,1624.248,1619.657,1621.018,58
2022-10-05,10:00:00,56.7,56.0,56.9,PMI.xlsx,91.407,92.712,91.342,92.467,60,20055.5,20117.9,20045.9,20091.3,2,1341.1,1345.8,1340.5,1343.1,4,0.99302,0.99314,0.9911,0.99239,24849,1.13865,1.13916,1.13598,1.1375,8820,30009.797,30102.579,29997.499,30102.539,60,3753.398,3765.082,3752.402,3765.082,60,11464.619,11501.599,11461.789,11501.599,60,1.35882,1.35986,1.35723,1.35735,12440,0.98406,0.98491,0.98263,0.98275,10567,144.484,144.51,144.322,144.344,17208,20.35,20.484,20.293,20.459,79,1706.374,1712.684,1703.068,1712.588,60
2022-09-06,10:00:00,56.9,55.4,56.7,PMI.xlsx,93.227,93.227,92.602,92.657,60,19878.1,19961.5,19866.9,19876.7,2,1655.7,1665.8,1650.0,1661.4,2,0.99526,0.99568,0.99217,0.99256,37068,1.15995,1.16083,1.15694,1.15707,9507,31496.577,31591.099,31486.049,31521.039,60,3948.752,3961.597,3946.733,3951.545,60,12188.167,12228.297,12177.329,12189.209,60,1.31262,1.31269,1.31115,1.3121,7142,0.98011,0.98143,0.97971,0.98136,12986,141.66,141.809,141.566,141.752,17592,18.299,18.359,18.244,18.347,61,1711.298,1713.104,1710.593,1712.621,60
2022-08-03,10:00:00,56.7,53.5,55.3,PMI.xlsx,99.592,99.947,99.342,99.387,60,23352.0,23402.5,23308.0,23375.2,2,1652.2,1659.6,1649.9,1656.7,4,1.01863,1.02002,1.01787,1.01877,31707,1.21711,1.21938,1.21704,1.21817,7109,32524.057,32552.079,32505.499,32523.499,60,4106.74,4109.942,4103.899,4106.754,60,12950.009,12956.989,12933.559,12944.819,60,1.28538,1.2864,1.28464,1.28602,6393,0.95947,0.96024,0.95819,0.95847,10130,133.156,133.531,133.087,133.359,18977,19.929,19.949,19.845,19.899,64,1765.747,1766.312,1760.18,1763.242,60
2022-07-06,10:00:00,55.3,53.9,55.9,PMI.xlsx,104.052,104.147,103.499,103.847,60,20143.6,20158.6,19996.0,20078.0,2,1142.7,1144.0,1129.5,1136.5,4,1.02232,1.02272,1.01861,1.01954,8309,1.19372,1.19484,1.19092,1.19211,8137,30948.579,30992.597,30906.999,30928.799,60,3829.248,3834.299,3823.254,3826.248,60,11772.359,11788.849,11746.999,11757.819,60,1.30382,1.30485,1.30295,1.30422,5929,0.97035,0.97204,0.97022,0.97141,8251,135.317,135.49,135.269,135.387,12766,19.173,19.183,19.109,19.183,75,1763.864,1764.164,1759.934,1761.174,60
2022-06-03,10:00:00,55.9,56.5,57.1,PMI.xlsx,117.032,117.122,116.577,116.892,60,30173.5,30185.6,29687.1,29729.4,2,1792.7,1795.8,1751.9,1757.3,2,1.07471,1.07474,1.07334,1.07405,6052,1.25743,1.25756,1.25591,1.2567,3111,33165.299,33182.077,33113.029,33121.039,60,4164.036,4164.099,4152.336,4153.851,60,12824.599,12826.077,12762.089,12769.799,60,1.25633,1.25759,1.25602,1.25704,3834,0.95931,0.95978,0.95883,0.95896,4122,130.084,130.195,130.05,130.141,7027,22.334,22.425,22.324,22.399,59,1864.648,1866.458,1864.214,1866.023,60
2022-05-04,10:00:00,57.1,58.5,58.3,PMI.xlsx,108.562,109.162,108.372,108.627,60,38836.2,39094.0,38800.6,38980.8,2,2828.4,2865.4,2826.2,2860.2,2,1.05244,1.05311,1.05211,1.05296,6647,1.25096,1.25201,1.25018,1.25193,4559,33249.019,33267.089,33222.999,33236.799,60,4192.039,4194.048,4188.233,4190.645,60,13125.809,13140.669,13116.619,13129.389,60,1.28087,1.28138,1.28035,1.28043,3379,0.9808,0.98184,0.98068,0.98147,2425,130.012,130.033,129.959,129.97,6741,22.606,22.643,22.547,22.56,60,1869.728,1871.666,1866.663,1867.013,60
2022-04-05,10:00:00,58.3,58.6,56.5,PMI.xlsx,108.077,108.867,107.642,108.676,60,46517.1,46723.1,46478.0,46600.5,2,3505.2,3518.0,3500.9,3513.8,2,1.09781,1.09781,1.09564,1.09696,4897,1.31408,1.31421,1.3119,1.31256,6929,34847.507,34863.577,34810.009,34837.799,60,4573.833,4576.599,4568.333,4573.145,60,15129.439,15136.859,15101.979,15123.409,60,1.24567,1.24682,1.24537,1.2456,3291,0.92517,0.92624,0.9249,0.92586,4983,122.821,122.985,122.819,122.892,8396,24.63,24.685,24.6,24.658,65,1929.503,1930.523,1925.752,1928.663,60
2022-03-03,10:00:00,56.5,61.2,59.9,PMI.xlsx,115.552,116.422,114.108,114.752,60,43142.1,43531.2,43036.6,43342.7,2,2882.9,2909.6,2875.4,2908.3,2,1.108,1.1094,1.10777,1.10866,4437,1.33808,1.33919,1.33756,1.33804,4827,33864.099,33883.579,33797.499,33856.529,60,4379.442,4382.099,4372.233,4377.233,60,14202.019,14208.409,14171.649,14193.099,60,1.26248,1.26304,1.26194,1.26282,5843,0.91982,0.92002,0.91937,0.91956,5158,115.784,115.784,115.71,115.733,4585,25.266,25.405,25.264,25.357,67,1929.025,1935.423,1929.008,1933.797,60
2022-02-03,10:00:00,59.9,59.5,62.0,PMI.xlsx,88.647,88.732,88.132,88.152,60,36594.7,36625.2,36246.6,36352.2,2,2616.8,2619.5,2580.5,2593.6,3,1.12839,1.12858,1.12761,1.12791,3181,1.35577,1.35611,1.35377,1.35469,3584,35488.299,35537.797,35476.069,35493.089,60,4535.249,4541.499,4532.036,4534.533,60,14801.629,14820.787,14788.679,14800.269,60,1.27091,1.2715,1.26992,1.27123,4715,0.92234,0.92287,0.92194,0.92227,5505,114.744,114.787,114.738,114.773,2869,22.422,22.452,22.376,22.385,61,1803.328,1804.088,1802.208,1803.068,60
2022-01-06,10:00:00,62.0,67.0,69.1,PMI.xlsx,81.017,82.087,80.892,81.861,60,42529.8,42877.4,42522.5,42819.8,2,3303.1,3360.6,3303.0,3351.3,4,1.13053,1.13268,1.13044,1.13122,6622,1.35116,1.35377,1.35095,1.3529,4904,36436.537,36527.069,36424.527,36501.569,60,4699.099,4711.033,4697.236,4704.048,60,15741.079,15774.489,15725.379,15730.619,60,1.27843,1.2786,1.27545,1.27647,4808,0.91861,0.9187,0.91751,0.91856,4509,115.748,115.89,115.731,115.865,5241,22.174,22.399,22.143,22.347,81,1794.824,1807.068,1793.738,1801.148,60
2021-12-03,10:00:00,69.1,64.9,66.7,PMI.xlsx,71.602,71.607,71.232,71.442,60,56787.9,57298.6,56685.3,56835.1,2,4577.6,4616.5,4571.2,4575.4,2,1.12974,1.13144,1.12948,1.1308,5143,1.32859,1.3287,1.3274,1.32813,6292,34635.099,34651.589,34517.009,34549.009,60,4573.099,4575.343,4558.845,4563.336,60,15949.289,15962.889,15911.329,15932.909,60,1.28248,1.2845,1.28244,1.28393,4350,0.92057,0.92079,0.91902,0.91947,3703,113.315,113.34,113.219,113.254,6434,22.317,22.369,22.287,22.319,60,1768.868,1773.168,1767.848,1770.225,60
2021-11-03,10:00:00,66.7,61.9,61.9,PMI.xlsx,83.347,83.412,82.982,83.102,60,63289.4,63392.3,63097.3,63114.1,2,4594.9,4607.3,4574.4,4576.6,2,1.15926,1.15928,1.15791,1.15903,4491,1.36258,1.36267,1.3617,1.36238,2623,36038.799,36045.799,36004.509,36024.069,60,4630.131,4630.997,4626.442,4628.451,58,15988.289,15994.299,15972.609,15981.029,60,1.24129,1.24211,1.24111,1.24114,2469,0.91099,0.91191,0.91053,0.91074,3607,113.85,113.887,113.826,113.852,3593,23.589,23.592,23.508,23.574,60,1782.448,1783.088,1780.398,1783.038,60
2021-10-05,10:00:00,61.9,59.9,61.7,PMI.xlsx,81.667,82.012,81.559,81.947,60,50215.3,50302.7,49807.7,49949.4,2,3446.9,3470.3,3424.7,3434.6,2,1.16032,1.16032,1.15902,1.15942,3170,1.36252,1.36289,1.36146,1.36252,3001,34135.099,34138.069,34093.029,34122.529,60,4320.045,4320.054,4313.039,4316.245,60,14553.139,14556.129,14512.589,14525.129,60,1.2593,1.26053,1.25902,1.25998,3933,0.92653,0.92746,0.9263,0.92722,2640,111.166,111.233,111.155,111.227,3952,22.583,22.586,22.491,22.491,60,1757.815,1758.068,1754.078,1754.128,60
2021-09-03,10:00:00,61.7,61.9,64.1,PMI.xlsx,73.372,73.552,73.342,73.387,60,50050.3,50431.3,49567.9,49807.0,2,3962.2,3979.8,3929.2,3946.7,4,1.18698,1.18723,1.18686,1.18696,2220,1.38367,1.38392,1.38177,1.38186,2565,35483.017,35506.049,35479.049,35499.509,60,4543.736,4546.099,4543.236,4544.739,45,15614.179,15621.399,15611.089,15615.229,60,1.25491,1.25515,1.25402,1.2541,2745,0.91449,0.91497,0.91423,0.91493,1631,109.919,109.954,109.902,109.922,2330,23.999,24.061,23.999,24.049,60,1813.358,1813.858,1812.688,1813.477,60
2021-08-04,10:00:00,64.1,60.5,60.1,PMI.xlsx,72.407,72.407,72.067,72.177,60,37778.3,38058.8,37683.9,38041.8,2,2477.6,2502.8,2470.6,2497.9,2,1.18588,1.18606,1.18543,1.18562,1429,1.3936,1.39388,1.39225,1.3925,2097,35069.089,35093.049,35060.999,35071.559,60,4419.242,4421.754,4418.433,4419.748,56,15063.689,15074.399,15061.749,15066.219,60,1.25321,1.25409,1.25272,1.25392,1782,0.90456,0.90497,0.9044,0.90482,1495,109.166,109.198,109.12,109.129,3247,25.68,25.682,25.636,25.66,60,1814.818,1814.848,1813.008,1813.578,60
2021-07-06,10:00:00,60.1,63.4,64.0,PMI.xlsx,77.263,77.463,77.263,77.362,60,34170.6,34179.2,33753.3,33888.5,2,2279.0,2280.7,2255.0,2268.1,2,1.184,1.18463,1.18374,1.18395,4105,1.38453,1.3851,1.38412,1.38475,4123,34784.099,34790.069,34752.519,34757.029,60,4349.631,4351.151,4347.342,4348.139,60,14715.739,14738.207,14710.759,14722.669,60,1.23561,1.2362,1.23474,1.2355,2192,0.92361,0.92381,0.92244,0.9229,2584,110.793,110.803,110.679,110.699,3740,26.646,26.662,26.595,26.604,60,1807.478,1809.198,1806.108,1807.295,60
2021-06-03,10:00:00,64.0,63.0,62.7,PMI.xlsx,71.453,71.463,71.103,71.123,60,39085.8,39439.0,39012.8,39235.9,2,2872.4,2888.0,2861.3,2874.0,3,1.21917,1.22082,1.21858,1.21868,7592,1.41874,1.42026,1.41767,1.41776,9816,34538.099,34543.519,34416.799,34438.599,60,4199.348,4199.848,4182.142,4184.636,60,13643.167,13645.119,13568.669,13578.179,60,1.20596,1.2073,1.20515,1.20688,3338,0.89971,0.89988,0.89856,0.89981,3262,109.764,109.766,109.624,109.764,4550,27.822,27.903,27.727,27.757,96,1893.025,1898.058,1892.825,1894.075,60
2021-05-05,10:00:00,62.7,64.2,63.7,PMI.xlsx,69.773,69.862,69.588,69.653,60,55355.2,55804.0,55072.8,55635.2,2,3378.4,3408.0,3355.8,3383.4,6,1.20037,1.20197,1.20037,1.2016,5062,1.38947,1.3926,1.38936,1.39117,3523,34221.529,34241.539,34206.509,34207.579,60,4180.339,4183.851,4179.333,4180.342,58,13611.409,13635.389,13610.219,13627.669,60,1.22845,1.2286,1.2268,1.22735,2417,0.91504,0.91507,0.91359,0.91368,4482,109.348,109.365,109.273,109.304,3732,26.385,26.401,26.324,26.324,60,1778.468,1778.648,1776.885,1776.895,60
2021-04-05,10:00:00,63.7,58.3,55.3,PMI.xlsx,63.433,63.713,63.333,63.653,60,57495.4,57670.4,57300.0,57630.1,2,2043.1,2046.9,2032.2,2046.2,2,1.17407,1.17507,1.17379,1.17493,1558,1.38553,1.38645,1.38532,1.38638,1095,33354.509,33396.299,33346.039,33392.049,60,4040.843,4042.899,4039.336,4041.699,53,13385.727,13392.587,13366.929,13370.309,60,1.25616,1.25618,1.25481,1.25487,1258,0.94311,0.94364,0.94257,0.94264,1297,110.609,110.617,110.566,110.568,1149,24.783,24.818,24.742,24.792,63,1725.585,1725.995,1723.118,1724.158,60
2021-03-03,10:00:00,55.3,58.7,58.7,PMI.xlsx,63.713,64.143,63.523,64.138,60,51446.9,51737.5,51220.0,51424.3,2,1608.4,1612.3,1591.3,1601.7,6,1.21013,1.21031,1.20821,1.20836,9695,1.39815,1.39878,1.39701,1.39821,5307,31617.569,31632.089,31583.039,31606.099,60,3894.851,3896.451,3890.045,3894.036,60,13155.169,13161.299,13128.759,13156.089,60,1.25991,1.26195,1.25985,1.26159,5179,0.91527,0.91651,0.91487,0.91611,4221,106.89,106.967,106.88,106.953,3327,26.677,26.677,26.531,26.579,72,1728.045,1728.135,1723.845,1726.465,60
2021-02-03,10:00:00,58.7,56.7,57.2,PMI.xlsx,58.013,58.093,57.873,57.933,60,35875.0,36057.7,35684.1,36017.2,2,1528.9,1550.8,1521.4,1547.5,4,1.20231,1.20303,1.2012,1.2021,7238,1.36378,1.36454,1.36281,1.36416,3584,30722.299,30751.799,30710.029,30740.299,60,3838.052,3843.051,3836.349,3841.351,58,13526.739,13557.659,13524.729,13549.837,60,1.27938,1.27967,1.27846,1.27885,4133,0.89877,0.90001,0.89843,0.89896,3509,105.073,105.101,105.056,105.071,2049,26.716,26.756,26.474,26.619,78,1835.565,1836.685,1832.406,1834.705,60
2021-01-07,10:00:00,57.2,54.5,55.9,PMI.xlsx,54.313,54.633,54.085,54.213,60,37515.1,37519.4,36961.4,37063.8,2,1204.6,1204.9,1182.0,1182.7,4,1.22686,1.22742,1.2245,1.22494,13425,1.35941,1.36071,1.35622,1.35686,10242,30942.067,30951.059,30871.529,30876.049,60,3765.84,3768.351,3757.833,3758.339,60,12695.279,12719.899,12679.609,12681.749,60,1.2706,1.27315,1.27,1.27314,5143,0.88319,0.8845,0.88249,0.88426,6028,103.566,103.707,103.508,103.668,7743,27.095,27.156,26.927,26.947,96,1915.748,1917.915,1908.845,1911.918,60
2020-12-03,10:00:00,55.9,55.9,56.6,PMI.xlsx,48.049,48.224,47.874,47.954,60,19349.1,19406.7,19231.8,19342.7,2,605.2,613.7,603.0,611.5,2,1.21112,1.21189,1.21039,1.21156,20468,1.34013,1.3421,1.33994,1.3417,12990,29803.099,29847.799,29795.039,29847.519,60,3663.233,3666.797,3662.536,3666.751,57,12478.359,12481.379,12464.079,12472.859,60,1.29328,1.29395,1.29308,1.29314,3923,0.89401,0.89433,0.8932,0.89333,4578,104.275,104.309,104.23,104.285,3483,24.088,24.156,24.011,24.105,60,1837.678,1840.228,1834.645,1839.158,60
2020-11-04,10:00:00,56.6,57.4,57.8,PMI.xlsx,40.785,40.815,40.295,40.635,60,13645.9,13746.9,13600.1,13685.5,2,379.3,382.4,378.6,379.9,2,1.16756,1.16973,1.16721,1.1693,64115,1.29724,1.30078,1.29662,1.29982,20825,27437.088,27470.579,27310.558,27438.099,60,3387.648,3390.054,3364.645,3383.299,60,11581.248,11584.368,11461.349,11534.389,60,1.32144,1.3229,1.32011,1.32065,6422,0.91551,0.91557,0.91319,0.91349,4737,104.886,104.906,104.583,104.617,9928,23.659,23.694,23.549,23.632,60,1890.308,1892.318,1886.985,1889.275,60
2020-10-05,10:00:00,57.8,56.3,56.9,PMI.xlsx,40.765,40.845,40.555,40.725,60,10662.1,10665.4,10642.9,10662.8,2,350.0,350.6,349.1,350.0,2,1.1757,1.17578,1.17475,1.17525,59078,1.29519,1.296,1.29331,1.29467,11887,27863.53,27877.55,27813.03,27877.01,60,3370.343,3373.1,3364.84,3372.84,58,11358.19,11373.54,11345.49,11373.32,60,1.32672,1.32773,1.32665,1.32735,2880,0.91604,0.91707,0.91597,0.91649,2532,105.61,105.659,105.602,105.647,3467,23.953,23.96,23.877,23.948,60,1900.635,1900.688,1897.665,1900.038,60
2020-09-03,10:00:00,56.9,57.0,58.1,PMI.xlsx,43.745,43.795,43.525,43.655,60,11341.1,11342.3,11219.9,11247.8,2,429.8,431.2,421.2,423.6,2,1.1823,1.18288,1.18112,1.18123,38015,1.32759,1.32867,1.32501,1.3251,16180,29066.1,29090.56,29045.5,29052.1,60,3566.643,3569.9,3563.134,3564.146,60,12295.8,12321.52,12280.49,12285.42,60,1.30952,1.31011,1.30909,1.30977,4217,0.91126,0.91189,0.91049,0.91175,4323,106.383,106.473,106.354,106.461,11012,26.994,27.052,26.882,26.89,61,1930.825,1933.158,1929.518,1930.518,60
2020-08-05,10:00:00,58.1,55.0,57.1,PMI.xlsx,45.32,45.57,45.245,45.425,60,11343.8,11388.3,11320.0,11349.5,2,391.7,392.0,389.7,391.3,2,1.18564,1.18616,1.18317,1.18336,66716,1.31295,1.31316,1.31099,1.31207,18687,27014.3,27031.3,26995.03,27017.03,60,3325.84,3327.355,3323.043,3324.837,60,11148.68,11151.66,11122.68,11128.1,60,1.32486,1.32684,1.32484,1.32673,4330,0.90891,0.91058,0.90854,0.91024,4258,105.703,105.818,105.7,105.818,8422,26.804,26.988,26.736,26.866,69,2039.868,2044.685,2039.185,2041.065,60
2020-07-06,10:00:00,57.1,50.0,45.4,PMI.xlsx,43.375,43.435,43.175,43.29,60,9146.0,9151.9,9122.2,9137.9,8,232.5,232.9,231.4,231.9,3,1.1294,1.13018,1.12887,1.12959,8706,1.24979,1.25035,1.24857,1.24945,7790,26228.07,26306.04,26227.5,26261.07,60,3174.537,3182.3,3173.243,3175.543,60,10485.12,10501.06,10481.24,10488.33,60,1.35503,1.35595,1.35423,1.35549,3768,0.94197,0.94206,0.94154,0.94183,3203,107.539,107.597,107.536,107.563,5088,18.134,18.2,18.127,18.187,123,1775.215,1776.188,1774.025,1775.728,60
2020-06-03,10:00:00,45.4,44.2,41.8,PMI.xlsx,39.955,39.96,38.755,38.94,60,9470.6,9561.8,9470.6,9533.4,16,236.5,239.1,236.4,238.4,12,1.12174,1.12177,1.11997,1.11998,13928,1.25958,1.25993,1.25762,1.25769,17887,25920.0,25925.05,25853.6,25867.06,60,3096.043,3096.3,3089.037,3090.755,60,9691.56,9692.75,9670.36,9675.78,60,1.35083,1.35578,1.35063,1.35566,8117,0.96231,0.96353,0.96212,0.96345,6523,108.766,108.821,108.708,108.71,11265,17.873,17.921,17.854,17.857,183,1717.958,1720.758,1717.055,1719.045,60
2020-05-05,10:00:00,41.8,37.5,52.5,PMI.xlsx,29.225,29.42,29.115,29.285,60,8952.0,8952.4,8732.2,8799.7,27,205.2,205.2,199.9,201.9,17,1.08502,1.08567,1.08328,1.08378,12478,1.24444,1.24666,1.24371,1.24538,10615,23899.07,23952.3,23875.53,23937.3,60,2859.555,2865.4,2856.04,2863.6,60,8889.12,8908.49,8881.32,8905.06,60,1.40622,1.40643,1.40505,1.40539,4710,0.96991,0.97126,0.96905,0.97076,4429,106.852,106.86,106.697,106.747,5751,14.804,14.847,14.789,14.831,71,1698.015,1700.555,1696.705,1698.278,60
2020-04-03,10:00:00,52.5,43.5,57.3,PMI.xlsx,32.955,33.345,32.315,32.315,60,6914.2,6989.3,6863.7,6966.7,47,143.6,145.1,142.8,144.9,7,1.0813,1.0816,1.08,1.0801,12899,1.22924,1.23018,1.22656,1.22671,26009,21160.72,21201.8,21102.0,21177.29,60,2500.752,2504.8,2493.749,2502.449,60,7562.8,7577.8,7542.55,7566.41,60,1.41755,1.42238,1.41715,1.41965,13584,0.9753,0.97652,0.97488,0.97648,5897,108.461,108.545,108.419,108.534,8091,14.432,14.495,14.36,14.36,63,1611.718,1612.818,1608.178,1608.328,60
2020-03-04,10:00:00,57.3,54.9,55.5,PMI.xlsx,52.226,52.816,52.146,52.376,60,8697.6,8711.6,8676.9,8677.9,15,222.2,223.1,221.4,221.6,5,1.11565,1.11669,1.11359,1.11363,11276,1.27834,1.28009,1.27715,1.27786,12703,26446.4,26494.8,26421.82,26438.86,60,3056.646,3062.4,3053.637,3055.355,60,8759.71,8779.16,8749.83,8755.43,60,1.3358,1.33601,1.33452,1.33592,4530,0.95423,0.95557,0.95322,0.95542,7060,107.42,107.543,107.416,107.502,11884,17.258,17.284,17.204,17.228,269,1639.688,1645.065,1638.878,1641.625,60
2020-02-05,10:00:00,55.5,55.1,55.0,PMI.xlsx,55.501,55.511,55.075,55.466,60,9178.7,9325.7,9176.0,9310.4,52,189.3,194.2,189.0,193.3,7,1.10258,1.10297,1.10178,1.10192,8049,1.30655,1.30655,1.30471,1.30509,8040,29120.3,29122.36,29071.31,29087.83,60,3330.24,3331.755,3324.946,3326.252,60,9447.02,9449.18,9424.43,9432.17,60,1.32675,1.32753,1.3266,1.32743,2949,0.97257,0.97309,0.97182,0.9729,4089,109.696,109.704,109.619,109.672,6239,17.48,17.562,17.476,17.558,184,1548.615,1552.595,1548.585,1551.935,60
2020-01-07,10:00:00,55.0,54.5,53.9,PMI.xlsx,68.471,68.636,68.345,68.416,60,7799.8,7828.5,7799.7,7828.5,27,140.9,141.4,140.9,141.4,2,1.11846,1.11862,1.11648,1.11762,9910,1.31727,1.31734,1.31452,1.31602,13564,28710.83,28725.85,28686.83,28703.1,60,3247.934,3249.234,3244.749,3246.734,58,8858.74,8863.9,8849.38,8857.13,60,1.29705,1.29834,1.29688,1.29807,3779,0.97089,0.97165,0.97042,0.97101,4865,108.468,108.484,108.367,108.413,6069,18.124,18.138,18.099,18.11,156,1566.095,1567.135,1565.055,1565.608,60
2019-12-04,10:00:00,53.9,54.5,54.7,PMI.xlsx,61.825,62.036,61.725,61.801,60,7143.3,7175.0,7132.0,7171.8,28,141.4,143.1,141.2,141.9,3,1.10725,1.10773,1.10713,1.10741,8510,1.30545,1.30566,1.30359,1.3049,7580,27633.57,27635.069,27593.069,27597.07,60,3106.47,3106.77,3101.769,3101.969,59,8302.059,8302.569,8288.059,8288.859,60,1.32805,1.32832,1.32803,1.32818,2823,0.98876,0.98894,0.98798,0.98873,3313,108.739,108.769,108.66,108.662,6676,17.121,17.136,17.099,17.133,211,1474.245,1477.625,1473.695,1476.938,60
2019-11-05,10:00:00,54.7,53.5,52.6,PMI.xlsx,62.605,62.851,62.585,62.805,60,9235.3,9252.0,9214.2,9224.1,13,182.6,183.0,180.9,182.5,6,1.11292,1.11313,1.11206,1.11215,8570,1.28957,1.29082,1.28914,1.29066,8291,27519.069,27534.07,27517.07,27527.57,60,3084.87,3086.67,3084.669,3085.869,48,8236.069,8242.27,8235.46,8239.96,60,1.31184,1.31214,1.31151,1.31198,3285,0.99049,0.99097,0.99038,0.99065,3222,108.856,108.873,108.834,108.839,3619,18.056,18.066,18.039,18.047,133,1504.955,1505.205,1503.835,1503.935,60
2019-10-03,10:00:00,52.6,55.1,56.4,PMI.xlsx,57.526,57.691,57.386,57.546,60,8231.8,8233.7,8145.6,8167.8,9,174.0,175.2,171.8,172.0,5,1.09484,1.09584,1.09449,1.09565,10338,1.22827,1.22977,1.22738,1.22948,9209,26103.07,26115.07,26048.57,26055.57,60,2891.769,2892.77,2884.97,2885.47,59,7566.959,7570.17,7548.86,7550.559,60,1.33347,1.33349,1.33276,1.33317,5122,1.00113,1.00153,1.00027,1.00057,3812,107.149,107.204,107.057,107.064,6292,17.55,17.598,17.505,17.587,208,1500.325,1502.608,1499.198,1502.155,60
2019-09-05,10:00:00,56.4,54.0,53.7,PMI.xlsx,60.86,61.001,60.655,60.865,59,10517.9,10604.7,10415.2,10572.4,35,168.4,169.7,166.4,168.2,6,1.10438,1.10567,1.10424,1.10561,11379,1.22997,1.2347,1.22985,1.23336,18656,26605.87,26630.87,26601.369,26620.369,60,2963.27,2966.07,2962.47,2964.57,57,7808.569,7813.57,7805.369,7810.47,60,1.31992,1.32003,1.3191,1.31936,4205,0.98281,0.98347,0.98248,0.98292,7860,106.538,106.65,106.519,106.635,13565,19.17,19.242,19.093,19.22,337,1540.835,1542.095,1538.148,1541.425,60
2019-08-05,10:00:00,53.7,55.5,55.1,PMI.xlsx,61.371,61.426,61.121,61.176,60,11685.9,11735.9,11581.4,11596.8,42,226.8,231.2,226.1,229.6,8,1.11487,1.11704,1.1148,1.11704,21008,1.21357,1.21665,1.21255,1.21655,7473,26205.569,26222.57,26143.069,26149.57,60,2899.269,2901.07,2892.269,2892.769,60,7576.07,7584.17,7557.559,7560.56,60,1.32369,1.32382,1.32269,1.32291,6270,0.97506,0.97524,0.97379,0.97444,6854,106.147,106.17,105.949,106.106,10970,16.468,16.507,16.468,16.482,188,1456.708,1461.805,1456.218,1458.285,60
2019-07-03,10:00:00,55.1,56.1,56.9,PMI.xlsx,62.99,63.101,62.865,63.075,60,11211.8,11354.6,11174.7,11296.5,61,291.4,293.2,289.9,291.8,11,1.12886,1.12997,1.12844,1.12974,12701,1.25713,1.25773,1.25639,1.25697,6467,26852.57,26863.069,26844.069,26853.07,60,2982.966,2984.17,2982.169,2983.67,47,7839.46,7843.37,7835.769,7840.869,60,1.31032,1.31062,1.30906,1.30925,3353,0.9856,0.98583,0.98426,0.98432,3443,107.729,107.733,107.623,107.63,5613,15.288,15.304,15.273,15.303,95,1425.025,1426.308,1424.505,1425.945,60
2019-06-05,10:00:00,56.9,55.6,55.5,PMI.xlsx,62.215,62.251,61.895,61.946,60,7744.7,7835.3,7721.6,7798.4,5,242.1,243.8,241.0,242.8,2,1.12833,1.1286,1.12567,1.12607,23792,1.27137,1.27181,1.27062,1.27081,9104,25487.07,25511.57,25478.569,25505.57,60,2821.47,2823.67,2820.469,2823.17,60,7229.36,7238.47,7226.369,7233.47,60,1.3365,1.33791,1.33624,1.33776,5395,0.99141,0.99222,0.9908,0.99172,5032,108.311,108.345,108.26,108.305,10702,14.884,14.894,14.834,14.846,126,1337.805,1340.018,1336.558,1338.648,60
2019-05-03,10:00:00,55.5,57.2,56.1,PMI.xlsx,70.425,70.596,70.3,70.376,60,5723.1,5723.1,5606.1,5618.0,9,162.6,162.9,160.7,161.0,2,1.11541,1.11597,1.11519,1.11525,14842,1.29908,1.30039,1.29905,1.29989,8213,26346.57,26361.07,26339.07,26348.069,60,2923.57,2925.27,2923.27,2923.57,39,7755.569,7764.07,7753.87,7758.56,60,1.34699,1.34738,1.34635,1.34723,3727,1.02098,1.02118,1.02009,1.0202,3109,111.474,111.494,111.464,111.487,2958,14.638,14.664,14.634,14.634,79,1270.145,1271.058,1269.845,1270.055,60
2019-04-03,10:00:00,56.1,58.1,59.7,PMI.xlsx,69.755,69.771,69.645,69.686,60,4918.8,4926.0,4890.2,4896.6,2,163.4,163.8,161.6,162.3,2,1.12478,1.12492,1.12431,1.12431,15801,1.31817,1.31848,1.31658,1.31707,13194,26257.57,26262.07,26242.07,26249.57,60,2876.77,2877.469,2875.47,2876.27,54,7537.059,7537.569,7532.57,7533.27,60,1.32986,1.33068,1.32965,1.3306,4326,0.99642,0.99707,0.99634,0.99698,4289,111.469,111.513,111.446,111.506,2757,15.163,15.163,15.144,15.153,88,1291.805,1293.085,1291.535,1292.815,60
2019-03-05,10:00:00,59.7,57.4,56.7,PMI.xlsx,65.315,65.411,65.085,65.395,60,3661.8,3664.3,3655.9,3661.1,5,122.8,123.5,122.2,123.1,2,1.1327,1.13293,1.13204,1.13244,16957,1.31863,1.31883,1.31556,1.31589,11351,25881.57,25886.07,25846.069,25860.069,60,2797.37,2797.87,2794.07,2795.37,57,7160.57,7161.57,7147.059,7151.659,60,1.33395,1.33498,1.33378,1.3348,3604,1.00095,1.00125,1.00058,1.00103,3785,111.964,111.966,111.927,111.953,5927,15.077,15.083,15.06,15.079,107,1284.588,1285.035,1283.418,1284.515,60
2019-02-05,10:00:00,56.7,57.2,57.6,PMI.xlsx,62.79,62.996,62.755,62.951,60,3368.5,3370.0,3363.3,3366.4,2,102.5,102.6,101.3,102.3,2,1.14192,1.14226,1.14165,1.14173,17361,1.30168,1.30231,1.30106,1.30127,11528,25292.07,25316.07,25285.069,25310.57,60,2724.97,2727.669,2724.469,2726.169,55,6941.47,6948.66,6939.46,6944.67,60,1.31078,1.31086,1.31023,1.3108,2544,1.00054,1.00107,1.00043,1.00099,4526,110.001,110.04,109.925,109.938,5067,15.84,15.872,15.828,15.862,137,1311.365,1314.218,1310.775,1313.608,60
2019-01-07,10:00:00,57.6,59.6,60.7,PMI.xlsx,58.401,58.871,58.35,58.6,60,3937.4,3986.0,3935.9,3947.8,2,146.2,147.8,146.0,146.9,2,1.14413,1.14452,1.1435,1.14387,18504,1.27498,1.27533,1.27262,1.27311,10474,23393.07,23436.57,23379.569,23417.569,60,2525.969,2530.47,2524.469,2528.47,60,6402.27,6414.259,6397.27,6407.26,60,1.33622,1.33666,1.33542,1.33631,3875,0.9824,0.98295,0.98193,0.98276,3695,108.196,108.363,108.146,108.35,7845,15.76,15.767,15.729,15.747,131,1291.305,1291.998,1290.425,1290.818,60
2018-12-06,10:00:00,60.7,59.1,60.3,PMI.xlsx,59.731,59.861,58.385,58.705,60,3758.5,3763.9,3700.9,3707.8,2,96.4,97.1,93.6,94.2,2,1.13406,1.13431,1.13226,1.13302,12649,1.274,1.27502,1.27221,1.27304,11313,24587.07,24628.069,24543.069,24603.569,60,2653.07,2657.27,2650.069,2654.27,60,6633.76,6651.37,6623.87,6638.47,60,1.34345,1.34444,1.34297,1.34379,5875,0.99706,0.99871,0.99694,0.99816,4285,112.615,112.807,112.615,112.8,7499,14.366,14.373,14.349,14.349,166,1237.528,1237.718,1235.975,1236.098,60
2018-11-05,10:00:00,60.3,59.3,61.6,PMI.xlsx,72.785,72.895,72.55,72.68,60,6338.2,6342.5,6336.9,6339.5,2,202.5,203.1,202.4,202.8,2,1.13814,1.13877,1.13767,1.13835,10896,1.30052,1.30276,1.3002,1.30245,6151,25233.069,25264.07,25222.57,25259.069,60,2720.97,2722.87,2719.069,2722.37,60,6971.56,6979.96,6964.87,6975.27,60,1.3102,1.31069,1.30984,1.31018,3181,1.00492,1.00531,1.0043,1.00458,3103,113.27,113.284,113.199,113.234,4089,14.734,14.748,14.706,14.73,145,1231.555,1232.385,1231.325,1231.965,60
2018-10-03,10:00:00,61.6,58.0,58.5,PMI.xlsx,84.915,84.965,84.755,84.854,60,6388.1,6431.7,6382.3,6415.0,2,217.2,219.5,216.5,218.1,2,1.15687,1.15694,1.15533,1.15533,11494,1.30058,1.30071,1.29789,1.29791,8777,26844.57,26856.069,26842.07,26847.069,60,2930.37,2931.07,2930.069,2930.37,40,7645.869,7648.559,7642.86,7644.17,60,1.28378,1.2838,1.28322,1.28368,3532,0.98626,0.98733,0.98599,0.98727,5364,113.821,113.852,113.809,113.822,3439,14.773,14.788,14.73,14.74,180,1204.829,1205.119,1202.621,1202.848,60
2018-09-06,10:00:00,58.5,56.8,55.7,PMI.xlsx,77.546,77.736,77.436,77.456,59,6323.5,6347.4,6292.4,6306.7,2,223.4,224.5,220.9,222.3,2,1.16212,1.16286,1.16163,1.1628,12184,1.29314,1.29415,1.29281,1.29329,7439,25992.07,26004.07,25965.07,25965.07,60,2888.67,2889.669,2885.67,2885.67,53,7528.87,7533.27,7517.96,7517.96,60,1.31757,1.31843,1.31734,1.31779,3973,0.96988,0.97017,0.96915,0.96923,4311,111.306,111.337,111.284,111.289,4517,14.263,14.281,14.234,14.257,143,1203.299,1205.891,1202.928,1205.408,60
2018-08-03,10:00:00,55.7,58.6,59.1,PMI.xlsx,73.311,73.396,73.126,73.335,60,7293.4,7306.5,7274.3,7290.3,2,405.5,406.9,405.4,406.7,2,1.15748,1.15796,1.15724,1.15795,9071,1.30071,1.30111,1.29922,1.3002,5422,25335.569,25355.069,25332.069,25346.57,59,2828.67,2830.17,2828.369,2829.37,47,7383.169,7389.27,7380.359,7383.37,60,1.30206,1.30216,1.30139,1.30147,3372,0.99522,0.99545,0.99505,0.9951,2902,111.693,111.732,111.661,111.661,4244,15.302,15.339,15.299,15.336,91,1207.432,1208.848,1207.308,1208.818,60
2018-07-05,10:00:00,59.1,58.3,58.6,PMI.xlsx,78.025,78.226,78.005,78.206,60,6581.5,6587.5,6540.3,6571.0,64,471.8,473.9,470.1,472.8,2,1.16878,1.16936,1.16827,1.16862,12803,1.32474,1.32615,1.32395,1.32438,10158,24308.57,24326.07,24298.069,24322.069,60,2726.97,2727.97,2725.669,2727.67,57,7044.769,7050.26,7042.259,7049.27,60,1.31509,1.316,1.31399,1.31425,4344,0.99304,0.99323,0.99222,0.99242,4408,110.684,110.691,110.627,110.658,4462,15.956,15.961,15.921,15.942,130,1251.821,1252.028,1251.279,1251.919,60
2018-06-05,10:00:00,58.6,57.9,56.8,PMI.xlsx,74.575,74.675,74.055,74.245,60,7359.0,7370.2,7347.9,7350.9,41,583.7,587.0,583.7,585.3,2,1.17023,1.17027,1.16762,1.1678,14107,1.33804,1.33921,1.33541,1.33583,9326,24853.069,24854.07,24813.07,24823.07,60,2750.97,2751.169,2747.469,2748.169,54,7167.859,7168.269,7157.96,7159.96,60,1.2948,1.29821,1.2948,1.298,6142,0.98542,0.98613,0.98517,0.98571,4103,109.757,109.811,109.702,109.807,6023,16.407,16.411,16.372,16.374,66,1292.538,1292.618,1290.249,1290.588,60
2018-05-03,10:00:00,56.8,58.1,58.8,PMI.xlsx,73.544,73.6,73.074,73.104,60,9131.2,9151.3,9130.4,9135.7,41,711.7,720.0,711.5,719.5,2,1.19909,1.19982,1.198,1.1982,10260,1.36009,1.36192,1.35842,1.35871,8467,23910.07,23936.07,23906.569,23910.57,60,2633.67,2636.17,2633.37,2634.169,40,6639.86,6647.26,6637.859,6641.66,60,1.28206,1.28351,1.2816,1.28325,6456,0.99687,0.99811,0.99618,0.99792,5943,109.522,109.535,109.359,109.412,4334,16.496,16.509,16.465,16.466,84,1312.308,1313.248,1311.401,1311.628,60
2018-04-04,10:00:00,58.8,59.0,59.5,PMI.xlsx,66.926,67.055,66.815,66.845,60,7014.2,7051.8,6974.6,7024.8,84,386.8,387.7,376.4,377.2,2,1.22772,1.22871,1.22758,1.22848,13112,1.40499,1.405,1.40283,1.40369,9489,23578.57,23580.07,23396.07,23480.57,60,2577.369,2577.37,2560.069,2569.07,60,6338.37,6339.469,6293.859,6322.16,60,1.28285,1.28422,1.28236,1.28283,7634,0.95863,0.95898,0.95762,0.95847,5792,106.17,106.176,105.992,106.135,14579,16.486,16.494,16.431,16.438,177,1342.819,1344.672,1341.828,1342.871,60
2018-03-05,10:00:00,59.5,58.9,59.9,PMI.xlsx,64.71,64.791,64.535,64.615,60,11408.4,11438.8,11375.2,11435.4,27,857.6,859.2,856.4,858.7,2,1.2322,1.23316,1.23067,1.23135,12185,1.3816,1.38351,1.38104,1.38218,9886,24516.069,24566.57,24483.569,24555.07,60,2687.17,2691.87,2684.969,2690.67,59,6803.659,6828.969,6800.369,6822.56,60,1.28893,1.2895,1.28886,1.28907,6381,0.93602,0.93717,0.93543,0.93664,7190,105.576,105.647,105.553,105.609,7896,16.524,16.542,16.515,16.537,91,1325.632,1326.519,1325.039,1326.178,60
2018-02-05,10:00:00,59.9,56.5,55.9,PMI.xlsx,68.065,68.236,68.01,68.035,60,7816.4,7870.9,7612.9,7624.2,2,800.6,801.3,769.7,769.8,4,1.24605,1.24719,1.24588,1.24622,10586,1.41161,1.41323,1.41079,1.41089,9270,25400.07,25408.07,25309.569,25324.569,60,2753.57,2753.969,2746.489,2747.489,60,6750.01,6752.069,6742.569,6745.169,60,1.24039,1.24196,1.24018,1.24187,6300,0.92998,0.93034,0.9294,0.93032,4298,109.889,109.898,109.796,109.849,6037,16.737,16.893,16.737,16.879,170,1334.798,1338.058,1334.798,1336.588,60
2018-01-05,10:00:00,55.9,57.6,57.4,PMI.xlsx,67.365,67.55,67.355,67.475,60,15790.4,16138.6,15756.6,16002.8,36,982.8,991.9,969.0,971.0,3982,1.20452,1.2054,1.2042,1.20498,9705,1.35299,1.35414,1.35266,1.35389,7485,25139.069,25159.07,25138.069,25156.069,60,2728.82,2731.67,2728.699,2730.699,47,6608.57,6621.569,6608.57,6617.769,59,1.25076,1.25102,1.24977,1.25084,6551,0.97707,0.9772,0.97643,0.97699,3696,113.226,113.24,113.168,113.234,5714,17.149,17.161,17.134,17.15,137,1316.691,1317.729,1316.308,1317.411,60
2017-12-05,10:00:00,57.4,59.2,60.1,PMI.xlsx,62.345,62.385,62.225,62.265,59,11679.9,11706.0,11512.4,11658.9,94,,,,,,1.18528,1.18668,1.1849,1.18629,11384,1.34242,1.34293,1.34094,1.34218,8209,24367.069,24379.07,24314.07,24324.069,60,2640.949,2641.45,2635.19,2636.19,60,6253.37,6254.87,6231.969,6233.97,60,1.26597,1.26627,1.26429,1.26471,4305,0.98586,0.98642,0.98515,0.98542,4150,112.515,112.609,112.451,112.463,6569,16.288,16.299,16.276,16.298,94,1275.878,1276.009,1274.849,1275.922,60
2017-11-03,10:00:00,60.1,58.5,59.8,PMI.xlsx,60.745,60.935,60.735,60.805,60,7374.8,7448.1,7369.8,7402.7,112,,,,,,1.16468,1.16541,1.16422,1.16439,7981,1.30686,1.30714,1.30598,1.30659,8185,23540.07,23552.07,23539.069,23549.07,56,2581.169,2582.17,2580.64,2581.87,34,6254.27,6258.87,6254.17,6258.47,56,1.28344,1.28344,1.28239,1.28288,4430,0.99958,0.99966,0.99865,0.99921,4700,114.131,114.132,114.04,114.078,4507,17.098,17.119,17.088,17.104,102,1275.242,1275.781,1274.392,1275.312,60
2017-10-04,10:00:00,59.8,55.5,55.3,PMI.xlsx,55.525,55.845,55.505,55.835,60,4249.3,4250.0,4220.7,4247.3,44,,,,,,1.17587,1.17804,1.17578,1.17742,11811,1.32685,1.32878,1.32647,1.32805,6765,22656.969,22657.97,22642.57,22646.97,49,2533.869,2533.99,2532.739,2533.24,25,5985.569,5987.469,5982.569,5985.07,50,1.24622,1.24655,1.24546,1.24593,6390,0.9729,0.97299,0.97206,0.9724,5480,112.508,112.512,112.347,112.383,6658,16.761,16.813,16.756,16.803,76,1276.562,1280.292,1276.461,1279.671,60
2017-09-06,10:00:00,55.3,55.8,53.9,PMI.xlsx,53.835,53.965,53.765,53.855,60,4659.0,4670.8,4596.9,4661.0,130,,,,,,1.19352,1.19474,1.19239,1.19286,11001,1.30292,1.30515,1.3024,1.3046,6366,21779.769,21780.97,21762.469,21768.569,60,2461.369,2461.37,2459.069,2459.919,50,5948.869,5949.07,5940.369,5942.87,60,1.23839,1.23962,1.23797,1.23914,5687,0.95473,0.95548,0.95324,0.95516,4884,108.761,108.958,108.716,108.851,7673,17.942,17.976,17.922,17.945,98,1339.742,1340.472,1337.531,1338.729,60
2017-08-03,10:00:00,53.9,56.9,57.4,PMI.xlsx,52.565,52.625,52.445,52.475,59,2744.0,2744.0,2736.5,2739.3,111,,,,,,1.18451,1.18474,1.18334,1.18375,8750,1.32357,1.32467,1.32292,1.32345,5945,22003.069,22014.07,21997.969,22008.57,57,2472.549,2474.82,2472.299,2474.17,54,5906.969,5916.37,5906.469,5911.97,59,1.2599,1.26067,1.25899,1.2597,4927,0.96927,0.97065,0.96912,0.96996,5824,110.6,110.656,110.575,110.63,8110,16.522,16.522,16.446,16.472,72,1263.318,1263.672,1261.838,1262.072,60
2017-07-06,10:00:00,57.4,56.5,56.9,PMI.xlsx,48.4,48.535,48.335,48.535,59,2582.1,2602.0,2579.6,2594.7,85,,,,,,1.13642,1.13736,1.13575,1.13655,14237,1.29653,1.29716,1.29523,1.29527,7328,21421.07,21423.369,21379.969,21410.569,60,2420.85,2421.1,2416.839,2420.599,54,5607.569,5611.831,5597.769,5610.87,60,1.29429,1.29435,1.29287,1.29292,4691,0.96455,0.96545,0.96407,0.96538,6382,113.433,113.469,113.255,113.256,8370,16.002,16.029,15.986,15.998,101,1224.341,1225.481,1223.622,1224.122,60
2017-06-05,10:00:00,56.9,57.1,57.5,PMI.xlsx,50.065,50.065,49.54,49.585,60,,,,,,,,,,,1.12648,1.1267,1.12351,1.12429,9544,1.2907,1.29125,1.28989,1.29043,6875,21198.97,21199.37,21184.67,21184.67,58,2436.82,2436.95,2435.57,2435.69,13,5878.869,5878.869,5876.37,5876.469,38,1.34642,1.34791,1.34619,1.34746,3602,0.96378,0.96569,0.96345,0.96509,4135,110.523,110.633,110.488,110.598,4423,17.545,17.553,17.488,17.527,97,1280.822,1281.239,1279.421,1280.392,60
2017-05-03,10:00:00,57.5,56.1,55.2,PMI.xlsx,50.915,51.0,50.745,50.805,57,,,,,,,,,,,1.09097,1.09152,1.09077,1.09099,5797,1.29111,1.29272,1.29062,1.29243,5634,20910.87,20913.969,20902.969,20910.47,58,2384.92,2386.1,2384.349,2385.6,35,5624.069,5624.87,5621.37,5624.07,49,1.37253,1.3733,1.37229,1.37294,5039,0.98981,0.99078,0.98963,0.99041,3680,112.197,112.228,112.159,112.195,4341,16.796,16.823,16.788,16.789,53,1253.939,1254.299,1253.328,1253.789,60
2017-04-05,10:00:00,55.2,57.0,57.6,PMI.xlsx,54.775,54.775,54.535,54.555,55,,,,,,,,,,,1.06685,1.06711,1.06649,1.067,6415,1.24809,1.24841,1.24728,1.24788,5497,20700.37,20705.37,20692.97,20700.07,58,2358.769,2359.51,2358.31,2358.85,55,5438.87,5441.07,5438.169,5438.97,56,1.3403,1.34083,1.34008,1.34043,3742,1.00293,1.0032,1.00225,1.00305,3111,110.875,110.944,110.844,110.856,6208,18.245,18.263,18.234,18.25,58,1252.508,1253.251,1252.168,1252.822,60
2017-03-03,10:00:00,57.6,56.5,56.5,PMI.xlsx,55.12,55.325,55.12,55.295,57,,,,,,,,,,,1.05167,1.05412,1.05158,1.0536,10849,1.22291,1.22297,1.22142,1.22271,8190,20957.469,21007.47,20957.469,21005.97,60,2374.52,2378.9,2374.52,2378.9,60,5346.784,5355.554,5346.784,5355.185,60,1.34124,1.34151,1.34058,1.34123,5780,1.0135,1.01356,1.01116,1.01155,6740,114.246,114.446,114.231,114.444,7775,17.686,17.742,17.67,17.703,110,1227.819,1229.209,1226.818,1227.808,60
2017-02-03,10:00:00,56.5,57.0,57.2,PMI.xlsx,56.685,56.915,56.65,56.875,60,,,,,,,,,,,1.07415,1.07461,1.07367,1.07385,8007,1.24834,1.24977,1.24789,1.24805,7306,19906.969,19915.469,19905.47,19909.97,60,2281.336,2282.539,2281.04,2281.559,60,5138.688,5141.208,5137.611,5138.736,60,1.30357,1.3046,1.30333,1.30419,7092,0.99562,0.99654,0.99524,0.99628,4940,113.117,113.185,113.055,113.159,6224,17.337,17.354,17.319,17.339,77,1213.699,1214.109,1212.998,1213.249,60
2017-01-05,10:00:00,57.2,56.6,57.2,PMI.xlsx,56.28,56.55,56.23,56.52,60,,,,,,,,,,,1.05046,1.05135,1.04875,1.04887,11283,1.23037,1.23148,1.2287,1.22913,10193,19934.47,19934.969,19915.469,19932.97,59,2269.099,2269.1,2265.599,2268.6,53,4934.069,4934.069,4926.07,4932.469,57,1.32991,1.33126,1.32879,1.33122,8030,1.01914,1.02121,1.01851,1.0211,6749,116.611,116.791,116.426,116.751,9120,16.548,16.593,16.526,16.549,286,1172.771,1173.681,1170.971,1171.298,60
2016-12-05,10:00:00,57.2,55.3,54.8,PMI.xlsx,55.055,55.18,54.935,55.115,60,,,,,,,,,,,1.06333,1.06572,1.063,1.06542,14833,1.2706,1.27244,1.27059,1.27163,9272,19250.137,19252.47,19227.941,19241.473,60,2202.7,2202.719,2199.57,2200.689,60,4766.706,4767.46,4755.67,4758.925,60,1.33262,1.33303,1.33207,1.33287,7050,1.01395,1.01496,1.01336,1.01386,6288,114.185,114.448,114.159,114.315,11406,16.565,16.579,16.532,16.57,208,1165.798,1166.138,1163.881,1165.091,60
2016-11-03,10:00:00,54.8,56.2,57.1,PMI.xlsx,47.135,47.34,47.095,47.195,60,,,,,,,,,,,1.10957,1.11008,1.1083,1.10842,20479,1.23592,1.24497,1.23497,1.24369,20688,17978.035,18004.15,17966.852,17978.969,60,2097.747,2100.7,2095.719,2097.516,60,4707.686,4715.17,4703.37,4708.641,60,1.33753,1.33844,1.33693,1.33809,14247,0.97253,0.97316,0.97213,0.97286,9286,102.905,103.12,102.867,103.011,13533,18.16,18.205,18.139,18.185,203,1293.621,1293.969,1290.869,1293.389,60
2016-10-05,10:00:00,57.1,53.1,51.4,PMI.xlsx,51.61,51.825,51.565,51.75,60,,,,,,,,,,,1.12209,1.12246,1.12153,1.12229,51483,1.27178,1.27279,1.2713,1.27241,37143,18157.969,18168.469,18152.969,18155.97,60,2150.4,2151.649,2149.649,2150.309,60,4859.182,4861.907,4858.606,4860.57,60,1.31996,1.32133,1.31981,1.32106,27337,0.97719,0.97769,0.97669,0.97701,14874,103.076,103.166,103.039,103.123,29006,17.909,17.915,17.81,17.851,574,1273.969,1274.341,1272.478,1273.069,60
2016-09-06,10:00:00,51.4,55.4,55.5,PMI.xlsx,47.355,47.45,47.195,47.355,60,,,,,,,,,,,1.11641,1.11692,1.11639,1.11671,53627,1.33392,1.33401,1.33282,1.33304,13842,18510.97,18511.969,18499.969,18505.541,60,2181.934,2182.047,2180.475,2180.976,60,4800.455,4800.642,4796.769,4799.171,60,1.28921,1.28959,1.28866,1.28942,18670,0.97903,0.97951,0.97854,0.97866,16525,103.26,103.314,103.19,103.305,21543,19.547,19.567,19.534,19.537,121,1330.738,1333.372,1330.688,1332.079,60
2016-08-03,10:00:00,55.5,56.0,56.5,PMI.xlsx,42.109,42.199,41.935,41.985,60,,,,,,,,,,,1.11913,1.12046,1.119,1.11985,50092,1.3338,1.33714,1.33377,1.33455,26688,18289.893,18294.584,18281.301,18284.632,60,2154.265,2155.119,2153.008,2153.865,60,4711.464,4712.899,4707.957,4709.478,60,1.31355,1.3137,1.31135,1.31249,23671,0.96832,0.96893,0.96773,0.96852,17870,101.255,101.375,101.146,101.202,31923,20.61,20.625,20.594,20.598,66,1363.661,1364.959,1363.051,1364.121,60
2016-07-06,10:00:00,56.5,53.3,52.9,PMI.xlsx,47.739,47.77,47.175,47.2,60,,,,,,,,,,,1.10571,1.10738,1.10558,1.1067,12363,1.29577,1.29871,1.29353,1.29814,14997,17783.269,17785.997,17732.113,17738.811,60,2081.717,2081.88,2074.825,2075.779,60,4388.991,4389.097,4372.927,4376.761,60,1.29772,1.30095,1.29699,1.3006,11287,0.9788,0.97886,0.97755,0.97795,4740,100.495,100.495,100.199,100.3,9142,20.305,20.398,20.287,20.313,60,1370.798,1375.081,1370.792,1373.791,60
2016-06-03,10:00:00,52.9,55.4,55.7,PMI.xlsx,50.169,50.169,50.028,50.034,56,,,,,,,,,,,1.11415,1.11451,1.11367,1.11397,7127,1.44117,1.4422,1.44048,1.44082,6063,17838.375,17844.434,17835.322,17839.422,60,2104.919,2105.679,2104.621,2105.152,60,4529.089,4530.632,4527.404,4527.998,60,1.30951,1.30974,1.30892,1.3095,5316,0.99129,0.99182,0.99086,0.99176,4019,108.992,109.025,108.889,108.93,4234,16.05,16.082,16.048,16.062,81,1211.569,1212.092,1211.161,1211.711,60
2016-05-04,10:00:00,55.7,54.9,54.5,PMI.xlsx,44.899,45.119,44.877,44.993,60,,,,,,,,,,,1.14828,1.14845,1.14733,1.14839,12549,1.44797,1.44825,1.44613,1.448,7425,17633.25,17655.593,17630.689,17645.027,60,2046.876,2049.486,2046.58,2048.109,60,4306.982,4313.874,4306.946,4310.864,60,1.27677,1.27778,1.27636,1.27686,7160,0.95635,0.95737,0.95606,0.95608,4672,106.787,106.838,106.714,106.716,6228,17.207,17.254,17.175,17.202,195,1276.742,1279.642,1275.409,1276.931,60
2016-04-05,10:00:00,54.5,54.1,53.4,PMI.xlsx,37.387,37.567,37.258,37.556,59,,,,,,,,,,,1.13555,1.13607,1.13506,1.13592,9623,1.42106,1.42191,1.41992,1.42044,8523,17598.449,17621.4,17593.201,17618.613,60,2046.852,2050.176,2046.33,2049.865,59,4476.638,4483.07,4474.573,4482.014,60,1.31452,1.31588,1.31421,1.31451,6389,0.95922,0.95947,0.95817,0.9584,6030,110.387,110.438,110.298,110.318,6544,15.103,15.154,15.035,15.11,113,1231.36,1233.682,1230.499,1232.81,60
2016-03-03,10:00:00,53.4,53.2,53.5,PMI.xlsx,36.69,36.889,36.596,36.858,60,,,,,,,,,,,1.08665,1.08828,1.08665,1.08792,17279,1.4081,1.40835,1.4063,1.407,8148,16901.497,16910.665,16890.165,16909.726,60,1986.613,1987.867,1985.324,1987.862,60,4337.848,4341.11,4334.473,4340.81,60,1.34327,1.34463,1.3432,1.34341,6750,0.99761,0.99776,0.99611,0.99686,6268,113.954,114.025,113.898,113.94,7576,14.935,14.944,14.92,14.936,106,1241.681,1242.959,1241.158,1242.178,60
2016-02-03,10:00:00,53.5,55.1,55.3,PMI.xlsx,33.135,33.328,33.01,33.032,60,,,,,,,,,,,1.0917,1.09332,1.09165,1.09312,18272,1.4452,1.44857,1.44485,1.44771,10832,16171.899,16188.998,16135.711,16147.812,60,1905.393,1907.4,1900.553,1901.08,60,4192.393,4196.99,4181.341,4183.271,60,1.40258,1.40301,1.40027,1.40142,10387,1.01703,1.01714,1.01584,1.01603,7991,119.565,119.588,119.229,119.258,12249,14.331,14.413,14.327,14.392,69,1127.722,1130.612,1127.618,1129.998,60
2016-01-06,10:00:00,55.3,56.0,55.9,PMI.xlsx,35.677,35.677,34.807,35.026,60,,,,,,,,,,,1.07345,1.07379,1.07253,1.07355,8133,1.46477,1.46583,1.46421,1.46553,8343,16997.978,17005.972,16934.234,16936.764,60,1996.684,1997.899,1989.395,1989.574,60,4437.89,4440.999,4415.835,4418.988,60,1.40769,1.41024,1.40762,1.40925,9107,1.00963,1.01013,1.00918,1.00939,3662,118.475,118.529,118.338,118.409,7127,13.982,14.014,13.964,14.006,63,1083.251,1086.139,1082.199,1085.271,60
2015-12-03,10:00:00,55.9,58.1,59.1,PMI.xlsx,43.288,43.52,43.08,43.488,59,,,,,,,,,,,1.05607,1.05661,1.0552,1.05626,12141,1.49336,1.49467,1.49279,1.49411,6997,17853.444,17879.696,17843.828,17874.37,60,2093.573,2096.738,2092.764,2096.295,60,4724.374,4730.699,4722.778,4729.193,60,1.33244,1.33322,1.33226,1.33244,5921,1.02363,1.0244,1.02304,1.02321,6383,123.474,123.491,123.435,123.458,4351,13.926,13.957,13.91,13.951,83,1050.258,1051.099,1049.658,1050.951,60
2015-11-04,10:00:00,59.1,56.6,56.9,PMI.xlsx,50.357,50.789,50.357,50.665,60,,,,,,,,,,,1.09176,1.09326,1.0914,1.09233,9270,1.54267,1.54351,1.54083,1.5416,6687,17939.143,17946.9,17917.001,17931.731,60,2110.988,2110.998,2107.89,2109.587,59,4726.963,4729.079,4722.907,4726.995,60,1.30733,1.30772,1.30632,1.30652,4765,0.99113,0.99116,0.98908,0.99028,3524,121.332,121.339,121.197,121.198,4896,15.279,15.294,15.258,15.262,96,1118.909,1119.119,1117.748,1118.348,60
2015-10-05,10:00:00,56.9,58.0,59.0,PMI.xlsx,48.787,48.869,48.535,48.677,59,,,,,,,,,,,1.12788,1.12805,1.12363,1.12445,9551,1.52061,1.52144,1.51833,1.51904,8117,16561.185,16575.966,16555.014,16562.976,60,1962.171,1964.174,1961.287,1962.535,59,4298.964,4303.0,4296.842,4297.961,60,1.30755,1.30946,1.30641,1.30929,5635,0.96962,0.97223,0.96959,0.97177,3459,120.29,120.304,120.211,120.233,6404,15.3,15.322,15.289,15.299,61,1133.149,1133.949,1132.539,1133.448,60
2015-09-03,10:00:00,59.0,58.3,60.3,PMI.xlsx,50.269,50.526,50.195,50.208,60,,,,,,,,,,,1.12305,1.12311,1.12153,1.12239,6417,1.52742,1.52869,1.5274,1.52809,6091,16412.54,16433.998,16401.558,16406.415,60,1956.678,1959.2,1955.644,1956.646,60,4279.195,4284.0,4275.906,4277.978,60,1.32688,1.32745,1.32509,1.32608,5145,0.96922,0.97089,0.96894,0.97006,4233,120.354,120.405,120.28,120.28,5207,14.692,14.71,14.671,14.689,74,1130.45,1131.119,1127.538,1128.498,60
2015-08-05,10:00:00,60.3,56.3,56.0,PMI.xlsx,50.228,50.439,50.167,50.41,58,,,,,,,,,,,1.08579,1.08684,1.08481,1.08671,8839,1.55793,1.55928,1.55739,1.55913,7108,17546.692,17568.179,17546.692,17558.499,60,2097.685,2099.986,2097.674,2099.179,39,4576.189,4578.998,4574.932,4576.935,60,1.31956,1.32025,1.31874,1.31879,9589,0.98033,0.98046,0.97888,0.97895,4801,124.43,124.45,124.399,124.399,2565,14.537,14.571,14.521,14.563,86,1086.329,1087.348,1085.258,1087.128,60
2015-07-06,10:00:00,56.0,56.5,55.7,PMI.xlsx,58.97,58.999,58.428,58.5,60,,,,,,,,,,,1.10486,1.10514,1.10224,1.10316,9901,1.5564,1.5564,1.55437,1.55575,8980,17621.923,17635.987,17605.746,17614.97,60,2066.183,2067.679,2063.349,2064.471,60,4406.984,4409.99,4398.843,4401.958,60,1.26028,1.26317,1.25999,1.26291,4960,0.94489,0.94623,0.94482,0.94554,7171,122.669,122.819,122.651,122.774,5893,15.588,15.618,15.568,15.583,74,1164.318,1165.451,1164.029,1165.119,60
2015-06-03,10:00:00,55.7,57.1,57.8,PMI.xlsx,63.993,64.167,63.816,64.073,60,,,,,,,,,,,1.11204,1.11339,1.11127,1.11214,10228,1.52722,1.52862,1.52681,1.52839,7980,18030.941,18057.988,18029.805,18042.781,60,2111.626,2115.191,2111.441,2113.344,56,4511.996,4521.0,4510.857,4517.976,60,1.24577,1.24597,1.24409,1.24515,5285,0.93549,0.93701,0.93464,0.93632,3976,124.385,124.497,124.377,124.454,5872,16.644,16.658,16.575,16.588,74,1188.589,1189.799,1187.741,1188.081,60
2015-05-05,10:00:00,57.8,56.2,56.5,PMI.xlsx,66.798,66.98,66.787,66.847,60,,,,,,,,,,,1.11167,1.11324,1.11003,1.11265,11035,1.51178,1.51344,1.51113,1.51319,19759,18067.927,18073.195,18042.772,18048.915,60,2114.48,2114.997,2111.476,2111.809,59,4479.621,4480.501,4470.31,4472.101,60,1.2096,1.20969,1.20885,1.20941,3735,0.9347,0.93595,0.9334,0.93353,5123,120.283,120.431,120.265,120.413,5270,16.377,16.411,16.355,16.391,60,1187.549,1188.669,1186.495,1188.468,60
2015-04-06,10:00:00,56.5,56.6,56.9,PMI.xlsx,56.268,56.507,56.216,56.319,60,,,,,,,,,,,1.09801,1.09871,1.0977,1.09867,2544,1.49296,1.49462,1.49276,1.49405,3656,17619.164,17632.043,17618.923,17631.881,58,2051.44,2053.499,2051.392,2053.499,44,4278.941,4282.979,4278.528,4281.133,58,1.24756,1.24848,1.24745,1.24784,2097,0.95133,0.95191,0.95083,0.95121,1096,119.097,119.115,119.077,119.092,1473,17.157,17.179,17.117,17.141,60,1218.217,1219.26,1216.978,1219.148,60
2015-03-04,10:00:00,56.9,56.5,56.7,PMI.xlsx,60.765,60.896,60.555,60.745,59,,,,,,,,,,,1.1131,1.11397,1.11207,1.11241,11556,1.53341,1.53426,1.53254,1.53338,14162,18152.642,18159.998,18132.451,18135.972,59,2100.557,2102.194,2098.672,2098.995,60,4445.914,4447.862,4441.587,4442.002,60,1.25181,1.25327,1.25131,1.25148,4140,0.96288,0.96347,0.962,0.96271,4651,119.586,119.647,119.56,119.637,4844,16.221,16.33,16.214,16.3,60,1202.267,1204.989,1201.827,1204.228,60
2015-02-04,10:00:00,56.7,56.6,56.2,PMI.xlsx,56.685,56.97,56.176,56.358,60,,,,,,,,,,,1.14448,1.1463,1.14417,1.14425,10732,1.51821,1.52113,1.51786,1.51908,20132,17597.99,17659.381,17581.291,17626.708,60,2041.389,2048.365,2038.667,2043.178,60,4207.323,4221.98,4202.729,4212.815,60,1.24471,1.24757,1.24337,1.24638,6291,0.92551,0.92651,0.92409,0.92575,4177,117.281,117.472,117.278,117.412,7730,17.336,17.531,17.297,17.447,67,1264.716,1271.417,1263.418,1268.748,60
2015-01-06,10:00:00,56.2,58.2,59.3,PMI.xlsx,51.448,51.858,51.379,51.665,60,,,,,,,,,,,1.19079,1.19145,1.18955,1.18982,8776,1.52024,1.52039,1.51762,1.51866,14985,17499.388,17508.742,17487.308,17500.66,60,2019.34,2019.984,2017.055,2019.068,59,4156.366,4158.296,4152.396,4157.585,60,1.17681,1.17852,1.17672,1.1777,3663,1.00885,1.00998,1.00834,1.00974,6600,118.836,118.983,118.747,118.97,5952,16.341,16.344,16.266,16.278,59,1213.308,1213.419,1210.31,1210.894,60
2014-12-03,10:00:00,59.3,57.5,57.1,PMI.xlsx,70.827,70.987,70.626,70.78,59,,,,,,,,,,,1.2327,1.23423,1.23229,1.23344,9838,1.56444,1.56709,1.56405,1.56691,18907,17865.433,17867.246,17844.674,17855.211,58,2066.889,2066.899,2063.998,2065.383,42,4304.998,4305.997,4299.844,4302.956,60,1.13756,1.1392,1.13733,1.13806,3057,0.97594,0.97606,0.97476,0.97518,6826,119.414,119.477,119.35,119.365,4644,16.487,16.518,16.459,16.507,60,1204.607,1205.508,1203.028,1204.192,60
2014-11-05,10:00:00,57.1,58.2,58.6,PMI.xlsx,82.056,82.445,81.877,82.247,60,,,,,,,,,,,1.24826,1.24943,1.24749,1.24876,14395,1.58895,1.58936,1.58683,1.58877,19631,17426.652,17434.495,17422.713,17425.97,59,2020.081,2021.572,2017.946,2020.399,54,4171.977,4173.999,4169.782,4170.962,60,1.14523,1.14661,1.14373,1.14384,5460,0.96427,0.965,0.96374,0.96429,9343,114.536,114.549,114.425,114.466,6473,15.348,15.348,15.178,15.311,61,1145.974,1147.009,1144.159,1145.732,60
2014-10-03,10:00:00,58.6,58.5,59.6,PMI.xlsx,93.318,93.33,92.947,93.006,60,,,,,,,,,,,1.2621,1.26219,1.26114,1.26193,9697,1.60662,1.6076,1.60643,1.60692,8659,16860.468,16872.456,16855.991,16864.494,58,1953.991,1955.475,1952.827,1954.114,54,3998.321,4002.372,3996.914,3997.895,60,1.1175,1.11887,1.11747,1.11861,3149,0.95762,0.95843,0.95757,0.95794,4448,108.942,108.984,108.919,108.979,3299,17.052,17.059,16.955,16.971,60,1207.415,1207.611,1205.212,1206.645,60
2014-09-04,10:00:00,59.6,57.3,58.7,PMI.xlsx,102.609,102.7,102.407,102.672,58,,,,,,,,,,,1.3145,1.31462,1.31198,1.31283,10788,1.64616,1.64627,1.64427,1.64451,6922,17089.972,17116.067,17086.951,17111.962,60,2002.384,2005.993,2001.966,2005.347,51,4070.224,4079.99,4068.723,4078.164,60,1.08864,1.08951,1.08864,1.08873,2001,0.91794,0.92004,0.91792,0.91937,3764,104.853,104.99,104.853,104.963,3983,19.213,19.248,19.177,19.179,59,1271.908,1272.892,1270.862,1271.192,60
2014-08-05,10:00:00,58.7,56.6,56.0,PMI.xlsx,105.356,105.597,105.324,105.515,60,,,,,,,,,,,1.33922,1.3393,1.33849,1.33913,6824,1.68721,1.68756,1.6865,1.68698,5555,16536.283,16542.36,16523.201,16532.558,60,1934.877,1935.389,1933.081,1934.367,59,3896.549,3898.294,3893.109,3896.263,60,1.09345,1.0942,1.09271,1.09409,3117,0.90897,0.90954,0.90894,0.90919,2722,102.64,102.716,102.639,102.715,2308,20.223,20.224,20.163,20.181,60,1292.351,1292.381,1290.461,1291.31,60
2014-07-03,10:00:00,56.0,56.2,56.3,PMI.xlsx,110.664,110.678,110.531,110.598,60,,,,,,,,,,,1.36522,1.36546,1.36483,1.36513,15853,1.71485,1.7158,1.71364,1.71372,4402,16991.148,16995.149,16988.117,16992.267,60,1976.684,1977.494,1976.462,1976.988,57,3902.213,3903.669,3901.498,3902.041,60,1.06522,1.06524,1.06467,1.06469,1626,0.88962,0.88989,0.88949,0.88962,1502,101.934,101.957,101.861,101.869,3301,21.029,21.059,20.995,20.997,61,1322.409,1323.283,1320.824,1321.02,60
2014-06-04,10:00:00,56.3,55.6,55.2,PMI.xlsx,109.264,109.336,109.192,109.257,59,,,,,,,,,,,1.36136,1.36214,1.36112,1.36193,7496,1.67356,1.67421,1.67292,1.67418,4329,16695.208,16714.47,16694.684,16711.207,60,1919.889,1921.876,1919.857,1921.388,59,3721.524,3726.68,3721.204,3725.752,60,1.09283,1.09333,1.0924,1.09274,3248,0.89666,0.89687,0.89605,0.89614,2960,102.583,102.704,102.574,102.656,4940,18.816,18.819,18.73,18.747,57,1245.859,1246.165,1244.301,1245.153,60
2014-05-05,10:00:00,55.2,54.3,53.1,PMI.xlsx,108.665,108.708,108.522,108.522,60,,,,,,,,,,,1.38707,1.38737,1.38702,1.38724,6965,1.68684,1.68712,1.68659,1.68679,1874,16443.749,16453.467,16442.234,16451.12,59,1872.671,1873.994,1872.484,1872.957,60,3569.75,3573.193,3569.004,3571.332,60,1.09717,1.09763,1.09706,1.09758,1554,0.87781,0.87807,0.87754,0.87766,1893,101.949,102.011,101.948,102.009,1676,19.668,19.692,19.634,19.647,59,1313.993,1314.9,1310.989,1311.821,60
2014-04-03,10:00:00,53.1,53.5,51.6,PMI.xlsx,104.525,104.645,104.434,104.615,59,,,,,,,,,,,1.3765,1.37684,1.37621,1.37645,4400,1.66058,1.66061,1.65808,1.65903,3957,16583.323,16593.399,16577.193,16583.118,60,1892.286,1893.292,1891.47,1892.291,60,3668.962,3672.344,3667.71,3669.577,60,1.10106,1.10134,1.1009,1.1012,1060,0.88736,0.88752,0.88664,0.88696,3222,103.954,103.977,103.918,103.927,1950,19.86,19.861,19.815,19.819,61,1286.102,1287.503,1284.879,1285.285,60
2014-03-05,10:00:00,51.6,53.8,54.0,PMI.xlsx,108.655,108.757,108.414,108.693,58,,,,,,,,,,,1.37339,1.37346,1.37075,1.37186,10201,1.66839,1.66878,1.66611,1.66755,5106,16390.286,16394.205,16380.732,16390.372,59,1872.369,1873.194,1871.86,1872.664,60,3716.224,3717.861,3714.586,3716.592,60,1.10792,1.10845,1.10738,1.10757,2142,0.88737,0.88928,0.88735,0.88813,5609,102.392,102.435,102.368,102.393,3769,21.212,21.255,21.184,21.224,57,1334.088,1334.752,1332.659,1333.733,60
2014-02-05,10:00:00,54.0,53.6,53.0,PMI.xlsx,106.296,106.321,106.092,106.21,41,,,,,,,,,,,1.35186,1.35186,1.35043,1.35107,10523,1.62712,1.62815,1.62671,1.62782,4589,,,,,,,,,,,,,,,,1.10658,1.10691,1.10492,1.10494,2295,0.90444,0.9053,0.90416,0.90512,3362,101.174,101.302,101.1,101.246,4543,19.624,19.642,19.57,19.597,60,1257.113,1258.4,1256.23,1257.139,60
2014-01-06,10:00:00,53.0,54.6,53.9,PMI.xlsx,107.676,107.943,107.586,107.843,50,,,,,,,,,,,1.36114,1.36213,1.36034,1.36169,10431,1.63575,1.63875,1.63518,1.63765,5310,16477.88,16485.62,16472.669,16477.764,59,1831.491,1832.682,1830.974,1831.467,58,3537.207,3537.695,3535.082,3536.022,60,1.06272,1.06298,1.06209,1.06223,1079,0.90431,0.90492,0.90375,0.90386,4291,104.556,104.592,104.48,104.509,3456,20.021,20.051,19.977,20.051,60,1238.443,1239.093,1236.638,1238.891,60
2013-12-04,10:00:00,53.9,55.4,55.4,PMI.xlsx,,,,,,,,,,,,,,,,1.35884,1.35929,1.3585,1.35908,10337,1.63611,1.63725,1.63561,1.63572,4802,15924.859,15926.71,15904.636,15910.661,60,1795.172,1795.181,1792.458,1793.184,57,3482.918,3483.009,3477.235,3478.537,60,1.06731,1.06777,1.06623,1.06706,2915,0.90434,0.90451,0.90351,0.90357,5514,102.595,102.632,102.511,102.531,3823,18.971,19.046,18.953,19.0,59,1214.073,1214.963,1211.734,1212.843,60
2013-11-05,10:00:00,55.4,54.2,54.4,PMI.xlsx,106.388,106.515,106.141,106.389,52,,,,,,,,,,,1.34956,1.35109,1.349,1.35022,16942,1.60517,1.60616,1.60432,1.60539,7675,15584.971,15593.99,15579.758,15587.774,60,1763.059,1764.093,1762.269,1763.078,58,3370.327,3372.895,3369.342,3371.095,60,1.04391,1.04416,1.04315,1.04332,2744,0.91091,0.91177,0.90983,0.91098,6982,98.223,98.271,98.194,98.262,5019,21.627,21.661,21.612,21.655,60,1312.002,1312.642,1310.925,1312.195,60
2013-10-03,10:00:00,54.4,57.2,58.6,PMI.xlsx,109.259,109.445,109.107,109.366,52,,,,,,,,,,,1.36052,1.36092,1.3599,1.35992,8084,1.62312,1.6233,1.62128,1.62147,3327,,,,,,,,,,,,,,,,1.0338,1.03383,1.03318,1.03372,2645,0.90149,0.9019,0.9011,0.9019,3820,97.751,97.777,97.648,97.69,2978,21.585,21.588,21.48,21.545,61,1309.377,1309.388,1303.482,1306.242,60
2013-09-05,10:00:00,58.6,55.2,56.0,PMI.xlsx,115.357,115.398,115.134,115.296,60,,,,,,,,,,,1.31982,1.3218,1.31946,1.32129,11712,1.56161,1.56276,1.56059,1.56154,4811,14917.0,14941.0,14914.0,14933.0,60,1652.98,1655.991,1652.472,1654.998,56,3126.465,3131.821,3125.131,3129.651,60,1.04902,1.04924,1.04816,1.04843,1984,0.9384,0.93852,0.9369,0.93834,5215,99.874,99.989,99.828,99.89,4074,23.479,23.596,23.457,23.562,64,1393.093,1397.18,1392.472,1395.342,60
2013-08-05,10:00:00,56.0,53.2,52.2,PMI.xlsx,108.348,108.42,108.145,108.21,60,,,,,,,,,,,1.32823,1.32828,1.32666,1.32695,8849,1.53725,1.53725,1.53455,1.53471,4324,15641.0,15643.0,15630.0,15636.0,60,1707.471,1707.692,1706.168,1706.663,60,3141.188,3141.567,3138.592,3140.08,60,1.03821,1.03907,1.03806,1.03866,2395,0.93,0.93115,0.92969,0.93096,4468,98.353,98.515,98.318,98.512,3770,19.864,19.864,19.782,19.79,60,1311.58,1311.73,1309.225,1309.613,60
2013-07-03,10:00:00,52.2,54.3,53.7,PMI.xlsx,104.768,104.88,104.734,104.786,60,,,,,,,,,,,1.29593,1.2971,1.29535,1.29598,12096,1.52406,1.52581,1.52383,1.52546,5326,14857.0,14865.0,14843.0,14848.0,60,1604.662,1605.685,1602.999,1603.49,60,2910.789,2911.612,2906.524,2908.877,60,1.05317,1.05452,1.05309,1.05383,3728,0.94942,0.95115,0.94915,0.94989,7268,99.801,99.885,99.676,99.693,4715,19.526,19.577,19.495,19.566,61,1245.36,1248.03,1243.473,1247.572,60
2013-06-05,10:00:00,53.7,53.4,53.1,PMI.xlsx,103.516,103.528,103.137,103.415,60,,,,,,,,,,,1.30627,1.3068,1.3055,1.30634,12708,1.53527,1.53616,1.53465,1.53591,5658,15155.0,15156.0,15118.0,15135.0,60,1627.483,1627.494,1622.671,1624.675,56,2968.576,2968.576,2960.504,2964.582,60,1.03464,1.0354,1.03419,1.03498,4264,0.9483,0.94851,0.94643,0.94691,6706,99.611,99.642,99.52,99.591,6541,22.473,22.486,22.354,22.364,67,1397.676,1399.127,1396.124,1396.168,60
2013-05-03,10:00:00,53.1,54.1,54.4,PMI.xlsx,,,,,,,,,,,,,,,,1.31211,1.3136,1.31175,1.31191,10485,1.55492,1.55709,1.55444,1.5556,5530,,,,,,,,,,,,,,,,1.01049,1.01137,1.01047,1.01129,3047,0.93242,0.93242,0.93126,0.93206,6468,98.154,98.159,98.035,98.094,4218,24.14,24.364,24.133,24.233,122,1477.921,1487.803,1477.547,1481.722,60
2013-04-03,10:00:00,54.4,55.9,56.0,PMI.xlsx,,,,,,,,,,,,,,,,1.28281,1.28295,1.28168,1.28188,9854,1.51071,1.51211,1.51052,1.51088,5248,,,,,,,,,,,,,,,,1.01356,1.01396,1.01349,1.01384,3383,0.9487,0.94896,0.94821,0.94873,5754,93.57,93.588,93.45,93.498,6033,27.116,27.236,27.097,27.193,59,1567.957,1571.662,1567.957,1571.213,60
2013-03-05,10:00:00,56.0,55.0,55.2,PMI.xlsx,,,,,,,,,,,,,,,,1.30614,1.30629,1.30191,1.30319,10476,1.51804,1.5182,1.51455,1.51548,10197,,,,,,,,,,,,,,,,1.02602,1.02712,1.02599,1.02685,3295,0.93974,0.94237,0.93964,0.94158,7876,93.127,93.188,93.088,93.153,5659,28.875,28.944,28.86,28.881,82,1581.45,1583.952,1581.178,1581.736,60
2013-02-05,10:00:00,55.2,55.2,56.1,PMI.xlsx,,,,,,,,,,,,,,,,1.3524,1.35516,1.35133,1.35463,12459,1.57762,1.57849,1.57624,1.57632,10054,,,,,,,,,,,,,,,,0.99838,0.99881,0.99818,0.99827,2592,0.90864,0.90968,0.90842,0.90891,9407,92.872,93.018,92.705,92.992,10053,31.869,31.935,31.823,31.871,68,1677.853,1678.48,1676.56,1677.88,60
2013-01-04,10:00:00,56.1,54.2,54.7,PMI.xlsx,,,,,,,,,,,,,,,,1.30109,1.30219,1.3006,1.30065,9521,1.60478,1.60503,1.60221,1.60222,8362,,,,,,,,,,,,,,,,0.99035,0.99188,0.99018,0.99164,3328,0.9294,0.92965,0.92867,0.92962,7227,88.187,88.259,88.173,88.253,4791,29.367,29.399,29.208,29.242,72,1636.352,1639.052,1626.96,1628.943,60
2012-12-05,10:00:00,54.7,53.6,54.2,PMI.xlsx,,,,,,,,,,,,,,,,1.30918,1.30959,1.30809,1.30872,8591,1.60946,1.61039,1.60923,1.61025,5704,,,,,,,,,,,,,,,,0.99229,0.99239,0.9919,0.99229,3808,0.92774,0.92888,0.9275,0.92843,6021,82.222,82.257,82.151,82.201,3662,33.064,33.094,32.988,33.033,61,1703.01,1703.633,1701.303,1702.052,60
2012-11-05,10:00:00,54.2,54.6,55.1,PMI.xlsx,,,,,,,,,,,,,,,,1.27954,1.27986,1.27817,1.27981,9767,1.59764,1.59835,1.5961,1.59776,7465,,,,,,,,,,,,,,,,0.99652,0.99677,0.99566,0.99569,4211,0.94277,0.944,0.94269,0.94269,6915,80.207,80.295,80.196,80.292,3562,30.776,30.934,30.704,30.906,62,1677.673,1680.473,1676.003,1680.352,60
2012-10-03,10:00:00,55.1,53.2,53.7,PMI.xlsx,,,,,,,,,,,,,,,,1.29266,1.29305,1.29021,1.29051,8714,1.61176,1.61226,1.6107,1.61105,7169,,,,,,,,,,,,,,,,0.98573,0.98704,0.98572,0.98686,4443,0.93635,0.93803,0.93602,0.93783,6117,78.245,78.248,78.207,78.221,2016,34.744,34.784,34.711,34.714,60,1778.728,1779.743,1777.87,1778.235,60
2012-09-06,10:00:00,53.7,52.5,52.6,PMI.xlsx,,,,,,,,,,,,,,,,1.26126,1.26223,1.26059,1.26146,8223,1.59058,1.59127,1.5902,1.5906,5938,,,,,,,,,,,,,,,,0.98929,0.98929,0.98769,0.98773,6411,0.95547,0.95589,0.954,0.95415,7162,78.458,78.49,78.429,78.443,2462,32.824,32.884,32.774,32.863,73,1708.673,1709.817,1706.861,1709.516,60
2012-08-03,10:00:00,52.6,52.1,52.1,PMI.xlsx,,,,,,,,,,,,,,,,1.2236,1.2289,1.2233,1.2287,15453,1.55541,1.55997,1.55503,1.55915,14863,,,,,,,,,,,,,,,,1.00251,1.0026,1.0012,1.00154,11352,0.98159,0.9817,0.97727,0.97741,12845,78.245,78.313,78.243,78.288,4296,27.238,27.294,27.238,27.253,92,1593.913,1597.533,1593.801,1596.352,60
2012-07-05,10:00:00,52.1,53.1,53.7,PMI.xlsx,,,,,,,,,,,,,,,,1.25035,1.25118,1.24997,1.251,10299,1.55681,1.5586,1.5554,1.55841,9405,,,,,,,,,,,,,,,,1.01312,1.01361,1.01236,1.01236,6352,0.96081,0.96096,0.95982,0.95982,7742,79.736,79.741,79.625,79.645,2435,28.239,28.293,28.164,28.288,60,1617.383,1618.983,1615.523,1618.913,60
2012-06-05,10:00:00,53.7,53.6,53.5,PMI.xlsx,,,,,,,,,,,,,,,,1.24292,1.24407,1.2427,1.24323,11364,1.53364,1.53616,1.53364,1.53456,6814,,,,,,,,,,,,,,,,1.04075,1.04126,1.0399,1.04126,4505,0.96617,0.96633,0.9653,0.96594,8743,78.176,78.263,78.176,78.246,4591,28.214,28.284,28.199,28.214,60,1616.777,1619.455,1616.642,1616.832,60
2012-05-03,10:00:00,53.5,55.5,56.0,PMI.xlsx,,,,,,,,,,,,,,,,1.31351,1.31391,1.31274,1.31333,9267,1.61851,1.61867,1.61754,1.61822,6551,,,,,,,,,,,,,,,,0.98369,0.98369,0.98279,0.98366,6286,0.91449,0.91509,0.91429,0.91465,7353,80.366,80.39,80.345,80.358,2491,30.44,30.464,30.335,30.353,60,1645.494,1646.08,1643.776,1644.425,60
2012-04-04,10:00:00,56.0,56.9,57.3,PMI.xlsx,,,,,,,,,,,,,,,,1.31747,1.31759,1.31595,1.3162,11276,1.58653,1.58823,1.58619,1.58728,7925,,,,,,,,,,,,,,,,0.99354,0.99449,0.99343,0.99408,8789,0.91393,0.91456,0.9136,0.91437,10049,82.302,82.314,82.095,82.239,6516,32.085,32.117,31.957,32.013,60,1633.744,1636.151,1629.799,1632.059,60
2012-03-05,10:00:00,57.3,56.1,56.8,PMI.xlsx,,,,,,,,,,,,,,,,1.31857,1.3207,1.31857,1.31908,13614,1.58051,1.5822,1.58051,1.58073,5431,,,,,,,,,,,,,,,,0.99409,0.99464,0.9932,0.99447,8400,0.91453,0.91453,0.91285,0.91412,10698,81.229,81.263,81.177,81.253,3183,34.124,34.194,34.061,34.092,69,1695.861,1698.443,1695.386,1695.712,60
2012-02-03,10:00:00,56.8,53.1,52.6,PMI.xlsx,,,,,,,,,,,,,,,,1.31664,1.31829,1.31598,1.31735,14269,1.58477,1.586,1.58348,1.58462,11238,,,,,,,,,,,,,,,,0.99836,0.99938,0.99821,0.99918,10427,0.91543,0.91602,0.9141,0.91457,12149,76.199,76.247,76.199,76.234,2887,34.265,34.284,34.147,34.184,74,1760.734,1760.972,1758.847,1759.913,60
2012-01-05,10:00:00,52.6,53.0,52.0,PMI.xlsx,,,,,,,,,,,,,,,,1.28659,1.2872,1.28317,1.28338,19861,1.55662,1.5572,1.5537,1.55456,13754,,,,,,,,,,,,,,,,1.0181,1.01953,1.01686,1.01926,10949,0.94739,0.94969,0.94641,0.94895,14777,76.809,76.888,76.793,76.856,6314,29.054,29.136,28.874,29.065,100,1612.865,1615.813,1611.183,1611.963,60
2011-12-05,10:00:00,52.0,53.6,52.9,PMI.xlsx,,,,,,,,,,,,,,,,1.34565,1.34576,1.34425,1.34479,9738,1.56484,1.56484,1.56298,1.56391,9600,,,,,,,,,,,,,,,,1.01545,1.01636,1.01545,1.01599,4616,0.92026,0.92085,0.91956,0.92056,9157,77.921,78.039,77.916,78.027,2361,32.846,32.854,32.634,32.653,67,1745.836,1746.476,1740.782,1741.625,60
2011-11-03,10:00:00,52.9,53.7,53.0,PMI.xlsx,,,,,,,,,,,,,,,,1.37753,1.38051,1.37695,1.37917,18921,1.59513,1.60111,1.59509,1.60006,14229,,,,,,,,,,,,,,,,1.01406,1.01406,1.01025,1.01182,11105,0.88127,0.88187,0.8798,0.88073,9316,77.993,78.031,77.986,78.012,4777,33.935,34.065,33.844,33.924,89,1735.2,1737.826,1731.934,1733.609,60
2011-10-05,10:00:00,53.0,53.0,53.3,PMI.xlsx,,,,,,,,,,,,,,,,1.33033,1.33744,1.33021,1.33536,18130,1.54537,1.54924,1.54495,1.54698,12635,,,,,,,,,,,,,,,,1.05369,1.05398,1.04977,1.05044,7296,0.92103,0.92135,0.91612,0.91761,10854,76.697,76.713,76.629,76.648,3546,28.821,29.219,28.749,28.78,106,1605.471,1613.353,1604.053,1605.872,60
2011-09-06,10:00:00,53.3,51.2,52.7,PMI.xlsx,,,,,,,,,,,,,,,,1.41799,1.41959,1.4171,1.41802,11668,1.61186,1.61332,1.60964,1.60975,8431,,,,,,,,,,,,,,,,0.98865,0.98953,0.98761,0.98945,5936,0.84815,0.84917,0.84719,0.84837,8014,77.069,77.185,76.999,77.178,5747,42.42,42.514,42.049,42.198,133,1893.13,1899.535,1886.149,1887.76,60
2011-08-03,10:00:00,52.7,53.8,53.3,PMI.xlsx,,,,,,,,,,,,,,,,1.43222,1.434,1.43141,1.43219,14989,1.63955,1.64045,1.63829,1.6397,10054,,,,,,,,,,,,,,,,0.95883,0.95915,0.95708,0.95809,5425,0.77646,0.77647,0.77425,0.77581,6430,77.098,77.21,77.06,77.1,4110,41.191,41.191,40.954,41.105,64,1667.764,1668.432,1665.257,1666.532,60
2011-07-06,10:00:00,53.3,53.9,54.6,PMI.xlsx,,,,,,,,,,,,,,,,1.43593,1.43705,1.43328,1.43354,12128,1.60222,1.60286,1.60061,1.6011,8047,,,,,,,,,,,,,,,,0.96368,0.96511,0.96311,0.96499,4954,0.84213,0.84244,0.84073,0.84208,7187,80.973,81.061,80.922,81.021,5715,35.857,35.858,35.42,35.551,97,1516.967,1516.999,1512.567,1513.238,60
2011-06-03,10:00:00,54.6,53.8,52.8,PMI.xlsx,,,,,,,,,,,,,,,,1.44928,1.44968,1.44841,1.44891,7975,1.63017,1.63122,1.62868,1.63059,7795,,,,,,,,,,,,,,,,0.97776,0.97914,0.97776,0.97873,4142,0.84089,0.84141,0.84061,0.8413,4985,80.604,80.606,80.521,80.571,6414,35.522,35.574,35.114,35.232,129,1529.977,1530.548,1523.998,1524.932,60
2011-05-04,10:00:00,52.8,57.9,57.3,PMI.xlsx,,,,,,,,,,,,,,,,1.48675,1.48749,1.48499,1.48531,10796,1.65319,1.65434,1.64982,1.65106,11111,,,,,,,,,,,,,,,,0.95272,0.95407,0.95218,0.95378,4578,0.86193,0.86269,0.86166,0.86219,8901,81.137,81.187,81.1,81.119,7233,41.653,41.797,40.723,40.724,534,1535.836,1537.036,1532.973,1532.989,60
2011-04-05,10:00:00,57.3,59.8,59.7,PMI.xlsx,,,,,,,,,,,,,,,,1.41731,1.41738,1.41588,1.41669,7738,1.62324,1.62387,1.62151,1.62316,9385,,,,,,,,,,,,,,,,0.96735,0.96774,0.96609,0.96667,5288,0.92268,0.92406,0.92253,0.92371,7283,84.303,84.429,84.279,84.338,4943,38.373,38.443,38.133,38.144,61,1433.48,1433.875,1429.833,1431.047,60
2011-03-03,10:00:00,59.7,59.6,59.4,PMI.xlsx,,,,,,,,,,,,,,,,1.3855,1.3872,1.38549,1.38633,8543,1.62673,1.62846,1.62607,1.62681,10327,,,,,,,,,,,,,,,,0.97409,0.97419,0.97218,0.97339,3477,0.92602,0.92615,0.92458,0.92581,6511,81.842,81.868,81.788,81.807,3922,,,,,,1431.617,1431.963,1426.566,1427.881,60
2011-02-03,10:00:00,59.4,57.2,57.1,PMI.xlsx,,,,,,,,,,,,,,,,1.37782,1.37889,1.37722,1.3778,11694,1.62503,1.62645,1.62226,1.62252,11139,,,,,,,,,,,,,,,,0.987,0.98749,0.98652,0.98725,3197,0.94297,0.94421,0.94251,0.9437,14350,81.66,81.73,81.649,81.718,5298,,,,,,1329.056,1333.733,1328.993,1332.921,60
2011-01-05,10:00:00,57.1,55.6,55.0,PMI.xlsx,,,,,,,,,,,,,,,,1.32626,1.32639,1.32278,1.32339,10384,1.5586,1.56082,1.55718,1.55768,7010,,,,,,,,,,,,,,,,0.99928,1.00079,0.99877,1.00034,3797,0.9512,0.95233,0.94992,0.95136,7970,82.03,82.131,81.998,82.122,3568,,,,,,1384.301,1384.442,1377.907,1378.896,60
2010-12-03,10:00:00,55.0,54.7,54.3,PMI.xlsx,,,,,,,,,,,,,,,,1.32444,1.3269,1.3244,1.32612,10583,1.56554,1.56813,1.56553,1.56694,8064,,,,,,,,,,,,,,,,1.00213,1.00243,1.00119,1.00126,3635,0.9907,0.99294,0.99004,0.99286,6685,83.579,83.61,83.468,83.606,2948,,,,,,1392.052,1392.78,1389.997,1390.384,60
2010-11-03,10:00:00,54.3,53.5,53.2,PMI.xlsx,,,,,,,,,,,,,,,,1.40435,1.406,1.40351,1.40504,5031,1.61253,1.61463,1.61227,1.61313,4534,,,,,,,,,,,,,,,,1.00665,1.00827,1.00655,1.00686,3610,0.9801,0.98024,0.97797,0.97919,3265,80.79,80.857,80.715,80.781,3956,,,,,,1357.576,1359.474,1356.626,1357.916,60
2010-10-05,10:00:00,53.2,52.1,51.5,PMI.xlsx,,,,,,,,,,,,,,,,1.37746,1.37839,1.37645,1.37671,3725,1.5886,1.58925,1.58685,1.5869,12372,,,,,,,,,,,,,,,,1.0215,1.02155,1.02035,1.021,6137,0.96725,0.9685,0.9661,0.9683,8072,83.43,83.435,83.33,83.34,11532,,,,,,1325.09,1326.074,1324.386,1325.162,60
2010-09-03,10:00:00,51.5,53.6,54.3,PMI.xlsx,,,,,,,,,,,,,,,,1.28388,1.28555,1.28325,1.2838,3456,1.54095,1.54105,1.53945,1.5398,10703,,,,,,,,,,,,,,,,1.05385,1.0547,1.0538,1.0544,3396,1.01625,1.01665,1.0144,1.0151,8383,84.47,84.53,84.415,84.495,11580,,,,,,1253.212,1253.522,1251.345,1252.223,58
2010-08-04,10:00:00,54.3,53.2,53.8,PMI.xlsx,,,,,,,,,,,,,,,,1.31967,1.32238,1.31916,1.32153,4925,1.5911,1.59405,1.59085,1.59315,13321,,,,,,,,,,,,,,,,1.02495,1.0254,1.0232,1.02385,5166,1.04175,1.04215,1.03885,1.03915,14575,85.47,85.51,85.42,85.46,16154,,,,,,1194.602,1195.879,1193.144,1194.95,60
2010-07-06,10:00:00,53.8,55.1,55.4,PMI.xlsx,,,,,,,,,,,,,,,,1.25843,1.25987,1.25683,1.25787,3634,1.51915,1.5203,1.5176,1.5192,13311,,,,,,,,,,,,,,,,1.05915,1.0601,1.0587,1.0593,7198,1.0622,1.06475,1.0614,1.062,21136,87.96,87.965,87.84,87.9,21977,,,,,,1210.688,1211.335,1208.906,1210.098,60
2010-06-03,10:00:00,55.4,55.7,55.4,PMI.xlsx,,,,,,,,,,,,,,,,1.22823,1.22867,1.22445,1.22478,3613,1.46795,1.46935,1.4669,1.4675,15614,,,,,,,,,,,,,,,,1.0358,1.0382,1.03565,1.03685,10362,1.1515,1.1556,1.1513,1.1556,22773,92.655,92.69,92.55,92.62,15972,,,,,,1218.067,1218.294,1214.986,1217.408,60
2010-05-05,10:00:00,55.4,56.1,55.4,PMI.xlsx,,,,,,,,,,,,,,,,1.29703,1.2982,1.29363,1.29386,4911,1.5155,1.51715,1.51465,1.51535,17727,,,,,,,,,,,,,,,,1.02435,1.02655,1.02375,1.02655,9992,1.1043,1.10705,1.1034,1.10705,23369,94.77,94.805,94.71,94.715,17613,,,,,,1170.118,1171.461,1165.771,1165.877,60
2010-04-05,10:00:00,55.4,54.1,53.0,PMI.xlsx,,,,,,,,,,,,,,,,1.34707,1.34789,1.34664,1.34708,5007,1.5236,1.52365,1.52307,1.52335,1366,,,,,,,,,,,,,,,,1.00569,1.00625,1.0051,1.0061,3741,1.06355,1.0636,1.06305,1.06315,3850,94.5,94.53,94.47,94.5,8215,,,,,,1125.546,1126.728,1124.688,1125.244,60
2010-03-03,10:00:00,53.0,51.0,50.5,PMI.xlsx,,,,,,,,,,,,,,,,1.36327,1.36378,1.3611,1.36213,5177,1.50445,1.50465,1.50165,1.5024,12766,,,,,,,,,,,,,,,,1.0352,1.03585,1.03495,1.03535,4305,1.07305,1.0745,1.0726,1.07375,18498,88.725,88.9,88.715,88.86,16716,,,,,,1136.45,1136.741,1133.826,1136.024,60
2010-02-03,10:00:00,50.5,51.1,50.1,PMI.xlsx,,,,,,,,,,,,,,,,1.40092,1.40195,1.39915,1.39937,3721,1.6024,1.6026,1.5994,1.59975,14695,,,,,,,,,,,,,,,,1.0564,1.0579,1.0556,1.0579,3259,1.05115,1.0524,1.05065,1.05235,22015,90.35,90.48,90.265,90.45,29166,,,,,,1120.979,1121.124,1117.817,1118.918,60
2010-01-06,10:00:00,50.1,50.5,48.7,PMI.xlsx,,,,,,,,,,,,,,,,1.43755,1.43787,1.43499,1.43751,3933,1.60225,1.60265,1.59855,1.601,13974,,,,,,,,,,,,,,,,1.03765,1.0395,1.0373,1.03735,3377,1.0328,1.0345,1.0319,1.0319,31973,92.335,92.5,92.325,92.335,28217,,,,,,1125.6,1126.202,1122.816,1125.113,60
2009-12-03,10:00:00,48.7,51.6,50.6,PMI.xlsx,,,,,,,,,,,,,,,,1.51152,1.51339,1.511,1.51213,3829,1.6663,1.66685,1.6641,1.66445,12407,,,,,,,,,,,,,,,,1.04895,1.0509,1.04855,1.04965,7389,0.99735,0.99785,0.9965,0.9971,25697,87.88,87.905,87.785,87.85,31738,,,,,,1217.962,1218.914,1214.535,1215.863,60
2009-11-04,10:00:00,50.6,51.6,50.9,PMI.xlsx,,,,,,,,,,,,,,,,1.47525,1.47656,1.47472,1.47591,4850,1.6539,1.65445,1.6523,1.65315,10953,,,,,,,,,,,,,,,,1.0604,1.06105,1.05985,1.06,8851,1.02415,1.02465,1.02335,1.02375,18232,90.935,91.045,90.855,90.95,26902,,,,,,1091.135,1094.54,1090.397,1092.056,60
2009-10-05,10:00:00,50.9,50.0,48.4,PMI.xlsx,,,,,,,,,,,,,,,,1.46207,1.4634,1.46131,1.46263,5384,1.59765,1.59765,1.5933,1.59415,13313,,,,,,,,,,,,,,,,1.0755,1.0757,1.0741,1.07435,7008,1.03255,1.0334,1.0321,1.0331,18805,89.895,89.975,89.87,89.935,20410,,,,,,1004.248,1005.13,1003.613,1004.463,60
2009-09-03,10:00:00,48.4,48.3,46.4,PMI.xlsx,,,,,,,,,,,,,,,,1.42997,1.43136,1.42875,1.43012,5195,1.63545,1.6391,1.6345,1.6383,21346,,,,,,,,,,,,,,,,1.1014,1.102,1.0985,1.10055,6245,1.05865,1.05895,1.057,1.0582,20565,92.435,92.495,92.34,92.475,19756,,,,,,982.533,985.816,981.638,982.639,60
2009-08-05,10:00:00,46.4,48.1,47.0,PMI.xlsx,,,,,,,,,,,,,,,,1.43891,1.44027,1.4381,1.43912,5301,,,,,,,,,,,,,,,,,,,,,,,,,,,,,,,,,,,,,,,,,965.367,965.944,964.561,964.927,60
2009-07-06,10:00:00,47.0,45.9,44.0,PMI.xlsx,,,,,,,,,,,,,,,,,,,,,,,,,,,,,,,,,,,,,,,,,,,,,,,,,,,,,,,,,,,,,921.051,922.041,920.447,921.007,60
2009-06-03,10:00:00,44.0,45.1,43.7,PMI.xlsx,,,,,,,,,,,,,,,,,,,,,,,,,,,,,,,,,,,,,,,,,,,,,,,,,,,,,,,,,,,,,980.908,982.189,979.25,980.093,60
2009-05-05,10:00:00,43.7,42.5,40.8,PMI.xlsx,,,,,,,,,,,,,,,,,,,,,,,,,,,,,,,,,,,,,,,,,,,,,,,,,,,,,,,,,,,,,901.23,902.804,900.045,901.705,60
2009-04-03,10:00:00,40.8,41.9,41.6,PMI.xlsx,,,,,,,,,,,,,,,,,,,,,,,,,,,,,,,,,,,,,,,,,,,,,,,,,,,,,,,,,,,,,902.562,903.752,901.656,903.226,60
2009-03-04,10:00:00,41.6,41.2,42.9,PMI.xlsx,,,,,,,,,,,,,,,,,,,,,,,,,,,,,,,,,,,,,,,,,,,,,,,,,,,,,,,,,,,,,916.054,916.362,906.089,907.869,60
2009-02-04,10:00:00,42.9,39.1,40.6,PMI.xlsx,,,,,,,,,,,,,,,,,,,,,,,,,,,,,,,,,,,,,,,,,,,,,,,,,,,,,,,,,,,,,900.969,904.708,898.411,898.905,60
2009-01-06,10:00:00,40.6,36.9,37.3,PMI.xlsx,,,,,,,,,,,,,,,,,,,,,,,,,,,,,,,,,,,,,,,,,,,,,,,,,,,,,,,,,,,,,844.879,844.879,841.275,841.872,60
2025-08-01,08:30:00,4.2,4.2,4.1,Unemployment Rate.xlsx,71.635,71.93,71.205,71.33,60,115025.6,115028.4,114089.1,114552.0,2,3647.8,3647.8,3584.9,3607.2,2,1.14184,1.14204,1.14052,1.14062,3387,1.31941,1.31947,1.31596,1.31603,3432,43770.327,43839.899,43699.863,43763.327,60,6293.128,6296.616,6274.866,6285.429,60,23039.998,23041.887,22932.532,22984.075,60,1.38709,1.38757,1.38682,1.38753,3067,0.81471,0.81704,0.81465,0.81697,4854,150.532,150.626,150.508,150.609,5491,36.437,36.479,36.342,36.416,135,3286.598,3294.248,3285.115,3294.095,60
2025-07-03,08:30:00,4.1,4.3,4.2,Unemployment Rate.xlsx,68.505,68.695,68.325,68.605,60,109325.8,109585.4,109322.0,109405.1,2,2598.8,2605.2,2586.2,2586.5,2,1.18013,1.18082,1.17953,1.17977,4777,1.36549,1.36757,1.36545,1.36639,4067,44500.575,44504.551,44456.575,44456.599,60,6232.466,6233.734,6226.222,6226.228,60,22668.331,22680.409,22641.642,22641.686,60,1.35921,1.35927,1.35855,1.35873,5675,0.79137,0.79191,0.79087,0.79187,3341,143.861,143.894,143.77,143.876,4539,36.902,37.064,36.891,37.029,101,3352.825,3358.155,3351.395,3355.995,60
2025-06-06,08:30:00,4.2,4.2,4.2,Unemployment Rate.xlsx,64.965,65.19,64.905,65.135,60,103185.6,103647.0,103185.6,103567.9,2,2453.8,2464.6,2452.4,2459.6,2,1.14266,1.14292,1.14115,1.14142,6058,1.35452,1.35479,1.35344,1.35378,3818,42491.799,42499.999,42456.299,42481.703,60,5963.122,5965.113,5957.866,5963.113,60,21627.61,21639.031,21605.543,21628.531,60,1.36677,1.36803,1.36677,1.368,4239,0.8207,0.82203,0.82069,0.82196,4844,143.908,144.068,143.879,144.053,7310,36.147,36.257,36.06,36.211,117,3359.415,3367.559,3358.115,3365.185,60
2025-05-02,08:30:00,4.2,4.2,4.2,Unemployment Rate.xlsx,62.084,62.325,61.725,61.745,60,96372.7,96779.5,96372.0,96633.7,2,1813.9,1824.2,1812.1,1821.3,2,1.13278,1.13346,1.13159,1.13319,8353,1.32987,1.3299,1.32819,1.32914,4264,40989.587,41017.099,40884.503,40886.527,60,5626.429,5635.384,5613.875,5614.113,60,19808.898,19855.487,19773.753,19776.376,60,1.38166,1.38341,1.38166,1.38298,3338,0.82728,0.82776,0.82595,0.82621,6607,145.124,145.206,144.819,144.827,10380,32.537,32.584,32.475,32.481,60,3258.785,3261.415,3254.975,3257.775,60
2025-04-04,08:30:00,4.2,4.1,4.1,Unemployment Rate.xlsx,68.495,68.565,67.555,67.575,60,83971.8,84620.9,83922.8,84394.9,2,1815.2,1832.2,1812.4,1825.7,2,1.10039,1.10095,1.09749,1.09961,19420,1.30073,1.30144,1.29747,1.29825,13989,40271.039,40280.051,40094.587,40134.063,60,5361.254,5370.236,5348.998,5353.628,60,18426.921,18501.82,18410.654,18431.41,60,1.41467,1.41634,1.41269,1.41317,16128,0.85514,0.857,0.85333,0.85553,13482,146.27,146.485,146.146,146.409,26148,31.246,31.42,31.159,31.375,114,3092.635,3093.885,3078.255,3083.858,60
2025-03-07,09:30:00,4.1,4.0,4.0,Unemployment Rate.xlsx,70.235,70.425,70.2,70.415,60,88333.0,89652.4,88324.0,88911.0,2,2182.5,2208.0,2181.7,2190.6,2,1.08508,1.08714,1.08445,1.0861,10963,1.29202,1.29443,1.29146,1.2938,5043,42619.015,42691.551,42610.551,42670.063,60,5752.619,5765.363,5750.366,5759.619,60,20135.587,20193.943,20125.208,20164.199,60,1.42954,1.43002,1.42859,1.42993,8161,0.87782,0.87874,0.87666,0.87853,6233,147.335,147.583,147.289,147.441,15261,32.613,32.668,32.601,32.632,81,2922.195,2922.875,2919.995,2921.335,60
2025-02-07,09:30:00,4.0,4.1,4.1,Unemployment Rate.xlsx,74.975,74.98,74.625,74.93,60,97027.0,97375.2,97027.0,97273.6,2,2727.3,2739.5,2724.4,2736.4,2,1.03977,1.03991,1.03896,1.0391,6717,1.2465,1.24683,1.24571,1.2459,5319,44727.527,44782.099,44720.539,44780.799,60,6077.179,6083.131,6075.878,6081.628,60,21747.765,21768.689,21739.053,21757.797,60,1.43065,1.43127,1.4305,1.43113,6114,0.90571,0.90609,0.9055,0.90592,4603,151.74,151.832,151.696,151.822,9106,32.32,32.413,32.285,32.308,88,2866.165,2870.505,2865.425,2868.795,60
2025-01-10,09:30:00,4.1,4.2,4.2,Unemployment Rate.xlsx,77.943,78.733,77.858,78.723,60,94633.8,94941.1,94537.7,94764.9,2,3292.9,3307.1,3287.1,3299.3,2,1.03027,1.03058,1.0299,1.02998,12429,1.2288,1.23079,1.2284,1.23019,6454,42601.085,42608.501,42506.549,42562.297,60,5904.827,5906.029,5894.761,5899.764,60,21108.697,21119.499,21073.432,21102.343,60,1.44106,1.44169,1.44075,1.441,6664,0.91247,0.91343,0.91242,0.91338,4796,157.821,157.945,157.622,157.929,33117,30.261,30.34,30.232,30.299,71,2679.765,2682.155,2677.505,2678.244,60
2024-12-06,09:30:00,4.2,4.2,4.1,Unemployment Rate.xlsx,71.793,71.953,71.683,71.793,60,98398.7,98494.7,98010.7,98077.7,2,3879.6,3888.3,3856.8,3869.9,6,1.05819,1.05834,1.05713,1.05772,13481,1.27608,1.27647,1.27551,1.2759,4372,44772.503,44781.515,44742.075,44769.063,60,6076.282,6077.032,6072.511,6074.02,59,21441.064,21441.986,21417.009,21423.465,60,1.40364,1.40435,1.40355,1.40383,6814,0.87873,0.87943,0.87862,0.87882,4032,150.367,150.604,150.361,150.574,21856,31.334,31.363,31.257,31.309,83,2644.045,2645.535,2639.605,2640.615,60
2024-11-01,08:30:00,4.1,4.1,4.1,Unemployment Rate.xlsx,74.333,74.923,74.313,74.553,60,69164.4,69420.0,69145.6,69258.4,2,2502.0,2512.8,2493.4,2499.0,3,1.08679,1.0868,1.08573,1.08622,14443,1.28978,1.29179,1.28879,1.29039,5390,41819.475,41872.451,41804.415,41849.963,60,5718.617,5726.002,5717.632,5722.743,60,19964.286,19990.632,19956.032,19970.675,60,1.39412,1.39421,1.39287,1.39307,5035,0.86848,0.86935,0.86745,0.86808,7168,152.546,152.691,152.522,152.639,24978,32.655,32.868,32.639,32.834,133,2749.535,2754.948,2748.455,2753.335,60
2024-10-04,08:30:00,4.1,4.2,4.2,Unemployment Rate.xlsx,78.213,78.473,78.103,78.453,60,61406.1,61609.3,61304.2,61415.9,2,2379.2,2391.1,2375.4,2379.2,2,1.10278,1.103,1.10212,1.10254,12855,1.31586,1.31656,1.31452,1.31563,7124,42033.263,42035.263,41967.239,41972.287,60,5706.877,5708.832,5700.564,5700.829,60,19835.12,19845.975,19802.32,19806.108,60,1.35582,1.3564,1.35571,1.35585,6446,0.852,0.85254,0.85152,0.85152,6145,146.305,146.41,146.247,146.336,17816,32.081,32.085,31.954,31.999,94,2660.865,2661.405,2658.715,2658.894,60
2024-09-06,08:30:00,4.2,4.2,4.3,Unemployment Rate.xlsx,73.067,73.217,72.457,72.702,60,55762.7,55897.4,55603.0,55749.2,2,2342.0,2355.1,2336.1,2347.8,2,1.11157,1.11207,1.11129,1.11173,9461,1.31814,1.3184,1.31658,1.31671,5218,40619.025,40668.087,40585.003,40613.299,60,5469.57,5472.877,5460.564,5464.573,60,18743.153,18756.298,18675.489,18691.189,60,1.34955,1.3505,1.34931,1.35021,4780,0.84206,0.84206,0.84054,0.84095,4858,142.522,142.724,142.48,142.612,36093,28.788,28.866,28.739,28.778,160,2516.355,2518.155,2515.358,2517.738,60
2024-08-02,08:30:00,4.3,4.1,4.1,Unemployment Rate.xlsx,80.357,80.433,79.893,79.928,60,64095.4,64556.9,63966.5,64556.9,2,3143.7,3155.6,3130.7,3155.0,2,1.08041,1.08152,1.08031,1.08145,16338,1.2713,1.2737,1.2713,1.2735,4773,40085.003,40138.087,40058.087,40132.599,60,5399.073,5400.627,5386.073,5398.832,60,18619.832,18632.12,18543.631,18600.776,60,1.38712,1.38807,1.38684,1.38744,6534,0.8718,0.87251,0.87136,0.87171,5996,149.21,149.321,148.832,149.071,28703,28.893,28.953,28.858,28.885,72,2461.505,2465.225,2460.815,2461.918,60
2024-07-05,08:30:00,4.1,4.0,4.0,Unemployment Rate.xlsx,87.483,87.563,87.293,87.293,60,54368.5,54395.2,54023.1,54048.0,2,2879.2,2881.5,2847.1,2849.0,3,1.08289,1.08305,1.08227,1.0828,7141,1.27801,1.27812,1.27734,1.27793,2152,39348.003,39356.575,39299.551,39317.575,60,5539.664,5542.882,5537.364,5538.126,60,20208.52,20224.889,20192.943,20196.487,60,1.36037,1.36113,1.36029,1.36039,4251,0.89801,0.8988,0.89789,0.89827,2404,160.77,160.823,160.632,160.737,11236,30.58,30.612,30.546,30.557,62,2365.115,2367.955,2364.515,2366.355,60
2024-06-07,08:30:00,4.0,3.9,3.9,Unemployment Rate.xlsx,79.913,79.993,79.523,79.623,60,71062.2,71128.1,70994.8,71078.0,2,3813.5,3814.3,3805.4,3808.4,4,1.08927,1.08929,1.08831,1.08889,13340,1.28002,1.2801,1.27821,1.27882,3551,38938.163,38938.663,38874.627,38887.627,60,5356.111,5358.177,5351.623,5353.117,60,19045.319,19059.899,19036.776,19041.153,60,1.36731,1.36876,1.36724,1.36829,5716,0.88959,0.89004,0.88925,0.88935,3558,155.419,155.565,155.312,155.356,23959,31.204,31.221,30.633,30.746,283,2373.415,2373.765,2342.424,2347.195,60
2024-05-03,08:30:00,3.9,3.8,3.8,Unemployment Rate.xlsx,83.973,84.013,83.653,83.813,60,59151.9,59353.0,59107.2,59190.7,2,2966.6,2981.7,2962.2,2971.0,3,1.07344,1.07441,1.07323,1.07425,8616,1.25475,1.25625,1.25457,1.25591,4349,38465.527,38510.563,38460.299,38491.075,60,5076.906,5082.677,5076.65,5081.056,60,17639.13,17661.419,17634.542,17653.519,60,1.36694,1.36716,1.36612,1.36626,4349,0.90761,0.90819,0.90722,0.90782,4048,153.297,153.332,153.151,153.19,16509,26.533,26.598,26.486,26.528,61,2299.105,2302.555,2298.255,2301.305,60
2024-04-05,08:30:00,3.8,3.9,3.9,Unemployment Rate.xlsx,90.743,90.873,90.583,90.763,60,66885.7,67611.6,66873.0,67108.2,2,3283.4,3310.0,3274.4,3282.1,2,1.0839,1.08463,1.08361,1.08375,7314,1.26268,1.26401,1.26215,1.26366,3148,38658.027,38673.799,38637.015,38656.575,60,5162.264,5165.023,5159.282,5163.017,60,17940.886,17953.631,17926.743,17944.653,60,1.35604,1.35663,1.3557,1.35613,2407,0.90412,0.90446,0.90283,0.90341,4012,151.336,151.45,151.306,151.41,20791,26.761,26.807,26.69,26.75,95,2289.045,2291.685,2284.768,2288.015,60
2024-03-08,09:30:00,3.9,3.7,3.7,Unemployment Rate.xlsx,83.733,83.823,83.148,83.208,60,67222.0,67427.0,67066.6,67102.0,2,3944.7,3952.9,3929.6,3931.1,2,1.09358,1.09373,1.09261,1.09352,9923,1.28201,1.28292,1.28125,1.28272,4080,38792.063,38795.015,38732.503,38745.003,60,5164.437,5165.076,5161.181,5162.461,60,18302.13,18324.289,18287.732,18313.587,60,1.34355,1.34395,1.34315,1.34367,5091,0.87637,0.8767,0.87575,0.87646,3749,147.814,147.825,146.874,147.132,16916,24.476,24.531,24.459,24.504,75,2165.125,2170.995,2164.525,2168.978,60
2024-02-02,09:30:00,3.7,3.8,3.7,Unemployment Rate.xlsx,78.717,79.233,78.573,79.108,60,42960.1,43018.6,42907.5,42939.5,2,2305.3,2310.7,2303.5,2306.4,2,1.08792,1.08974,1.08792,1.08908,11609,1.27421,1.2764,1.27421,1.27572,3394,38524.299,38528.599,38496.039,38509.539,60,4935.473,4937.707,4929.66,4932.641,60,17521.631,17540.042,17504.665,17516.643,60,1.33798,1.33803,1.3367,1.33685,6383,0.85686,0.85686,0.85562,0.85633,4389,146.735,146.798,146.671,146.694,24780,23.13,23.211,23.112,23.161,66,2053.905,2054.885,2052.595,2052.945,60
2024-01-05,09:30:00,3.7,3.8,3.7,Unemployment Rate.xlsx,78.125,78.473,78.043,78.253,60,43901.9,44276.5,43891.3,44133.0,2,2251.3,2267.3,2251.1,2263.1,2,1.09075,1.09305,1.09028,1.09126,14624,1.26615,1.26707,1.26568,1.26596,4573,37423.797,37424.799,37362.559,37368.009,60,4684.187,4685.437,4678.271,4679.039,60,16247.809,16259.089,16229.509,16235.779,60,1.33625,1.33727,1.33569,1.33723,4206,0.85208,0.85339,0.85124,0.85295,8390,145.08,145.202,145.002,145.184,24543,23.013,23.037,22.943,22.962,71,2042.305,2043.598,2038.295,2038.735,60
2023-12-08,09:30:00,3.7,3.9,3.9,Unemployment Rate.xlsx,75.803,76.073,75.573,75.653,60,43178.6,43254.4,43093.2,43101.6,2,2348.9,2354.5,2343.9,2345.2,2,1.07892,1.07893,1.07723,1.07767,19105,1.25677,1.2568,1.25541,1.25568,5274,36119.599,36152.019,36116.519,36132.799,60,4580.37,4587.152,4580.234,4586.176,60,15986.899,16008.759,15986.319,16007.139,60,1.35818,1.35848,1.35773,1.35791,7075,0.87425,0.87544,0.87408,0.87517,4453,143.984,144.408,143.959,144.285,46680,23.735,23.804,23.723,23.767,310,2028.085,2029.085,2026.535,2028.505,60
2023-11-03,08:30:00,3.9,3.8,3.8,Unemployment Rate.xlsx,87.257,87.343,87.062,87.183,60,34429.8,34573.9,34218.4,34398.6,2,1796.4,1802.1,1786.9,1793.9,2,1.06291,1.06322,1.06197,1.0627,10092,1.21994,1.21994,1.21856,1.21935,4163,33860.539,33867.077,33839.079,33850.079,60,4312.173,4314.217,4310.314,4312.057,60,14869.499,14874.859,14861.849,14866.169,60,1.37304,1.3745,1.37278,1.37441,3793,0.90597,0.90686,0.90575,0.90683,2953,150.341,150.416,150.321,150.4,11845,22.618,22.699,22.599,22.668,60,1986.358,1988.985,1986.008,1988.438,60
2023-10-06,08:30:00,3.8,3.7,3.8,Unemployment Rate.xlsx,84.533,84.533,84.088,84.148,60,27604.5,27632.5,27574.5,27588.2,2,1628.4,1634.7,1627.9,1630.4,2,1.05497,1.05532,1.05421,1.05482,18368,1.22035,1.22057,1.2192,1.21982,7408,33126.089,33155.097,33116.039,33122.009,60,4260.976,4263.45,4256.78,4257.802,60,14749.249,14756.079,14723.239,14729.109,60,1.36955,1.37115,1.36952,1.37101,5822,0.91223,0.91332,0.91203,0.9129,11894,148.889,148.944,148.841,148.908,20464,21.013,21.022,20.912,20.992,87,1821.295,1821.995,1819.195,1821.825,60
2023-09-01,08:30:00,3.8,3.5,3.5,Unemployment Rate.xlsx,87.103,87.323,86.923,87.193,60,25953.6,25978.4,25924.1,25942.6,2,1642.7,1644.9,1639.8,1640.2,2,1.0856,1.08563,1.08463,1.08483,11179,1.26838,1.26849,1.26718,1.26748,4341,34828.047,34836.039,34813.529,34828.299,60,4519.801,4520.072,4516.324,4517.85,60,15526.937,15529.399,15508.559,15512.119,60,1.34992,1.3513,1.34977,1.35093,6583,0.88176,0.88298,0.88154,0.88269,3715,145.418,145.513,145.386,145.465,18514,24.572,24.588,24.53,24.586,80,1943.005,1943.685,1941.795,1942.925,60
2023-08-04,08:30:00,3.5,3.6,3.6,Unemployment Rate.xlsx,85.543,85.633,85.313,85.478,60,29143.2,29208.2,29115.7,29145.9,2,1834.2,1836.0,1830.7,1830.7,2,1.09474,1.09527,1.09378,1.09401,15452,1.27055,1.27112,1.26942,1.26994,4971,35300.029,35330.099,35266.509,35276.019,60,4520.734,4526.207,4516.426,4518.04,60,15441.019,15471.109,15424.349,15433.099,60,1.33617,1.337,1.33566,1.33674,4382,0.87677,0.8779,0.87619,0.87758,6594,142.653,142.722,142.607,142.66,23600,23.482,23.49,23.411,23.424,71,1932.785,1933.595,1932.055,1932.355,60
2023-07-07,08:30:00,3.6,3.6,3.7,Unemployment Rate.xlsx,76.893,76.913,76.343,76.413,60,29975.3,30072.5,29939.7,30039.6,2,1853.6,1859.3,1851.5,1853.5,2,1.08758,1.08808,1.08669,1.08776,18220,1.27314,1.27456,1.27255,1.27343,5066,33874.499,33896.559,33847.089,33886.069,60,4403.567,4407.484,4399.819,4406.251,60,15049.769,15069.799,15035.779,15067.039,60,1.33769,1.33867,1.33718,1.3374,4484,0.89578,0.8965,0.8954,0.89573,4277,143.234,143.255,142.943,142.962,30862,22.7,22.718,22.638,22.693,64,1914.505,1915.645,1913.235,1915.495,60
2023-06-02,08:30:00,3.7,3.5,3.4,Unemployment Rate.xlsx,75.068,75.597,74.513,75.543,60,27020.5,27145.9,27020.5,27139.7,2,1883.7,1891.3,1883.6,1890.3,2,1.07617,1.0777,1.076,1.07742,13937,1.25256,1.25411,1.25216,1.25356,4441,33182.509,33200.799,33163.999,33190.069,60,4234.686,4237.716,4233.93,4237.704,60,14479.189,14493.899,14467.499,14493.899,60,1.34244,1.34247,1.34062,1.34107,3597,0.9051,0.90513,0.90382,0.90436,3061,139.005,139.105,138.794,138.825,19859,23.874,23.977,23.863,23.959,73,1975.925,1979.785,1974.905,1979.015,60
2023-05-05,08:30:00,3.4,3.6,3.5,Unemployment Rate.xlsx,73.718,73.833,73.253,73.788,60,29046.5,29098.1,29021.5,29038.1,2,1893.4,1898.7,1892.8,1894.5,2,1.10268,1.10316,1.1024,1.10281,16947,1.261,1.26111,1.25989,1.26073,4501,33204.299,33243.079,33158.549,33234.299,60,4074.9,4080.78,4070.15,4079.547,60,13030.349,13045.399,13017.299,13039.859,60,1.34999,1.35105,1.34926,1.3499,4410,0.88934,0.89312,0.889,0.89181,6120,134.053,134.192,133.961,134.149,8834,25.918,25.927,25.866,25.897,60,2040.425,2041.605,2038.735,2039.795,60
2023-04-07,08:30:00,3.5,3.6,3.6,Unemployment Rate.xlsx,,,,,,27813.5,27907.4,27777.1,27783.9,2,1848.9,1855.4,1845.4,1849.4,2,1.09154,1.09176,1.0913,1.09153,2215,1.24356,1.24403,1.24282,1.244,1877,33412.559,33424.529,33407.499,33424.529,57,4097.642,4100.876,4097.633,4100.876,43,13042.559,13062.099,13041.609,13059.189,60,1.34909,1.35131,1.34909,1.35092,911,0.90431,0.90452,0.90363,0.90392,1346,131.883,131.895,131.769,131.802,8005,,,,,,,,,,
2023-03-10,09:30:00,3.6,3.4,3.4,Unemployment Rate.xlsx,81.013,81.353,80.713,81.128,60,19924.6,19931.8,19803.7,19828.5,2,1402.7,1403.3,1392.3,1392.7,4,1.05913,1.05986,1.05798,1.05811,21890,1.19384,1.20091,1.19358,1.19876,10136,32036.017,32129.799,32026.299,32063.509,60,3894.686,3909.487,3893.421,3901.674,60,11962.237,12011.499,11956.209,11987.819,60,1.38575,1.38615,1.38265,1.38353,8675,0.93066,0.93083,0.92896,0.93025,5711,136.618,136.802,136.604,136.779,20317,20.075,20.134,20.028,20.033,60,1835.055,1836.758,1831.458,1831.458,60
2023-02-03,09:30:00,3.4,3.6,3.5,Unemployment Rate.xlsx,82.007,82.597,81.727,82.522,60,23386.8,23409.7,23364.4,23387.0,2,1638.2,1640.8,1637.1,1639.0,2,1.09035,1.09308,1.08934,1.09297,20869,1.21958,1.22516,1.21876,1.22456,15462,33970.549,33979.299,33936.049,33936.099,60,4144.453,4150.582,4141.103,4145.866,60,12557.859,12614.799,12544.199,12598.539,60,1.33664,1.33738,1.33444,1.33467,7718,0.91632,0.91647,0.91255,0.91287,5422,128.707,128.707,128.547,128.557,16438,23.381,23.525,23.327,23.466,174,1912.045,1916.055,1910.265,1913.115,60
2023-01-06,09:30:00,3.5,3.7,3.6,Unemployment Rate.xlsx,78.817,79.367,78.327,79.162,60,16761.1,16761.1,16726.1,16749.8,2,1246.5,1246.7,1243.4,1245.1,2,1.05182,1.05193,1.04965,1.05072,18436,1.18863,1.18886,1.18533,1.18576,8296,32981.027,32982.559,32912.089,32948.059,60,3813.866,3814.081,3803.055,3808.686,60,10751.517,10752.289,10701.749,10726.699,60,1.35974,1.36278,1.35972,1.36146,10030,0.93903,0.9405,0.93868,0.93998,6034,134.347,134.59,134.28,134.41,40619,23.378,23.42,23.305,23.404,68,1837.005,1837.345,1833.165,1835.415,60
2022-12-02,08:30:00,3.7,3.7,3.7,Unemployment Rate.xlsx,87.312,87.332,86.127,86.607,60,16924.1,16933.4,16908.6,16930.4,2,1273.3,1277.0,1271.3,1274.6,2,1.05293,1.05448,1.05127,1.05353,44599,1.22611,1.22974,1.22469,1.22812,13421,34340.207,34358.297,34310.049,34349.099,60,4070.78,4075.126,4067.366,4074.082,60,12000.299,12025.399,11993.519,12024.469,60,1.34312,1.34522,1.34254,1.34356,11469,0.93521,0.93653,0.93354,0.9349,17098,134.641,134.802,133.618,133.764,31836,22.764,22.777,22.682,22.689,102,1801.527,1802.898,1798.777,1801.838,60
2022-11-04,08:30:00,3.7,3.6,3.5,Unemployment Rate.xlsx,96.577,96.782,96.177,96.527,56,20572.8,20613.9,20554.7,20562.4,2,1584.7,1585.7,1578.0,1578.0,3,0.97638,0.97834,0.97638,0.97734,26727,1.12006,1.1229,1.12006,1.12214,7344,32038.547,32109.297,32026.009,32073.299,56,3726.116,3736.616,3724.36,3731.625,56,10717.199,10748.709,10710.149,10732.619,56,1.36689,1.36695,1.36376,1.36541,15199,1.01137,1.01138,1.00944,1.01081,12038,147.884,147.886,147.534,147.738,45623,19.726,19.847,19.725,19.774,68,1644.828,1649.518,1644.748,1647.467,56
2022-10-07,08:30:00,3.5,3.7,3.7,Unemployment Rate.xlsx,94.762,94.972,94.469,94.787,60,19894.9,19979.9,19887.0,19940.6,2,1353.5,1357.3,1352.5,1353.5,3,0.97985,0.98167,0.97932,0.98015,40311,1.11671,1.12185,1.11601,1.11923,17539,29886.579,29944.587,29857.509,29940.799,60,3732.729,3739.546,3728.13,3739.239,60,11427.107,11444.699,11407.409,11441.589,60,1.37386,1.37429,1.37148,1.37239,15235,0.98988,0.99045,0.98779,0.99043,15873,144.913,144.913,144.715,144.824,15683,20.718,20.786,20.693,20.735,63,1710.782,1713.704,1709.348,1712.188,60
2022-09-02,08:30:00,3.7,3.5,3.5,Unemployment Rate.xlsx,94.237,95.152,93.912,95.067,60,20073.7,20097.0,20032.8,20059.1,2,1591.6,1595.2,1582.3,1587.6,2,0.99882,0.99898,0.99714,0.99726,22038,1.15571,1.1563,1.15506,1.15547,6027,31586.297,31690.099,31583.559,31678.009,60,3959.934,3973.499,3959.442,3971.451,60,12263.279,12302.909,12261.229,12292.969,60,1.31463,1.31471,1.31329,1.31382,6014,0.97913,0.98036,0.97907,0.97993,6875,140.243,140.334,140.24,140.329,10826,17.946,17.966,17.908,17.938,63,1703.588,1704.548,1702.004,1704.434,60
2022-08-05,08:30:00,3.5,3.6,3.6,Unemployment Rate.xlsx,94.932,94.937,94.159,94.477,60,23151.4,23215.9,23066.6,23110.2,2,1660.3,1665.5,1649.6,1654.8,4,1.02334,1.02375,1.0218,1.02235,15682,1.21547,1.21563,1.21376,1.2144,7460,32793.559,32793.559,32735.499,32753.099,60,4156.842,4157.897,4148.045,4150.548,60,13332.529,13337.197,13290.889,13302.219,60,1.28673,1.2887,1.2867,1.28818,6353,0.95609,0.95732,0.95546,0.95566,8266,133.301,133.317,133.048,133.079,20072,20.169,20.177,20.078,20.088,60,1790.417,1790.667,1785.324,1787.337,60
2022-07-08,08:30:00,3.6,3.6,3.6,Unemployment Rate.xlsx,104.402,104.837,103.892,104.222,60,21750.8,21767.2,21383.7,21386.5,2,1237.9,1241.3,1213.5,1214.1,4,1.01082,1.01195,1.00864,1.01134,11703,1.19431,1.19536,1.19191,1.19346,10844,31312.797,31347.299,31255.049,31270.519,60,3890.334,3894.852,3883.039,3884.854,60,12066.017,12079.097,12040.899,12043.719,60,1.30062,1.30165,1.30031,1.30163,5241,0.97756,0.97843,0.97637,0.97701,11402,135.834,135.868,135.515,135.731,15167,19.093,19.204,19.074,19.121,68,1736.419,1743.248,1734.834,1737.738,60
2022-06-03,08:30:00,3.6,3.5,3.6,Unemployment Rate.xlsx,116.392,117.287,116.002,116.782,60,30371.5,30444.1,30319.1,30362.7,2,1809.2,1816.8,1802.0,1805.6,2,1.07562,1.07624,1.07494,1.07532,6278,1.25741,1.25815,1.2571,1.25739,3682,33189.997,33226.297,33149.299,33172.519,60,4165.833,4170.551,4161.533,4165.748,60,12824.087,12844.389,12806.209,12835.629,60,1.25664,1.25732,1.25558,1.25615,4288,0.95623,0.95833,0.95616,0.95821,4135,129.879,129.986,129.865,129.969,4436,22.291,22.382,22.274,22.352,60,1864.514,1866.338,1864.243,1864.748,60
2022-05-06,08:30:00,3.6,3.5,3.6,Unemployment Rate.xlsx,111.244,112.887,110.989,112.622,60,36338.5,36459.0,36138.2,36172.0,2,2726.6,2740.4,2713.7,2715.3,6,1.05212,1.05809,1.05123,1.05573,43736,1.23128,1.23572,1.23048,1.23399,16734,32909.569,33019.569,32870.519,32904.039,60,4135.248,4150.199,4128.948,4132.151,60,12815.199,12865.007,12787.019,12789.639,60,1.28531,1.28566,1.28234,1.28435,13333,0.98603,0.98668,0.9831,0.98453,12166,130.519,130.572,130.396,130.442,22782,22.35,22.481,22.296,22.461,87,1874.013,1881.698,1873.008,1881.668,60
2022-04-01,08:30:00,3.6,3.7,3.8,Unemployment Rate.xlsx,103.524,104.474,103.486,104.464,60,45030.9,45368.3,45030.9,45099.0,2,3276.4,3292.1,3275.5,3277.0,2,1.10524,1.10741,1.10483,1.10605,16256,1.31229,1.31295,1.31151,1.31287,6543,34840.037,34868.099,34831.799,34862.559,60,4552.343,4556.199,4551.048,4555.199,60,14928.607,14938.419,14914.399,14924.629,60,1.25118,1.25149,1.24986,1.24992,5351,0.9239,0.92438,0.92347,0.92388,6215,122.629,122.763,122.479,122.569,14408,24.658,24.714,24.628,24.678,76,1930.593,1932.738,1929.56,1932.003,60
2022-03-04,09:30:00,3.8,3.9,4.0,Unemployment Rate.xlsx,110.414,111.727,110.112,111.354,60,41628.9,41818.5,41349.8,41557.8,2,2740.5,2745.3,2714.4,2726.4,3,1.10118,1.10242,1.10118,1.1014,6051,1.33098,1.33191,1.3303,1.33042,5905,33557.009,33588.569,33454.029,33509.999,60,4333.542,4336.545,4318.551,4326.951,60,13954.629,13955.409,13887.829,13914.559,60,1.27089,1.27315,1.27058,1.27304,7344,0.91868,0.91903,0.91787,0.91882,5589,115.392,115.421,115.321,115.415,8183,25.121,25.248,25.113,25.227,81,1938.579,1946.088,1938.108,1945.668,60
2022-02-04,09:30:00,4.0,3.9,3.9,Unemployment Rate.xlsx,92.317,92.642,92.019,92.292,60,37923.5,38074.5,37869.6,38020.5,2,2832.7,2853.2,2821.4,2844.7,2,1.146,1.14654,1.14494,1.14632,6049,1.3572,1.35806,1.35668,1.35687,6918,35204.579,35237.299,35174.999,35186.059,60,4515.236,4518.949,4506.433,4508.639,60,14741.299,14755.089,14692.639,14697.839,60,1.27065,1.27142,1.27036,1.27118,8232,0.92199,0.92266,0.92078,0.92119,8537,115.082,115.095,114.908,114.943,7157,22.497,22.563,22.473,22.541,64,1808.475,1811.799,1808.285,1810.905,60
2022-01-07,09:30:00,3.9,4.1,4.2,Unemployment Rate.xlsx,82.522,82.801,82.412,82.682,60,42019.3,42544.8,42006.4,42366.0,2,3226.4,3270.6,3224.3,3245.9,3,1.13122,1.13174,1.13094,1.13146,4705,1.35478,1.35565,1.35432,1.35546,3171,36244.077,36303.049,36230.579,36276.539,60,4690.542,4705.299,4688.533,4700.539,60,15692.329,15784.289,15688.329,15756.929,60,1.27213,1.27273,1.27121,1.27133,4268,0.92047,0.92146,0.92015,0.92122,2923,115.786,115.861,115.778,115.844,4797,22.158,22.22,22.128,22.198,60,1790.398,1793.758,1788.378,1792.968,60
2021-12-03,09:30:00,4.2,4.5,4.6,Unemployment Rate.xlsx,71.537,71.972,71.379,71.597,60,56544.4,56812.7,56408.2,56791.4,2,4559.3,4581.6,4548.6,4577.6,2,1.12908,1.12979,1.12855,1.12974,4033,1.32749,1.32898,1.32678,1.32858,6653,34657.049,34687.299,34622.089,34635.069,60,4574.434,4580.543,4570.839,4572.851,60,15955.787,15985.989,15937.779,15949.229,60,1.28275,1.28359,1.28217,1.28247,3816,0.92107,0.92155,0.92051,0.92056,3540,113.364,113.385,113.31,113.314,5271,22.332,22.337,22.269,22.315,60,1769.648,1769.705,1766.02,1768.868,60
2021-11-05,08:30:00,4.6,4.7,4.8,Unemployment Rate.xlsx,80.597,81.412,80.592,80.977,60,62117.9,62174.4,61941.3,62168.8,2,4528.5,4540.6,4517.4,4539.4,2,1.15604,1.15613,1.15472,1.15491,6045,1.35044,1.35047,1.34493,1.34506,5753,36091.569,36130.559,36086.019,36105.069,60,4677.939,4683.999,4677.933,4681.736,59,16326.629,16362.689,16326.159,16358.799,60,1.24583,1.24686,1.24555,1.24668,3763,0.91344,0.91384,0.91267,0.91348,5057,113.76,113.838,113.731,113.776,7927,23.832,23.931,23.795,23.828,61,1796.444,1800.024,1794.794,1796.228,60
2021-10-08,08:30:00,4.8,5.1,5.2,Unemployment Rate.xlsx,83.087,83.317,82.999,83.247,59,54766.1,56031.7,54722.8,55760.4,2,3599.7,3666.4,3594.9,3659.2,2,1.15476,1.15563,1.15432,1.15535,3385,1.35918,1.36053,1.35864,1.35995,2738,34793.579,34808.099,34721.009,34727.299,60,4400.036,4402.099,4391.036,4392.239,60,14872.229,14879.089,14847.939,14853.419,60,1.2545,1.25541,1.25426,1.25456,3838,0.9298,0.93054,0.92977,0.93025,3164,111.955,111.998,111.934,111.959,5202,22.5,22.503,22.454,22.471,60,1756.248,1756.408,1754.838,1755.668,60
2021-09-03,08:30:00,5.2,5.2,5.4,Unemployment Rate.xlsx,73.092,73.332,72.892,73.167,60,49259.3,49975.7,49227.2,49950.7,2,3793.7,3894.0,3787.6,3889.3,2,1.18746,1.18826,1.18736,1.18746,3145,1.38252,1.38408,1.38242,1.38346,3132,35490.797,35502.597,35482.529,35488.999,60,4545.099,4545.599,4543.536,4543.745,55,15621.817,15627.789,15609.029,15609.519,60,1.25448,1.25468,1.25329,1.25411,3651,0.9142,0.9143,0.91344,0.9141,1664,110.028,110.034,109.94,109.971,2520,23.937,24.01,23.934,23.96,60,1811.147,1812.957,1811.027,1811.465,60
2021-08-06,08:30:00,5.4,5.7,5.9,Unemployment Rate.xlsx,71.602,71.882,71.492,71.677,60,40705.0,41082.6,40524.8,40921.7,2,2767.0,2779.9,2756.2,2775.8,2,1.18242,1.18245,1.18074,1.18109,3023,1.39206,1.39275,1.39123,1.39176,2660,35036.029,35074.589,35020.539,35068.499,60,4425.743,4430.299,4424.233,4429.439,54,15155.729,15167.909,15149.789,15164.539,60,1.25033,1.25115,1.25015,1.25101,2711,0.90721,0.90824,0.90691,0.90795,2640,109.721,109.787,109.712,109.781,2990,25.148,25.148,25.095,25.107,70,1799.928,1800.608,1798.828,1799.658,60
2021-07-02,08:30:00,5.9,5.7,5.8,Unemployment Rate.xlsx,75.778,75.893,75.453,75.843,60,33321.7,33559.6,33204.2,33335.8,2,2059.3,2078.3,2050.2,2058.2,3,1.18244,1.18333,1.18238,1.18277,6358,1.37599,1.37669,1.37535,1.37548,5414,34668.039,34677.039,34603.009,34611.539,60,4324.639,4325.699,4318.336,4319.654,60,14581.039,14586.299,14562.829,14569.379,60,1.24398,1.24408,1.24233,1.24356,2680,0.92726,0.92726,0.92573,0.92604,3915,111.571,111.585,111.407,111.47,5325,26.03,26.153,26.02,26.078,73,1777.865,1784.128,1777.598,1781.878,60
2021-06-04,08:30:00,5.8,5.9,6.1,Unemployment Rate.xlsx,71.473,71.733,71.473,71.648,60,36575.6,36792.7,36255.5,36682.7,2,2617.9,2641.2,2589.4,2622.0,4,1.2113,1.21169,1.21094,1.21118,3775,1.41146,1.41317,1.41108,1.41269,6391,34564.019,34582.999,34530.499,34545.099,60,4193.099,4196.748,4190.033,4191.533,60,13527.137,13547.609,13520.579,13526.229,60,1.2121,1.21276,1.21164,1.21237,2098,0.90501,0.90534,0.90421,0.90435,2769,110.181,110.204,110.134,110.141,2911,27.36,27.4,27.327,27.382,62,1871.085,1871.388,1868.188,1869.465,60
2021-05-07,08:30:00,6.1,5.8,6.0,Unemployment Rate.xlsx,68.118,68.133,67.843,68.073,60,55767.4,56139.3,55573.7,56083.1,2,3435.2,3442.8,3409.1,3435.2,7,1.20768,1.20905,1.2074,1.20874,4595,1.39222,1.39283,1.39161,1.39244,4594,34538.529,34573.799,34534.009,34570.009,60,4201.651,4206.639,4201.133,4206.342,60,13610.827,13633.589,13605.899,13629.319,60,1.21825,1.21878,1.21764,1.21766,2488,0.9083,0.90842,0.90684,0.90741,4400,109.146,109.194,109.091,109.129,4106,27.29,27.385,27.272,27.317,66,1819.008,1823.048,1818.508,1820.628,60
2021-04-02,08:30:00,6.0,6.0,6.2,Unemployment Rate.xlsx,,,,,,59438.1,59600.0,59385.6,59443.0,2,1993.3,2002.9,1988.9,1989.0,4,1.17775,1.17866,1.17743,1.1782,2163,1.38371,1.38415,1.38342,1.38352,1114,33184.997,33206.799,33176.569,33206.799,53,4030.033,4032.152,4028.136,4032.139,38,13373.757,13378.499,13366.739,13378.409,60,1.25562,1.25635,1.25545,1.25632,977,0.94135,0.9416,0.94079,0.94095,1442,110.545,110.555,110.373,110.388,2452,,,,,,,,,,
2021-03-05,09:30:00,6.2,6.3,6.3,Unemployment Rate.xlsx,67.843,68.378,67.773,68.358,60,46582.1,47099.1,46502.0,47007.9,2,1453.7,1470.3,1451.3,1468.6,3,1.19267,1.19383,1.19207,1.19276,16631,1.38391,1.38452,1.38118,1.38193,9437,30818.049,30839.299,30740.029,30826.019,60,3755.699,3760.499,3746.933,3754.699,60,12415.669,12445.909,12381.159,12388.019,60,1.2692,1.27076,1.26824,1.26998,6555,0.92996,0.93008,0.92875,0.92927,6487,108.424,108.522,108.393,108.454,8211,25.246,25.327,25.166,25.191,114,1693.745,1695.885,1691.055,1694.474,60
2021-02-05,09:30:00,6.3,6.7,6.7,Unemployment Rate.xlsx,59.473,59.723,59.473,59.538,60,37729.3,37781.6,37241.4,37273.1,2,1668.1,1677.1,1651.2,1652.4,4,1.19842,1.19878,1.19763,1.19767,6536,1.37012,1.3712,1.369,1.36902,3917,31121.537,31188.299,31105.549,31163.999,60,3881.14,3887.699,3878.346,3884.748,60,13597.709,13604.789,13574.659,13594.259,60,1.27915,1.27964,1.27853,1.27946,3068,0.90211,0.90295,0.90191,0.90288,2805,105.342,105.476,105.334,105.471,2334,26.647,26.686,26.536,26.602,65,1808.325,1808.818,1803.895,1807.655,60
2021-01-08,09:30:00,6.7,6.8,6.7,Unemployment Rate.xlsx,54.793,54.893,54.633,54.693,59,38661.3,39359.3,38240.9,39349.6,2,1199.0,1220.5,1186.6,1220.1,6,1.22237,1.22407,1.22174,1.22399,12807,1.35807,1.3602,1.35722,1.36003,8782,31152.539,31154.099,31080.999,31147.549,60,3814.64,3815.149,3806.333,3814.854,60,12980.409,12988.809,12956.719,12987.609,60,1.26938,1.26984,1.26754,1.26763,5321,0.88727,0.88761,0.88569,0.88584,5634,103.971,103.999,103.797,103.809,6813,26.477,26.564,26.351,26.54,74,1888.905,1892.745,1886.298,1891.685,60
2020-12-04,09:30:00,6.7,6.8,6.9,Unemployment Rate.xlsx,49.759,49.764,49.409,49.544,60,19387.2,19402.1,19312.8,19357.5,2,609.7,610.5,606.1,607.5,2,1.21604,1.21731,1.21596,1.21667,30661,1.34192,1.34937,1.34183,1.34814,24132,30031.029,30108.567,30023.549,30077.579,60,3676.331,3680.899,3675.542,3677.054,58,12506.707,12511.589,12498.629,12500.879,60,1.2861,1.28654,1.28504,1.28553,4158,0.89091,0.89169,0.89055,0.89145,4388,104.014,104.044,103.926,103.957,9274,24.188,24.317,24.159,24.267,64,1840.428,1843.628,1839.458,1842.098,60
2020-11-06,09:30:00,6.9,7.7,7.9,Unemployment Rate.xlsx,40.35,40.445,40.11,40.145,60,15475.6,15541.0,15286.5,15405.9,2,429.1,432.9,424.8,431.1,2,1.18431,1.18535,1.18256,1.18531,29155,1.31259,1.31415,1.31002,1.31407,42124,28252.578,28252.578,28099.019,28121.579,60,3486.451,3487.442,3466.936,3468.848,60,11957.408,11969.588,11904.819,11909.338,60,1.30757,1.3088,1.30658,1.30711,5785,0.90207,0.90338,0.90134,0.90152,5708,103.488,103.57,103.36,103.381,10967,25.292,25.347,25.176,25.285,106,1945.298,1948.928,1943.805,1948.215,60
2020-10-02,08:30:00,7.9,8.2,8.4,Unemployment Rate.xlsx,39.685,39.855,39.585,39.665,60,10474.3,10474.5,10416.3,10433.3,2,340.7,341.7,335.5,337.0,2,1.17229,1.17315,1.17114,1.17135,87297,1.29149,1.29537,1.28939,1.29457,28601,27488.0,27523.01,27443.02,27500.04,60,3338.449,3342.855,3331.94,3339.634,60,11391.59,11413.19,11366.23,11392.31,60,1.33018,1.33134,1.32965,1.33121,6162,0.91998,0.9214,0.91986,0.9212,5927,105.173,105.224,105.132,105.203,7728,23.934,23.954,23.818,23.828,63,1909.525,1912.578,1905.085,1905.938,60
2020-09-04,08:30:00,8.4,9.8,10.2,Unemployment Rate.xlsx,44.18,44.405,44.12,44.355,60,10288.9,10429.6,10286.5,10414.7,2,384.7,396.7,384.6,395.2,2,1.18399,1.18654,1.18387,1.18591,39399,1.32924,1.33148,1.32887,1.33099,16555,28452.1,28550.3,28440.01,28521.01,60,3469.84,3478.855,3466.843,3476.037,60,11772.33,11789.3,11733.14,11770.74,60,1.31072,1.31084,1.30901,1.30929,4942,0.91043,0.9117,0.90945,0.90962,4389,106.169,106.247,106.151,106.206,7726,26.733,26.864,26.67,26.857,60,1935.635,1939.848,1933.358,1939.748,60
2020-08-07,08:30:00,10.2,10.5,11.1,Unemployment Rate.xlsx,45.095,45.095,44.715,44.796,60,11733.9,11786.1,11690.1,11778.9,2,392.6,394.9,390.9,394.1,2,1.18403,1.18403,1.1821,1.18326,19610,1.31025,1.31102,1.30857,1.31044,15633,27328.03,27343.04,27247.03,27264.03,60,3345.74,3346.8,3336.246,3338.243,59,11242.9,11247.0,11210.42,11223.99,60,1.33399,1.33557,1.33399,1.3352,5225,0.91232,0.91398,0.91231,0.91295,5695,105.598,105.685,105.572,105.596,8345,28.419,28.443,28.184,28.369,69,2064.425,2064.485,2058.368,2060.508,60
2020-07-02,08:30:00,11.1,12.3,13.3,Unemployment Rate.xlsx,42.49,42.625,42.185,42.215,60,9158.1,9162.5,9120.3,9154.1,28,227.0,227.7,226.3,227.4,3,1.12807,1.13026,1.12753,1.12972,12129,1.2503,1.25238,1.24957,1.25228,11153,25905.3,26001.05,25899.04,25936.0,60,3132.552,3140.6,3130.543,3134.355,60,10328.9,10346.85,10323.85,10333.91,60,1.35802,1.35875,1.35752,1.35839,3836,0.94436,0.94453,0.94262,0.94293,3442,107.481,107.484,107.349,107.372,7030,17.904,17.971,17.873,17.902,166,1768.985,1772.398,1768.725,1772.188,60
2020-06-05,08:30:00,13.3,19.7,14.7,Unemployment Rate.xlsx,40.835,40.995,40.56,40.91,60,9719.2,9800.9,9617.0,9780.1,42,242.2,246.4,240.0,244.9,15,1.13485,1.13559,1.13262,1.13323,15403,1.26689,1.26747,1.26215,1.26369,19059,26642.07,26659.3,26567.5,26601.09,60,3146.434,3147.0,3136.455,3140.452,60,9700.74,9701.7,9663.12,9676.16,60,1.34653,1.34911,1.34601,1.34787,5986,0.95705,0.95785,0.95602,0.95766,6531,109.372,109.413,109.169,109.243,12350,17.685,17.731,17.664,17.729,190,1709.405,1713.248,1707.135,1711.125,60
2020-05-08,08:30:00,14.7,16.0,4.4,Unemployment Rate.xlsx,30.235,30.46,29.62,29.89,60,9770.2,9857.5,9768.2,9812.1,51,208.1,209.3,208.0,208.1,8,1.08246,1.08349,1.08193,1.08343,8889,1.23853,1.2395,1.23791,1.2394,5293,24152.09,24161.52,24104.8,24160.08,60,2912.837,2914.2,2908.137,2914.0,60,9192.89,9194.09,9175.2,9193.06,60,1.39461,1.39596,1.39459,1.39494,2990,0.97273,0.97301,0.97164,0.97164,3997,106.37,106.376,106.299,106.355,4699,15.463,15.55,15.446,15.522,166,1719.428,1721.268,1716.368,1719.648,60
2020-04-03,08:30:00,4.4,3.8,3.5,Unemployment Rate.xlsx,31.395,31.685,30.67,31.115,60,6888.7,6932.3,6826.7,6878.1,65,143.5,144.3,141.7,142.7,8,1.07902,1.08064,1.07871,1.07981,17114,1.23405,1.23448,1.22826,1.23004,28673,21203.24,21239.77,21080.8,21136.79,60,2504.446,2508.749,2489.24,2496.646,60,7574.9,7589.66,7527.05,7550.28,60,1.41638,1.41782,1.41318,1.41547,9808,0.97736,0.97763,0.97616,0.97693,9323,108.221,108.287,108.123,108.262,8971,14.463,14.463,14.3,14.358,95,1614.978,1617.455,1607.818,1611.415,60
2020-03-06,09:30:00,3.5,3.6,3.6,Unemployment Rate.xlsx,49.171,49.271,48.636,48.636,60,9069.9,9080.9,9056.8,9070.6,40,235.3,235.7,234.5,235.1,8,1.12723,1.12952,1.1268,1.12939,15400,1.29706,1.2998,1.29669,1.29882,16826,25836.31,25913.1,25586.81,25587.88,60,2985.9,2995.452,2956.652,2956.952,60,8557.69,8583.18,8466.66,8466.78,60,1.33868,1.34066,1.33824,1.34024,9766,0.94078,0.94176,0.93872,0.93881,13197,105.762,105.821,105.116,105.171,19452,17.355,17.417,17.32,17.38,233,1677.998,1685.898,1676.388,1684.338,60
2020-02-07,09:30:00,3.6,3.5,3.5,Unemployment Rate.xlsx,55.005,55.386,54.906,55.035,60,9695.8,9733.7,9694.4,9723.3,31,215.9,217.7,215.6,217.0,6,1.09582,1.09646,1.09534,1.09543,7055,1.29257,1.29351,1.29236,1.29291,7670,29336.85,29345.9,29275.1,29283.85,60,3343.043,3344.1,3335.543,3336.3,60,9433.3,9436.99,9406.75,9409.47,60,1.33078,1.33112,1.33034,1.33099,3578,0.97589,0.97658,0.97551,0.97589,4862,109.94,109.95,109.78,109.783,4408,17.764,17.812,17.752,17.792,177,1565.105,1568.468,1564.258,1568.035,60
2020-01-10,09:30:00,3.5,3.5,3.5,Unemployment Rate.xlsx,65.255,65.316,65.025,65.215,60,7642.2,7687.2,7632.5,7660.1,25,134.3,134.7,134.1,134.3,2,1.10994,1.11,1.10912,1.10963,9399,1.30665,1.30884,1.30509,1.30675,14098,29007.9,29022.88,28996.82,29021.86,60,3279.94,3282.452,3279.234,3282.452,51,9012.69,9023.1,9011.19,9022.68,60,1.30706,1.30744,1.30683,1.307,2886,0.97425,0.97481,0.97411,0.9746,2684,109.576,109.649,109.566,109.64,3306,17.922,17.934,17.892,17.904,169,1550.995,1551.275,1547.735,1548.245,60
2019-12-06,09:30:00,3.5,3.6,3.6,Unemployment Rate.xlsx,63.276,63.546,63.245,63.485,60,7296.3,7391.3,7265.8,7335.3,24,143.3,144.5,142.2,143.1,4,1.11074,1.11089,1.10951,1.10966,6019,1.31341,1.31362,1.3111,1.31241,6732,27733.569,27750.07,27729.069,27742.07,60,3124.47,3125.97,3123.47,3124.97,54,8332.26,8338.87,8330.27,8335.76,60,1.31726,1.31768,1.31712,1.31747,2094,0.98697,0.98811,0.98691,0.98797,2158,108.601,108.646,108.575,108.605,3790,16.912,16.922,16.89,16.916,104,1474.725,1475.388,1473.445,1474.735,60
2019-11-01,08:30:00,3.6,3.6,3.5,Unemployment Rate.xlsx,59.421,59.721,59.385,59.705,60,9059.8,9130.4,9059.3,9098.1,34,177.5,180.0,176.6,179.4,5,1.11636,1.11688,1.11552,1.11605,7739,1.29694,1.29723,1.29562,1.29581,8067,27094.07,27112.57,27078.07,27089.07,60,3043.869,3045.87,3041.67,3043.17,59,8105.57,8110.66,8097.67,8103.059,60,1.3148,1.31514,1.31407,1.31502,4129,0.98601,0.98625,0.98571,0.9858,3007,107.956,108.015,107.928,107.999,5880,18.13,18.144,18.099,18.112,152,1512.418,1514.708,1511.798,1512.658,60
2019-10-04,08:30:00,3.5,3.7,3.7,Unemployment Rate.xlsx,58.161,58.251,57.895,58.191,60,8084.3,8084.7,8037.4,8041.7,9,171.4,171.5,168.3,168.7,3,1.09717,1.09761,1.09682,1.09735,8806,1.23304,1.23427,1.23258,1.23289,8431,26185.569,26206.07,26157.57,26169.57,60,2908.369,2910.07,2903.87,2905.37,60,7639.369,7645.869,7624.06,7630.47,60,1.33258,1.33266,1.33223,1.33261,5015,0.99804,0.99806,0.99669,0.9969,3484,106.77,106.801,106.757,106.785,6176,17.574,17.596,17.564,17.569,115,1508.365,1509.238,1507.655,1508.678,60
2019-09-06,08:30:00,3.7,3.7,3.7,Unemployment Rate.xlsx,60.805,61.005,60.735,60.955,60,10694.8,10741.5,10651.2,10675.0,31,171.3,173.3,171.1,172.3,4,1.10466,1.10481,1.10368,1.10371,9413,1.23087,1.23124,1.22853,1.22978,11643,26761.569,26762.569,26742.569,26755.07,60,2978.769,2978.77,2976.769,2978.069,54,7865.37,7867.27,7859.77,7864.87,60,1.32003,1.3206,1.31995,1.3204,3563,0.98769,0.98895,0.98768,0.98888,5013,106.982,107.046,106.972,107.04,7847,18.318,18.344,18.239,18.274,300,1509.555,1510.168,1506.185,1508.185,60
2019-08-02,08:30:00,3.7,3.7,3.7,Unemployment Rate.xlsx,61.616,62.021,61.566,61.926,60,10485.6,10485.7,10436.1,10457.3,28,217.4,218.8,215.3,216.1,4,1.11133,1.11134,1.10948,1.1096,26245,1.21305,1.21353,1.21146,1.21172,12980,26488.569,26520.07,26459.57,26480.57,60,2937.97,2941.97,2934.669,2937.97,60,7741.26,7751.57,7726.459,7736.57,60,1.3217,1.32274,1.32139,1.32243,9709,0.98545,0.98662,0.98543,0.98642,10333,106.914,106.974,106.86,106.931,17708,16.148,16.17,16.108,16.133,245,1439.098,1439.298,1434.968,1436.418,60
2019-07-05,08:30:00,3.7,3.6,3.6,Unemployment Rate.xlsx,62.976,63.381,62.9,63.235,60,10916.4,10916.6,10806.6,10837.8,19,281.3,282.5,279.3,282.1,7,1.12675,1.12681,1.12612,1.12621,16033,1.25601,1.25624,1.25493,1.25551,9200,26953.07,26955.57,26917.07,26920.57,60,2995.07,2995.07,2989.87,2990.07,53,7863.67,7864.36,7844.96,7845.659,60,1.30639,1.30674,1.30604,1.30667,3165,0.98701,0.9876,0.98685,0.98751,4193,108.051,108.069,107.986,108.021,7167,15.194,15.242,15.177,15.234,152,1413.565,1414.975,1412.538,1414.028,60
2019-06-07,08:30:00,3.6,3.6,3.6,Unemployment Rate.xlsx,63.066,63.066,62.525,62.651,60,7891.0,7977.1,7890.5,7919.0,8,244.3,246.1,243.6,244.9,2,1.12626,1.12682,1.12573,1.12651,18465,1.27093,1.27171,1.2703,1.27162,8727,25786.57,25823.07,25783.57,25807.069,60,2849.87,2854.169,2849.87,2852.369,55,7286.46,7306.26,7286.07,7301.47,60,1.33466,1.33574,1.33466,1.33566,3738,0.99345,0.99407,0.99328,0.99384,3946,108.466,108.507,108.458,108.5,5920,14.928,14.947,14.918,14.929,92,1335.348,1336.068,1334.978,1335.838,60
2019-05-03,08:30:00,3.6,3.8,3.8,Unemployment Rate.xlsx,70.215,70.335,69.935,70.055,60,5526.4,5665.5,5497.4,5617.5,10,156.1,157.0,155.4,156.2,2,1.1168,1.1168,1.11608,1.11649,16546,1.30224,1.30274,1.3016,1.30178,7240,26352.07,26378.07,26352.069,26369.07,60,2924.569,2927.07,2924.569,2925.77,51,7757.57,7764.87,7757.369,7759.87,60,1.34663,1.34668,1.34586,1.34587,4611,1.0199,1.0204,1.01962,1.02005,3600,111.476,111.518,111.475,111.498,4390,14.627,14.631,14.613,14.627,81,1270.365,1270.655,1269.335,1270.185,60
2019-04-05,08:30:00,3.8,3.8,3.8,Unemployment Rate.xlsx,69.071,69.281,68.895,69.225,60,4879.9,4915.5,4879.9,4910.5,2,158.1,160.4,157.8,159.9,2,1.12292,1.12311,1.12247,1.123,20905,1.30948,1.30988,1.30813,1.30813,16444,26418.07,26433.07,26412.569,26418.069,60,2882.97,2884.869,2882.669,2882.869,50,7550.459,7557.969,7547.659,7549.259,60,1.33511,1.33632,1.33496,1.33566,3966,0.99975,1.00026,0.9996,0.99992,4213,111.671,111.721,111.669,111.684,4603,15.161,15.172,15.14,15.151,122,1290.218,1290.308,1288.498,1288.715,60
2019-03-08,09:30:00,3.8,3.9,4.0,Unemployment Rate.xlsx,65.396,65.656,65.125,65.286,60,3801.9,3809.1,3796.7,3807.5,10,131.1,131.1,129.9,131.0,2,1.12082,1.12155,1.12058,1.12126,21009,1.30937,1.31018,1.30859,1.30873,15012,25373.07,25411.57,25368.569,25373.569,60,2738.169,2741.97,2737.669,2738.169,58,6982.96,6994.37,6981.36,6983.66,60,1.34582,1.34591,1.34503,1.34557,6321,1.00947,1.00997,1.00925,1.00992,6093,111.019,111.121,111.0,111.099,7046,15.127,15.141,15.116,15.119,97,1294.245,1295.725,1293.688,1294.088,60
2019-02-01,09:30:00,4.0,3.9,3.9,Unemployment Rate.xlsx,60.625,60.766,60.425,60.635,60,3337.2,3339.4,3333.0,3335.5,2,100.4,100.9,99.5,100.3,2,1.14482,1.14675,1.14453,1.14665,31647,1.31034,1.31089,1.30452,1.30457,17947,25048.569,25069.07,25040.069,25050.07,60,2704.87,2706.87,2703.869,2704.87,60,6883.16,6887.17,6876.16,6880.36,60,1.315,1.31511,1.31412,1.31442,3895,0.99403,0.99414,0.99273,0.99287,9271,108.935,108.935,108.87,108.915,8445,15.92,15.943,15.91,15.936,114,1318.595,1319.725,1318.488,1319.325,60
2019-01-04,09:30:00,3.9,3.7,3.7,Unemployment Rate.xlsx,56.861,57.146,56.696,57.031,60,3732.3,3737.3,3717.4,3724.1,2,147.1,147.4,145.4,146.1,2,1.14081,1.14189,1.14024,1.14032,20925,1.2669,1.26819,1.26683,1.26718,15410,22897.57,22984.57,22873.569,22938.569,60,2473.069,2483.07,2469.57,2477.77,60,6230.76,6264.269,6221.86,6246.26,60,1.34354,1.34459,1.34304,1.34451,5250,0.98601,0.98702,0.98528,0.987,6761,108.035,108.039,107.865,108.031,12122,15.685,15.724,15.656,15.678,277,1291.725,1292.508,1289.328,1290.075,60
2018-12-07,09:30:00,3.7,3.7,3.7,Unemployment Rate.xlsx,60.155,60.155,59.085,59.921,60,3298.5,3323.8,3278.1,3297.3,2,79.3,80.5,78.6,79.4,2,1.13774,1.13797,1.1363,1.1366,11429,1.27476,1.27602,1.27339,1.27569,6691,24766.569,24834.07,24739.07,24817.569,60,2676.669,2683.37,2673.87,2682.17,60,6784.269,6805.47,6775.56,6799.269,60,1.33902,1.33973,1.33879,1.33925,3808,0.99284,0.99413,0.99257,0.99393,3240,112.826,112.852,112.786,112.844,6476,14.505,14.523,14.487,14.512,133,1239.985,1240.128,1239.258,1240.048,60
2018-11-02,08:30:00,3.7,3.7,3.7,Unemployment Rate.xlsx,72.746,72.96,72.495,72.735,60,6289.8,6290.0,6281.8,6282.3,2,193.3,193.3,193.0,193.0,2,1.14372,1.1443,1.143,1.14302,12955,1.30269,1.30386,1.30222,1.30244,9090,25606.57,25623.57,25569.57,25583.57,60,2761.969,2763.97,2758.17,2759.47,60,7102.969,7117.77,7087.06,7093.26,60,1.30543,1.30597,1.30495,1.30544,4957,1.0007,1.00105,1.0001,1.00043,5296,112.967,112.967,112.874,112.883,7271,14.752,14.796,14.736,14.743,257,1233.825,1235.808,1233.355,1233.545,60
2018-10-05,08:30:00,3.7,3.8,3.9,Unemployment Rate.xlsx,84.815,84.846,84.3,84.43,60,6500.0,6510.3,6484.8,6499.2,2,219.1,220.2,218.5,219.0,2,1.15074,1.15083,1.14913,1.1492,12374,1.30413,1.30436,1.30242,1.30325,9396,26611.07,26616.07,26582.069,26606.07,60,2900.369,2900.37,2896.669,2898.87,60,7471.37,7472.759,7456.469,7466.459,60,1.29338,1.29406,1.29331,1.29349,3140,0.99382,0.99417,0.99332,0.99399,7052,113.835,113.86,113.803,113.843,4577,14.556,14.567,14.539,14.557,100,1199.208,1199.629,1198.318,1199.091,60
2018-09-07,08:30:00,3.9,3.8,3.9,Unemployment Rate.xlsx,76.726,76.786,76.335,76.345,60,6426.9,6427.4,6377.3,6390.6,2,223.3,223.4,220.2,221.5,2,1.16456,1.16482,1.16403,1.16441,10455,1.29435,1.29437,1.29317,1.29419,5830,25981.07,25981.07,25949.07,25952.57,60,2876.67,2876.67,2873.37,2873.869,57,7447.36,7447.36,7436.86,7438.559,60,1.31326,1.31372,1.31296,1.31346,2456,0.96541,0.96553,0.96492,0.96502,4914,110.743,110.777,110.675,110.721,4787,14.123,14.163,14.11,14.134,150,1199.768,1201.778,1199.458,1200.828,60
2018-08-03,08:30:00,3.9,3.9,4.0,Unemployment Rate.xlsx,73.095,73.316,73.085,73.12,60,7330.9,7350.9,7304.8,7314.8,30,406.1,408.3,405.3,406.1,2,1.15619,1.15792,1.15615,1.15791,13131,1.29761,1.29965,1.29753,1.29939,7117,25308.57,25321.069,25294.069,25314.07,60,2826.866,2827.17,2824.67,2826.67,49,7375.36,7377.869,7370.859,7375.869,60,1.30365,1.30389,1.30212,1.30231,2950,0.9964,0.99647,0.99474,0.99476,4414,111.848,111.876,111.693,111.711,6009,15.239,15.322,15.239,15.318,143,1204.528,1207.788,1204.5,1207.428,60
2018-07-06,08:30:00,4.0,3.8,3.8,Unemployment Rate.xlsx,77.325,77.346,76.979,77.135,60,6423.0,6469.9,6415.8,6446.6,63,453.9,460.6,453.7,457.0,2,1.17022,1.17147,1.1701,1.17132,12051,1.32396,1.32482,1.3233,1.32461,8229,24336.069,24359.07,24299.07,24342.069,60,2735.87,2738.67,2733.169,2737.67,59,7096.359,7107.17,7087.06,7104.06,60,1.31309,1.31385,1.31261,1.31337,3910,0.99291,0.99294,0.99227,0.99238,4339,110.577,110.642,110.547,110.632,4916,16.021,16.03,16.011,16.017,119,1255.748,1256.319,1255.108,1255.208,60
2018-06-01,08:30:00,3.8,3.9,3.9,Unemployment Rate.xlsx,77.605,77.796,77.565,77.656,60,7511.1,7526.3,7495.0,7526.3,33,579.1,584.7,577.8,584.3,2,1.16836,1.16978,1.16773,1.16818,14308,1.32853,1.32946,1.32763,1.32946,9043,24491.07,24507.569,24485.07,24493.57,60,2714.97,2716.17,2713.97,2714.67,53,6990.96,6994.169,6988.66,6991.87,60,1.29484,1.29556,1.29413,1.29544,5194,0.9874,0.98756,0.98632,0.98643,4371,109.196,109.212,109.072,109.21,5711,16.441,16.464,16.437,16.447,94,1299.148,1300.048,1298.978,1299.261,60
2018-05-04,08:30:00,3.9,4.0,4.1,Unemployment Rate.xlsx,73.5,73.515,73.285,73.31,59,9597.6,9703.7,9592.1,9689.3,75,778.7,800.3,778.2,798.6,2,1.19639,1.19772,1.19613,1.19628,10025,1.35643,1.35797,1.35435,1.35461,6687,23949.57,23976.07,23915.07,23939.57,60,2631.67,2634.37,2628.769,2631.37,53,6651.06,6661.859,6640.469,6647.459,60,1.28627,1.2875,1.28572,1.28749,3296,0.99893,0.99919,0.99818,0.99895,4406,109.075,109.103,108.986,109.049,5449,16.393,16.416,16.377,16.377,73,1310.208,1311.141,1308.671,1308.761,60
2018-04-06,08:30:00,4.1,4.0,4.1,Unemployment Rate.xlsx,67.835,68.201,67.835,68.085,60,6555.8,6556.9,6504.7,6526.0,78,365.2,367.4,364.0,366.5,2,1.2227,1.22368,1.22217,1.22349,13561,1.39982,1.40094,1.3993,1.40049,6219,24270.069,24302.07,24247.069,24291.57,60,2640.069,2642.77,2637.969,2641.77,60,6526.37,6539.27,6524.859,6535.87,60,1.27801,1.27838,1.27739,1.27794,3490,0.96339,0.96366,0.96291,0.96324,4699,107.405,107.443,107.352,107.414,5670,16.303,16.315,16.283,16.294,83,1324.509,1325.378,1323.718,1324.039,60
2018-03-09,09:30:00,4.1,4.0,4.1,Unemployment Rate.xlsx,63.886,64.066,63.816,63.926,59,8645.1,8689.3,8370.8,8511.6,48,665.8,668.6,649.3,655.3,4,1.2306,1.23178,1.22991,1.23019,12401,1.38133,1.38191,1.38013,1.38108,8407,24900.069,24904.07,24876.569,24894.569,60,2738.87,2739.869,2736.669,2738.669,58,6972.47,6973.36,6965.17,6969.869,60,1.28708,1.28795,1.28654,1.287,5408,0.95111,0.9512,0.94947,0.95016,4885,106.731,106.785,106.697,106.778,6242,16.452,16.485,16.451,16.454,64,1318.588,1320.469,1318.578,1319.011,60
2018-02-02,09:30:00,4.1,4.1,4.1,Unemployment Rate.xlsx,69.824,69.835,69.595,69.61,60,8306.8,8468.0,8120.9,8375.9,2,883.1,889.4,849.0,884.2,4,1.24936,1.24951,1.24803,1.24866,14388,1.42276,1.42298,1.42073,1.42161,12297,26047.569,26056.07,25970.069,25975.069,60,2807.97,2809.17,2800.909,2801.469,60,6888.58,6888.979,6857.029,6859.03,60,1.22965,1.23063,1.22965,1.23007,5296,0.92779,0.92901,0.92772,0.92884,7342,109.728,109.891,109.719,109.876,9874,17.181,17.186,17.129,17.144,133,1347.692,1347.872,1345.319,1345.851,60
2018-01-05,09:30:00,4.1,4.1,4.1,Unemployment Rate.xlsx,67.715,67.725,67.33,67.365,60,15427.7,15956.5,15427.7,15789.2,38,1003.1,1003.2,971.2,982.8,4404,1.20527,1.20575,1.20416,1.20458,9589,1.35414,1.35446,1.35231,1.35301,9191,25121.569,25143.07,25117.57,25138.069,59,2727.44,2729.969,2726.939,2728.699,58,6607.669,6610.57,6604.67,6608.67,60,1.25052,1.25133,1.25011,1.25071,6180,0.97654,0.97724,0.97625,0.97704,4295,113.211,113.238,113.161,113.225,5291,17.169,17.17,17.137,17.15,142,1318.001,1318.298,1316.581,1316.692,60
2017-12-08,09:30:00,4.1,4.1,4.1,Unemployment Rate.xlsx,62.455,62.51,62.355,62.485,60,15755.0,15757.0,14932.9,15350.8,12,,,,,,1.17353,1.17477,1.17322,1.17367,10285,1.34924,1.34961,1.34657,1.34761,10586,24243.07,24262.07,24234.069,24262.07,59,2642.94,2644.69,2641.719,2644.6,54,6348.27,6351.49,6345.369,6351.069,60,1.28583,1.28686,1.28583,1.28675,2382,0.99638,0.99694,0.99567,0.99669,3590,113.537,113.573,113.465,113.561,6324,15.779,15.789,15.75,15.763,148,1247.471,1247.888,1245.258,1245.911,60
2017-11-03,08:30:00,4.1,4.2,4.2,Unemployment Rate.xlsx,60.64,61.115,60.64,60.935,60,7311.3,7400.0,7278.8,7393.4,129,,,,,,1.16464,1.16492,1.16419,1.16474,7497,1.3048,1.30594,1.3039,1.30528,7180,23525.07,23533.069,23515.07,23527.07,60,2580.669,2581.17,2578.87,2580.87,49,6253.369,6253.57,6244.069,6253.169,60,1.28261,1.28268,1.28213,1.28218,5131,0.99965,1.00021,0.99915,0.99982,4740,114.13,114.13,114.038,114.072,5514,17.075,17.106,17.075,17.106,114,1274.922,1276.018,1274.891,1275.772,60
2017-10-06,08:30:00,4.2,4.4,4.4,Unemployment Rate.xlsx,57.055,57.245,56.96,57.035,60,4407.0,4412.9,4388.4,4401.8,51,,,,,,1.16886,1.17006,1.16872,1.16963,9127,1.30709,1.30771,1.30598,1.30768,6853,22778.07,22778.97,22771.969,22774.97,56,2550.77,2551.07,2549.989,2550.069,49,6062.569,6062.969,6058.07,6058.869,58,1.25882,1.2593,1.25841,1.25865,4875,0.97983,0.97994,0.9795,0.97955,3393,113.002,113.076,112.967,113.016,7044,16.601,16.618,16.579,16.59,69,1268.318,1269.282,1268.031,1268.301,60
2017-09-01,08:30:00,4.4,4.3,4.3,Unemployment Rate.xlsx,52.535,52.595,52.295,52.325,59,,,,,,,,,,,1.18855,1.19018,1.18824,1.18926,9444,1.29141,1.29337,1.2911,1.29242,6909,21998.07,21999.97,21974.969,21983.97,60,2474.169,2474.57,2471.57,2472.569,49,5995.769,5997.27,5989.87,5992.469,59,1.24847,1.24911,1.24797,1.2489,5609,0.96121,0.96131,0.95997,0.96131,4667,110.176,110.182,110.036,110.087,6321,17.523,17.55,17.516,17.516,85,1318.558,1320.022,1318.508,1318.568,60
2017-08-04,08:30:00,4.3,4.3,4.4,Unemployment Rate.xlsx,51.66,51.785,51.5,51.595,60,2806.5,2843.8,2802.8,2840.2,103,,,,,,1.18821,1.18877,1.18806,1.18821,8607,1.31611,1.31623,1.3144,1.31466,5180,22062.57,22067.57,22035.369,22057.07,60,2475.069,2475.37,2473.89,2474.869,46,5890.769,5894.07,5889.57,5892.57,58,1.25643,1.25758,1.25629,1.25707,3196,0.96758,0.96795,0.96712,0.96759,3111,110.078,110.133,110.074,110.1,5230,16.706,16.716,16.687,16.703,57,1269.321,1269.571,1268.901,1269.102,60
2017-07-07,08:30:00,4.4,4.3,4.3,Unemployment Rate.xlsx,47.35,47.455,46.725,46.875,60,2571.2,2573.6,2558.1,2567.8,40,,,,,,1.14195,1.14247,1.1412,1.14218,10909,1.29541,1.29578,1.29124,1.29234,7656,21326.969,21332.469,21312.469,21313.97,60,2410.769,2412.64,2410.389,2410.64,57,5592.469,5603.269,5590.969,5599.87,60,1.2984,1.29922,1.298,1.29849,5768,0.9617,0.96279,0.96139,0.96209,5053,113.693,113.844,113.691,113.747,7212,15.861,15.866,15.83,15.842,60,1221.591,1221.719,1220.588,1221.401,60
2017-06-02,08:30:00,4.3,4.4,4.4,Unemployment Rate.xlsx,49.645,49.725,49.485,49.56,60,2438.0,2443.5,2416.9,2423.8,149,,,,,,1.1215,1.12268,1.12145,1.12209,7699,1.28624,1.28754,1.28562,1.28563,6148,21181.469,21196.469,21176.97,21191.969,60,2433.57,2434.2,2432.699,2433.95,52,5834.969,5835.37,5831.369,5834.469,60,1.35361,1.35413,1.35323,1.35387,4063,0.97128,0.97136,0.97044,0.97086,3533,111.57,111.576,111.481,111.552,5469,17.221,17.221,17.142,17.15,112,1261.902,1262.549,1260.458,1261.009,60
2017-05-05,08:30:00,4.4,4.6,4.5,Unemployment Rate.xlsx,48.125,48.895,48.105,48.715,60,,,,,,,,,,,1.09742,1.09776,1.09565,1.09583,9344,1.29311,1.29421,1.29294,1.29366,6759,20921.469,20937.97,20916.469,20934.469,60,2387.87,2390.24,2387.489,2389.99,47,5622.869,5627.57,5621.569,5627.369,58,1.3772,1.37723,1.37519,1.37628,8219,0.98782,0.98856,0.98754,0.98851,6356,112.265,112.35,112.256,112.315,7359,16.497,16.497,16.444,16.465,72,1233.639,1233.708,1232.288,1233.228,60
2017-04-07,08:30:00,4.5,4.7,4.7,Unemployment Rate.xlsx,55.765,55.845,55.415,55.415,60,,,,,,,,,,,1.06362,1.06413,1.06292,1.0632,9428,1.24608,1.24698,1.243,1.24336,8416,20653.068,20654.068,20634.568,20641.07,60,2354.619,2354.7,2352.449,2353.449,54,5416.869,5417.469,5411.369,5413.969,58,1.33888,1.33919,1.33837,1.33884,5879,1.00634,1.00636,1.0054,1.00607,5081,110.612,110.681,110.538,110.648,9354,18.393,18.41,18.375,18.397,70,1263.431,1264.921,1263.359,1264.689,60
2017-03-10,09:30:00,4.7,4.7,4.8,Unemployment Rate.xlsx,52.46,52.64,52.305,52.555,60,,,,,,,,,,,1.06108,1.06192,1.06065,1.06137,7995,1.21631,1.21804,1.21608,1.2175,6609,20930.412,20941.451,20916.568,20921.342,60,2374.64,2376.15,2373.389,2373.89,60,5383.633,5386.589,5379.369,5380.522,60,1.34948,1.34961,1.34855,1.34859,6125,1.01227,1.01275,1.01165,1.01175,6028,115.403,115.422,115.327,115.341,6416,16.884,16.906,16.869,16.893,106,1196.631,1197.609,1196.302,1197.008,60
2017-02-03,09:30:00,4.8,4.7,4.7,Unemployment Rate.xlsx,56.875,56.89,56.575,56.69,60,,,,,,,,,,,1.0744,1.0749,1.0739,1.07415,10112,1.25219,1.253,1.24753,1.24835,10899,19915.969,19915.969,19903.969,19906.969,60,2282.588,2282.611,2281.04,2281.326,60,5143.504,5143.55,5137.702,5138.714,60,1.30283,1.30389,1.30266,1.30357,7007,0.99443,0.99568,0.99407,0.99562,5906,113.133,113.177,113.051,113.118,6951,17.351,17.362,17.321,17.335,99,1213.529,1214.039,1212.878,1213.708,60
2017-01-06,09:30:00,4.7,4.7,4.6,Unemployment Rate.xlsx,56.91,57.165,56.81,57.145,60,,,,,,,,,,,1.05935,1.06085,1.05866,1.06009,11401,1.23877,1.239,1.23757,1.23861,7685,19882.469,19886.1,19870.969,19875.322,60,2267.45,2268.0,2266.949,2267.069,60,4964.394,4966.818,4964.101,4964.633,59,1.32533,1.3259,1.32447,1.32463,6474,1.01182,1.01244,1.01001,1.01061,7503,116.062,116.125,115.864,115.969,9230,16.505,16.513,16.453,16.478,196,1176.738,1178.638,1175.978,1178.202,60
2016-12-02,09:30:00,4.6,4.9,4.9,Unemployment Rate.xlsx,53.735,53.86,53.35,53.495,60,,,,,,,,,,,1.06633,1.06667,1.06461,1.06463,14216,1.26088,1.26181,1.25924,1.25985,10101,19172.969,19181.62,19162.97,19174.707,60,2187.699,2187.7,2185.189,2186.484,60,4712.93,4713.951,4705.969,4710.406,60,1.33049,1.33178,1.32941,1.33014,7201,1.01073,1.0109,1.01011,1.0108,6726,113.865,113.866,113.602,113.708,9963,16.557,16.575,16.447,16.448,142,1176.101,1176.688,1174.841,1174.841,60
2016-11-04,08:30:00,4.9,4.9,5.0,Unemployment Rate.xlsx,46.25,46.405,45.945,46.405,60,,,,,,,,,,,1.10967,1.11078,1.10943,1.10988,14069,1.24665,1.24789,1.24634,1.24786,9485,17934.045,17936.555,17906.969,17925.193,60,2090.269,2090.39,2086.649,2089.15,60,4680.906,4680.906,4671.869,4677.885,60,1.34105,1.34136,1.34007,1.34012,9219,0.97461,0.97465,0.9736,0.97367,5536,103.246,103.247,102.946,103.019,11742,18.268,18.378,18.248,18.346,264,1298.701,1302.698,1298.542,1301.49,60
2016-10-07,08:30:00,5.0,4.9,4.9,Unemployment Rate.xlsx,52.775,52.78,52.585,52.595,60,,,,,,,,,,,1.11127,1.11319,1.11095,1.11288,71997,1.24579,1.24605,1.24244,1.24337,23393,18235.469,18262.97,18234.969,18252.97,60,2156.558,2159.765,2156.538,2158.593,60,4861.47,4869.269,4861.195,4865.87,60,1.32572,1.3264,1.32514,1.32545,33965,0.98234,0.98261,0.98091,0.98142,16966,103.836,103.895,103.783,103.809,29469,17.282,17.381,17.243,17.372,358,1255.171,1255.699,1253.641,1255.462,60
2016-09-02,08:30:00,4.9,4.8,4.9,Unemployment Rate.xlsx,45.495,45.75,45.38,45.725,60,,,,,,,,,,,1.11928,1.1193,1.11787,1.11827,63882,1.32772,1.32938,1.32614,1.32664,23899,18409.47,18420.97,18400.969,18410.469,60,2168.501,2169.543,2167.52,2168.332,60,4781.87,4783.97,4778.47,4780.669,60,1.31075,1.31144,1.31053,1.31079,31348,0.98007,0.98076,0.97997,0.98042,18652,103.578,103.709,103.552,103.61,33451,18.857,18.867,18.81,18.822,66,1311.33,1311.609,1310.189,1310.79,60
2016-08-05,08:30:00,4.9,4.8,4.9,Unemployment Rate.xlsx,44.018,44.06,43.824,44.001,60,,,,,,,,,,,1.11389,1.11512,1.11378,1.11501,49459,1.31387,1.31511,1.31321,1.31375,22851,18386.603,18389.296,18359.802,18370.973,60,2168.2,2168.664,2165.755,2167.195,60,4758.626,4759.603,4752.723,4754.856,60,1.3021,1.3025,1.30109,1.30141,29839,0.97413,0.97453,0.97329,0.97345,13993,101.084,101.147,100.872,100.953,22288,20.373,20.376,20.268,20.29,80,1363.47,1363.502,1361.038,1362.241,60
2016-07-08,08:30:00,4.9,4.8,4.7,Unemployment Rate.xlsx,46.807,46.918,46.642,46.685,60,,,,,,,,,,,1.10764,1.10811,1.10698,1.10747,9586,1.29428,1.29485,1.29257,1.2935,10868,17928.922,17942.898,17903.833,17913.579,60,2102.243,2104.377,2098.99,2100.496,60,4467.019,4472.132,4455.964,4458.448,60,1.30079,1.30189,1.30036,1.30134,8451,0.97896,0.97911,0.9784,0.97886,3562,100.608,100.701,100.564,100.596,6022,19.639,19.678,19.621,19.675,54,1355.092,1356.408,1354.629,1356.138,60
2016-06-03,08:30:00,4.7,4.9,5.0,Unemployment Rate.xlsx,50.052,50.195,50.007,50.118,60,,,,,,,,,,,1.11499,1.11588,1.11478,1.11484,10145,1.44286,1.44356,1.4412,1.4433,8813,17830.512,17844.34,17822.047,17836.693,60,2104.157,2106.109,2103.372,2104.919,60,4527.284,4530.719,4524.507,4528.596,60,1.30839,1.30891,1.30779,1.30884,6392,0.99065,0.99121,0.99015,0.99108,5763,108.75,108.888,108.717,108.844,6280,16.078,16.1,16.074,16.092,93,1211.651,1212.479,1211.418,1212.271,60
2016-05-06,08:30:00,5.0,5.0,5.0,Unemployment Rate.xlsx,44.759,44.929,44.53,44.919,60,,,,,,,,,,,1.14211,1.14275,1.14136,1.14225,12366,1.44816,1.44997,1.44799,1.44888,9549,17625.844,17644.444,17619.037,17635.448,60,2047.852,2050.393,2047.074,2048.857,60,4299.891,4305.698,4297.971,4303.399,60,1.28507,1.28608,1.28396,1.28403,7437,0.9676,0.96797,0.96645,0.96699,5449,106.945,106.986,106.868,106.92,6013,17.319,17.364,17.266,17.354,184,1278.671,1281.97,1277.19,1281.679,60
2016-04-01,08:30:00,5.0,4.9,4.9,Unemployment Rate.xlsx,40.031,40.329,39.94,40.226,60,,,,,,,,,,,1.13823,1.14017,1.13823,1.13995,15337,1.43301,1.43624,1.43111,1.43255,11889,17632.661,17677.366,17625.325,17665.123,60,2051.963,2057.488,2050.931,2055.79,60,4459.891,4474.667,4458.365,4471.218,60,1.30188,1.30319,1.30154,1.30188,7417,0.96101,0.96114,0.95986,0.9603,6633,112.283,112.424,112.26,112.346,8162,15.394,15.409,15.359,15.396,76,1233.052,1233.748,1231.409,1233.119,60
2016-03-04,09:30:00,4.9,4.9,4.9,Unemployment Rate.xlsx,37.13,37.13,36.805,36.879,60,,,,,,,,,,,1.09385,1.09739,1.09383,1.09626,19640,1.41399,1.41657,1.41256,1.4138,10081,16923.608,16940.644,16911.567,16930.252,60,1990.497,1992.63,1988.954,1991.622,60,4318.733,4321.755,4313.328,4318.623,60,1.34203,1.34485,1.34198,1.34484,5361,0.99416,0.99423,0.99208,0.99271,8919,113.741,113.773,113.636,113.707,8833,15.477,15.519,15.376,15.411,121,1269.479,1274.732,1269.428,1272.081,60
2016-02-05,09:30:00,4.9,5.0,5.0,Unemployment Rate.xlsx,34.023,34.997,33.984,34.787,60,,,,,,,,,,,1.11932,1.11987,1.11837,1.11948,16967,1.45285,1.45545,1.45077,1.45425,9092,16400.108,16461.201,16395.849,16446.027,60,1912.088,1920.1,1911.557,1918.364,60,4157.09,4177.996,4156.354,4173.591,60,1.37339,1.37392,1.37091,1.37206,8409,0.99245,0.99291,0.99085,0.99147,7988,116.89,116.979,116.822,116.908,9457,14.822,14.882,14.817,14.861,98,1155.798,1158.308,1155.378,1157.498,60
2016-01-08,09:30:00,5.0,5.0,5.0,Unemployment Rate.xlsx,34.296,34.45,34.077,34.407,60,,,,,,,,,,,1.08719,1.08829,1.08669,1.08731,8142,1.46173,1.46301,1.46123,1.46191,8512,16725.438,16733.517,16685.837,16713.881,60,1966.576,1967.571,1961.585,1965.486,60,4359.979,4362.997,4348.765,4358.934,60,1.41116,1.41158,1.4101,1.41064,6065,0.99974,1.00157,0.99947,1.001,8209,118.375,118.387,118.242,118.296,6656,14.052,14.057,13.989,14.011,64,1099.198,1099.35,1095.859,1096.078,60
2015-12-04,09:30:00,5.0,5.0,5.0,Unemployment Rate.xlsx,43.928,44.299,43.82,44.217,60,,,,,,,,,,,1.08703,1.08943,1.08697,1.08899,14430,1.51059,1.51367,1.51045,1.51239,10036,17585.799,17587.98,17551.604,17564.71,60,2063.203,2063.639,2059.421,2060.939,60,4635.281,4636.299,4623.916,4627.738,60,1.33502,1.33511,1.33337,1.33378,5888,0.99961,1.00009,0.99822,0.9993,7685,122.817,122.824,122.704,122.755,5909,14.083,14.134,14.082,14.119,101,1059.588,1061.982,1059.532,1061.622,60
2015-11-06,09:30:00,5.0,5.1,5.1,Unemployment Rate.xlsx,48.235,48.408,48.121,48.397,60,,,,,,,,,,,1.08718,1.08767,1.08648,1.08653,8116,1.5172,1.51782,1.51555,1.5156,8676,17842.842,17849.985,17835.807,17841.957,60,2098.883,2099.899,2097.851,2098.638,60,4699.983,4702.997,4697.924,4700.07,60,1.3167,1.31801,1.31658,1.31746,6482,0.99556,0.99565,0.99487,0.99554,3791,121.898,121.948,121.868,121.911,5827,15.02,15.04,15.01,15.018,66,1108.479,1109.248,1108.069,1108.188,60
2015-10-02,08:30:00,5.1,5.1,5.1,Unemployment Rate.xlsx,48.128,48.169,47.825,47.975,60,,,,,,,,,,,1.11654,1.11707,1.11603,1.11634,7653,1.51408,1.51728,1.51377,1.51569,6314,16305.414,16346.896,16294.453,16342.63,60,1928.79,1933.253,1927.793,1932.298,60,4211.956,4219.99,4207.954,4218.076,60,1.32332,1.32393,1.32311,1.3236,4186,0.97819,0.97847,0.97688,0.97781,3078,120.065,120.162,120.021,120.126,7326,14.462,14.488,14.441,14.452,71,1109.244,1109.338,1107.118,1107.221,60
2015-09-04,08:30:00,5.1,5.2,5.3,Unemployment Rate.xlsx,50.05,50.614,49.807,50.402,60,,,,,,,,,,,1.11446,1.1161,1.114,1.11406,10966,1.52279,1.52556,1.52256,1.52383,6905,16259.602,16261.785,16183.306,16207.192,60,1937.492,1937.695,1928.095,1931.127,60,4205.04,4205.042,4183.34,4190.157,60,1.32137,1.32328,1.32058,1.32183,6048,0.97459,0.97502,0.97303,0.97377,6783,119.232,119.278,118.838,119.075,9664,14.78,14.782,14.715,14.728,83,1124.781,1126.069,1124.558,1125.042,60
2015-08-07,08:30:00,5.3,5.3,5.3,Unemployment Rate.xlsx,49.968,50.039,49.71,49.847,60,,,,,,,,,,,1.09402,1.09428,1.09232,1.09235,8577,1.5501,1.55263,1.54951,1.55231,6833,17410.807,17442.784,17405.425,17431.873,60,2082.81,2086.682,2082.01,2084.961,60,4523.306,4533.166,4521.466,4529.82,60,1.31159,1.31206,1.31101,1.31176,6329,0.98072,0.98302,0.98044,0.983,4288,124.79,124.818,124.753,124.776,2445,14.783,14.794,14.772,14.778,77,1093.229,1093.329,1091.749,1092.078,60
2015-07-02,08:30:00,5.3,5.4,5.5,Unemployment Rate.xlsx,62.539,62.539,62.007,62.309,60,,,,,,,,,,,1.10594,1.10815,1.1048,1.10766,12720,1.55894,1.56179,1.55871,1.56035,8775,17789.994,17803.475,17772.726,17783.887,60,2082.686,2084.268,2080.68,2082.181,60,4436.978,4441.796,4434.821,4437.99,60,1.25989,1.2622,1.25983,1.26205,5331,0.94848,0.94928,0.94633,0.94703,7486,123.488,123.595,123.465,123.507,5077,15.589,15.644,15.57,15.639,84,1164.968,1166.658,1163.982,1165.538,60
2015-06-05,08:30:00,5.5,5.4,5.4,Unemployment Rate.xlsx,61.573,61.746,61.359,61.688,60,,,,,,,,,,,1.12749,1.12781,1.12542,1.1259,14077,1.53209,1.53318,1.53008,1.53044,8655,17932.594,17950.851,17914.682,17923.958,60,2101.176,2103.482,2099.168,2099.67,59,4498.972,4503.996,4491.862,4494.962,60,1.25186,1.25297,1.25184,1.25249,3704,0.93112,0.93272,0.93056,0.93249,4967,124.709,124.804,124.671,124.755,6114,16.152,16.172,16.121,16.149,63,1176.208,1176.371,1174.658,1175.409,60
2015-05-08,08:30:00,5.4,5.4,5.5,Unemployment Rate.xlsx,65.498,65.989,65.426,65.779,59,,,,,,,,,,,1.12161,1.12442,1.1216,1.12331,14793,1.54723,1.54851,1.54431,1.5478,28335,17978.941,17983.981,17956.638,17965.851,60,2092.984,2093.7,2090.156,2091.678,60,4421.991,4423.603,4414.171,4418.175,60,1.21029,1.21078,1.2095,1.2095,4364,0.92304,0.92304,0.92072,0.92169,5817,120.002,120.089,119.986,120.072,6727,16.396,16.425,16.355,16.369,60,1187.329,1188.198,1185.998,1186.348,60
2015-04-03,08:30:00,5.5,5.5,5.5,Unemployment Rate.xlsx,,,,,,,,,,,,,,,,1.08717,1.08822,1.08701,1.08792,3266,1.4834,1.48342,1.48157,1.48192,5450,,,,,,,,,,,,,,,,1.25688,1.25697,1.25589,1.25672,3412,0.95963,0.95963,0.95835,0.9592,2037,119.637,119.719,119.627,119.675,2036,,,,,,,,,,
2015-03-06,09:30:00,5.5,5.6,5.7,Unemployment Rate.xlsx,61.145,61.169,60.657,60.81,60,,,,,,,,,,,1.09951,1.10002,1.0965,1.09674,12450,1.52133,1.52198,1.51902,1.5199,17997,18130.216,18136.993,18116.469,18124.182,60,2100.971,2101.999,2099.242,2100.98,51,4451.496,4453.997,4448.623,4450.712,60,1.24819,1.24868,1.24693,1.24813,5259,0.97574,0.97762,0.97573,0.97663,5408,120.086,120.142,120.034,120.046,4875,16.059,16.059,15.906,15.964,61,1196.137,1196.137,1192.791,1192.95,60
2015-02-06,09:30:00,5.7,5.6,5.6,Unemployment Rate.xlsx,58.372,58.399,57.77,58.215,60,,,,,,,,,,,1.14478,1.14694,1.14452,1.14542,7157,1.53155,1.53256,1.53087,1.53186,13921,17864.63,17869.45,17844.863,17848.614,60,2061.767,2062.581,2059.774,2060.08,54,4254.515,4256.268,4250.088,4251.191,60,1.24485,1.24612,1.24397,1.244,3031,0.92098,0.92155,0.91976,0.92043,3255,117.353,117.382,117.247,117.274,4226,17.257,17.293,17.25,17.286,60,1267.291,1267.748,1265.957,1266.62,60
2015-01-09,09:30:00,5.6,5.7,5.8,Unemployment Rate.xlsx,50.9,50.929,50.307,50.447,60,,,,,,,,,,,1.18056,1.18198,1.17978,1.18157,10314,1.5116,1.51492,1.5109,1.51312,18078,17874.834,17885.995,17847.711,17854.927,60,2059.281,2061.299,2056.95,2057.486,57,4239.992,4242.999,4232.876,4233.844,60,1.18348,1.18504,1.18314,1.18496,3169,1.01726,1.01797,1.01615,1.01637,6732,119.393,119.44,119.306,119.329,6209,16.327,16.327,16.192,16.238,60,1211.542,1211.738,1209.369,1210.688,60
2014-12-05,09:30:00,5.8,5.8,5.8,Unemployment Rate.xlsx,69.16,69.21,69.026,69.17,58,,,,,,,,,,,1.23724,1.23784,1.23606,1.23687,6905,1.5658,1.56741,1.56564,1.56728,10956,17920.265,17931.463,17920.265,17922.934,57,2074.788,2075.598,2074.372,2074.39,32,4316.561,4320.625,4316.561,4317.941,59,1.14022,1.14104,1.1402,1.14025,2105,0.97166,0.97269,0.97129,0.972,5334,120.253,120.378,120.251,120.342,4606,16.421,16.446,16.392,16.432,60,1203.321,1204.552,1202.192,1203.681,60
2014-11-07,09:30:00,5.8,5.9,5.9,Unemployment Rate.xlsx,82.521,82.67,82.473,82.565,60,,,,,,,,,,,1.23952,1.24013,1.23861,1.23941,11126,1.58254,1.58352,1.58018,1.58124,11894,17587.955,17593.999,17571.021,17577.96,60,2035.312,2036.399,2033.311,2034.08,57,4177.39,4178.823,4173.401,4175.271,60,1.14332,1.14406,1.14299,1.14326,2809,0.97155,0.97211,0.97085,0.9715,8008,115.194,115.256,115.171,115.226,6064,15.46,15.476,15.41,15.421,60,1145.561,1146.109,1143.491,1143.581,60
2014-10-03,08:30:00,5.9,6.1,6.1,Unemployment Rate.xlsx,93.736,93.746,93.416,93.687,60,,,,,,,,,,,1.26432,1.2645,1.26261,1.26302,9380,1.61009,1.61038,1.60788,1.60835,13604,16853.469,16881.494,16852.408,16872.482,60,1953.064,1956.8,1952.345,1955.59,58,3997.994,4005.0,3997.838,4001.866,60,1.11726,1.11762,1.11696,1.11703,3037,0.9558,0.95744,0.9558,0.95697,3799,108.761,108.925,108.751,108.918,4422,17.0,17.046,16.987,17.04,60,1207.692,1208.742,1206.453,1207.562,60
2014-09-05,08:30:00,6.1,6.1,6.2,Unemployment Rate.xlsx,101.86,102.15,101.841,102.134,57,,,,,,,,,,,1.29376,1.29533,1.29366,1.29519,9256,1.63213,1.63241,1.63101,1.63143,7567,17066.113,17068.103,17053.406,17055.758,60,1996.509,1996.509,1994.598,1994.847,56,4064.988,4065.373,4061.889,4062.982,59,1.08842,1.08874,1.08802,1.0887,2263,0.93218,0.93219,0.93104,0.9311,4030,105.249,105.267,105.162,105.246,5173,19.063,19.088,19.06,19.083,60,1263.958,1264.716,1263.762,1264.101,60
2014-08-01,08:30:00,6.2,6.1,6.1,Unemployment Rate.xlsx,,,,,,,,,,,,,,,,1.33806,1.33936,1.33791,1.3391,8660,1.687,1.68877,1.68294,1.68375,17200,,,,,,,,,,,,,,,,1.09235,1.09362,1.09232,1.09359,3222,0.90948,0.90951,0.90811,0.90823,4100,102.949,102.965,102.917,102.932,4312,20.385,20.394,20.339,20.354,60,1284.756,1284.927,1283.467,1284.533,60
2014-07-03,08:30:00,6.1,6.3,6.3,Unemployment Rate.xlsx,110.754,110.877,110.502,110.843,60,,,,,,,,,,,1.36615,1.36622,1.36517,1.36545,34297,1.71549,1.71608,1.71334,1.7137,6934,16988.18,16989.474,16980.207,16985.687,60,1975.677,1975.993,1974.957,1975.498,57,3899.958,3900.394,3898.501,3900.009,60,1.0654,1.06584,1.06511,1.06523,1860,0.88886,0.88952,0.88885,0.88932,1980,101.925,101.955,101.916,101.942,3943,20.996,21.052,20.968,21.033,60,1320.46,1322.658,1319.918,1321.998,60
2014-06-06,08:30:00,6.3,6.4,6.3,Unemployment Rate.xlsx,108.907,109.067,108.851,109.043,59,,,,,,,,,,,1.36479,1.36495,1.36283,1.36356,13731,1.68134,1.68158,1.68018,1.68075,6401,16844.943,16855.405,16841.146,16851.684,60,1940.07,1941.394,1939.574,1941.059,58,3777.783,3779.783,3775.998,3778.853,60,1.09118,1.09162,1.09108,1.0915,3128,0.89163,0.89327,0.89149,0.89269,4976,102.262,102.306,102.246,102.286,5199,19.109,19.121,19.086,19.116,58,1255.072,1255.298,1254.298,1254.722,60
2014-05-02,08:30:00,6.3,6.6,6.7,Unemployment Rate.xlsx,108.116,108.566,108.095,108.563,60,,,,,,,,,,,1.38544,1.38646,1.38524,1.38625,9798,1.68913,1.68923,1.68737,1.68859,4539,16565.098,16568.496,16562.109,16566.978,60,1885.677,1885.696,1884.96,1885.658,59,3596.591,3597.378,3595.088,3596.787,60,1.09637,1.09736,1.09626,1.09718,1503,0.88036,0.88051,0.87939,0.87944,3036,102.478,102.483,102.432,102.461,2568,19.047,19.128,19.043,19.115,60,1283.537,1285.213,1283.242,1284.045,60
2014-04-04,08:30:00,6.7,6.6,6.7,Unemployment Rate.xlsx,106.524,106.618,106.294,106.602,60,,,,,,,,,,,1.37,1.37058,1.36976,1.37044,4706,1.65886,1.6596,1.65854,1.65925,2085,16596.381,16600.407,16590.115,16597.768,60,1892.565,1893.291,1891.76,1893.079,59,3643.518,3645.091,3642.207,3643.536,59,1.10189,1.10231,1.10163,1.10178,994,0.89319,0.89347,0.89243,0.89255,2963,103.902,103.909,103.847,103.862,1705,19.908,19.949,19.896,19.906,60,1288.951,1292.759,1288.951,1291.243,60
2014-03-07,09:30:00,6.7,6.6,6.6,Unemployment Rate.xlsx,108.121,108.163,107.932,108.026,60,,,,,,,,,,,1.38736,1.38835,1.3868,1.38786,7745,1.67579,1.67724,1.67462,1.67479,5622,16429.732,16435.982,16415.676,16431.779,60,1877.485,1878.985,1876.459,1878.458,58,3721.286,3723.169,3717.693,3721.733,60,1.09871,1.09936,1.0986,1.09881,1489,0.87838,0.87877,0.87796,0.8784,3672,102.874,102.995,102.852,102.967,3535,21.372,21.372,21.268,21.34,61,1348.611,1349.67,1346.287,1349.17,60
2014-02-07,09:30:00,6.6,6.7,6.7,Unemployment Rate.xlsx,107.252,107.257,107.205,107.205,4,,,,,,,,,,,1.35638,1.35789,1.35596,1.35678,12045,1.63407,1.6346,1.62997,1.63409,8250,,,,,,,,,,,,,,,,1.10647,1.10728,1.10606,1.10663,2000,0.90155,0.90219,0.90093,0.90145,4843,102.025,102.164,102.022,102.161,4039,19.872,19.881,19.764,19.81,60,1261.653,1262.003,1259.613,1260.75,60
2014-01-10,09:30:00,6.7,7.0,7.0,Unemployment Rate.xlsx,106.965,107.057,106.657,106.77,44,,,,,,,,,,,1.36056,1.36071,1.35941,1.3598,10855,1.64631,1.64631,1.64031,1.64154,7844,16481.785,16490.706,16474.609,16483.79,59,1842.487,1843.497,1841.962,1842.659,58,3564.094,3566.374,3563.213,3564.34,60,1.08459,1.08624,1.08451,1.08569,2324,0.90732,0.90795,0.90695,0.90768,4305,104.932,105.003,104.932,104.963,3752,19.743,19.765,19.711,19.746,60,1234.042,1234.523,1231.635,1232.852,60
2013-12-06,09:30:00,7.0,7.2,7.3,Unemployment Rate.xlsx,111.361,111.606,111.237,111.522,53,,,,,,,,,,,1.36569,1.36746,1.36552,1.36687,13509,1.63392,1.63644,1.63379,1.63565,5833,15859.772,15887.969,15856.623,15882.732,60,1789.66,1793.698,1789.461,1792.99,57,3483.729,3492.932,3483.084,3492.23,60,1.06557,1.06612,1.06507,1.06612,1864,0.89708,0.8971,0.89531,0.89574,6436,102.138,102.203,102.122,102.163,4115,19.456,19.527,19.45,19.512,60,1228.942,1231.795,1228.853,1231.168,60
2013-11-08,09:30:00,7.3,7.3,7.2,Unemployment Rate.xlsx,103.769,103.959,103.546,103.903,53,,,,,,,,,,,1.34167,1.34315,1.34148,1.34265,11067,1.60901,1.60996,1.60585,1.60688,5490,15636.988,15642.759,15630.62,15631.68,60,1753.072,1754.293,1752.757,1753.062,58,3333.5,3335.793,3332.657,3334.193,60,1.04603,1.04651,1.04582,1.04608,2196,0.91643,0.91664,0.91585,0.91613,5120,98.198,98.235,98.146,98.204,4795,21.712,21.732,21.672,21.695,60,1311.953,1312.983,1310.373,1311.563,60
2013-10-22,08:30:00,7.2,7.3,7.3,Unemployment Rate.xlsx,,,,,,,,,,,,,,,,1.36784,1.36794,1.36645,1.36705,9575,1.61281,1.61326,1.61217,1.61259,4123,,,,,,,,,,,,,,,,1.02988,1.0299,1.02949,1.02951,1608,0.9028,0.90392,0.90275,0.90356,4831,98.313,98.383,98.31,98.361,4169,22.133,22.142,21.972,22.027,64,1315.443,1315.842,1310.132,1311.642,60
2013-09-06,08:30:00,7.3,7.4,7.4,Unemployment Rate.xlsx,115.237,115.58,115.164,115.427,60,,,,,,,,,,,1.31213,1.31329,1.31205,1.31309,9493,1.5591,1.56037,1.55724,1.55746,5963,14918.0,14927.0,14911.0,14924.0,60,1654.171,1655.193,1653.169,1654.887,60,3129.648,3132.277,3127.936,3131.752,60,1.04627,1.04689,1.04569,1.04572,4903,0.94437,0.94447,0.94366,0.94389,5059,99.565,99.689,99.5,99.667,4020,23.202,23.234,23.12,23.143,66,1369.277,1370.577,1366.856,1369.008,60
2013-08-02,08:30:00,7.4,7.5,7.6,Unemployment Rate.xlsx,109.589,109.72,109.144,109.187,60,,,,,,,,,,,1.32191,1.32266,1.32141,1.32162,9752,1.51361,1.51767,1.51309,1.51512,5635,15616.0,15626.0,15611.0,15617.0,60,1705.464,1706.177,1704.966,1705.186,60,3122.759,3124.896,3121.847,3123.059,60,1.03685,1.03875,1.03685,1.03863,3754,0.93701,0.93737,0.93606,0.93728,6030,99.573,99.68,99.549,99.611,5276,19.325,19.379,19.279,19.326,61,1289.673,1291.213,1286.443,1288.673,60
2013-07-05,08:30:00,7.6,7.5,7.6,Unemployment Rate.xlsx,105.519,105.929,105.499,105.679,60,,,,,,,,,,,1.28833,1.28902,1.28688,1.28807,11570,1.50037,1.50141,1.497,1.49931,7565,15141.0,15141.0,15114.0,15125.0,60,1631.668,1631.689,1628.462,1629.692,60,2972.838,2972.984,2967.52,2969.216,60,1.05269,1.05401,1.05192,1.05366,5079,0.95896,0.95913,0.95825,0.95853,7554,100.284,100.294,99.889,100.019,5940,19.181,19.204,19.101,19.112,60,1241.46,1242.16,1234.86,1235.18,60
2013-06-07,08:30:00,7.6,7.5,7.5,Unemployment Rate.xlsx,103.978,104.206,103.776,104.016,60,,,,,,,,,,,1.3246,1.32497,1.3224,1.32305,15195,1.55909,1.55948,1.55671,1.55732,8611,15017.0,15032.0,15009.0,15026.0,60,1620.991,1623.189,1620.196,1622.193,60,2948.045,2951.888,2944.344,2948.133,60,1.02682,1.02787,1.02666,1.02681,4079,0.92866,0.93008,0.92838,0.92997,8673,96.589,96.686,96.33,96.445,10021,22.632,22.704,22.623,22.669,64,1410.037,1413.693,1409.852,1411.132,60
2013-05-03,08:30:00,7.5,7.6,7.6,Unemployment Rate.xlsx,,,,,,,,,,,,,,,,1.31056,1.31309,1.31,1.31282,13317,1.55322,1.55543,1.55193,1.55511,9711,,,,,,,,,,,,,,,,1.01233,1.0125,1.0114,1.01168,2863,0.93361,0.93388,0.93183,0.93209,7734,98.207,98.245,98.137,98.15,5395,24.073,24.153,24.045,24.073,61,1476.579,1478.437,1475.715,1476.718,60
2013-04-05,08:30:00,7.6,7.7,7.7,Unemployment Rate.xlsx,,,,,,,,,,,,,,,,1.29081,1.29313,1.29012,1.29246,14726,1.52044,1.52307,1.52001,1.52249,8612,,,,,,,,,,,,,,,,1.0138,1.01414,1.01357,1.01379,2965,0.94234,0.94292,0.94047,0.9409,7064,96.326,96.41,96.247,96.258,9635,26.865,26.9,26.842,26.899,63,1551.72,1552.12,1551.08,1551.48,60
2013-03-08,09:30:00,7.7,7.9,7.9,Unemployment Rate.xlsx,,,,,,,,,,,,,,,,1.30841,1.30982,1.3083,1.30948,7323,1.50136,1.50334,1.50079,1.50261,8096,,,,,,,,,,,,,,,,1.03094,1.03142,1.0303,1.03111,2969,0.94436,0.94454,0.9433,0.94362,7034,95.583,95.605,95.457,95.541,6826,28.838,28.904,28.792,28.799,64,1579.65,1582.45,1579.166,1579.731,60
2013-02-01,09:30:00,7.9,7.8,7.8,Unemployment Rate.xlsx,,,,,,,,,,,,,,,,1.36506,1.36745,1.3644,1.36696,14562,1.58664,1.58752,1.58138,1.58191,15442,,,,,,,,,,,,,,,,0.99747,0.99972,0.99743,0.99952,3557,0.90701,0.90785,0.9045,0.90459,11540,92.212,92.246,92.12,92.21,7308,31.365,31.388,31.331,31.363,60,1664.301,1665.252,1664.152,1664.536,60
2013-01-04,09:30:00,7.8,7.7,7.8,Unemployment Rate.xlsx,,,,,,,,,,,,,,,,1.30145,1.30187,1.30025,1.30109,10783,1.60503,1.60574,1.60345,1.60476,9863,,,,,,,,,,,,,,,,0.9904,0.99081,0.98991,0.99035,2903,0.92903,0.92994,0.92882,0.9294,7600,88.206,88.329,88.085,88.187,7952,29.458,29.477,29.296,29.369,77,1642.763,1643.221,1635.097,1636.352,60
2012-12-07,09:30:00,7.7,7.9,7.9,Unemployment Rate.xlsx,,,,,,,,,,,,,,,,1.29285,1.29424,1.29167,1.29384,9239,1.60402,1.60484,1.60219,1.60368,7567,,,,,,,,,,,,,,,,0.99179,0.99212,0.99169,0.99203,3686,0.93493,0.93586,0.93467,0.93494,7593,82.372,82.438,82.35,82.375,3817,32.97,32.992,32.888,32.897,61,1699.752,1700.352,1697.21,1697.283,60
2012-11-02,08:30:00,7.9,7.9,7.8,Unemployment Rate.xlsx,,,,,,,,,,,,,,,,1.29036,1.29075,1.2875,1.2877,12853,1.60951,1.60996,1.60857,1.60862,6027,,,,,,,,,,,,,,,,0.99656,0.99755,0.99656,0.99751,4747,0.93505,0.9374,0.93497,0.93716,8209,80.335,80.342,80.299,80.317,3375,32.044,32.044,31.908,31.922,67,1710.183,1710.203,1706.352,1706.564,60
2012-10-05,08:30:00,7.8,8.2,8.1,Unemployment Rate.xlsx,,,,,,,,,,,,,,,,1.30049,1.30129,1.29965,1.30007,10792,1.61815,1.61895,1.61728,1.61781,7832,,,,,,,,,,,,,,,,0.98021,0.9806,0.98011,0.9805,4508,0.93129,0.93206,0.93092,0.93173,6553,78.391,78.439,78.357,78.433,3030,34.933,34.96,34.823,34.863,60,1791.552,1792.363,1787.952,1788.973,60
2012-09-07,08:30:00,8.1,8.3,8.3,Unemployment Rate.xlsx,,,,,,,,,,,,,,,,1.26709,1.26792,1.26672,1.2669,9677,1.59674,1.59844,1.5962,1.59716,10007,,,,,,,,,,,,,,,,0.98112,0.98153,0.98057,0.98146,5992,0.95524,0.95632,0.95479,0.95611,7929,78.925,78.968,78.871,78.922,3967,32.245,32.333,32.238,32.281,61,1694.787,1697.923,1694.372,1696.823,60
2012-08-03,08:30:00,8.3,8.2,8.2,Unemployment Rate.xlsx,,,,,,,,,,,,,,,,1.2207,1.22179,1.22028,1.22123,13560,1.55256,1.55452,1.55249,1.55411,12155,,,,,,,,,,,,,,,,1.00449,1.00457,1.00305,1.00325,11488,0.98391,0.98422,0.98301,0.98346,9732,78.254,78.258,78.189,78.199,3329,27.207,27.249,27.191,27.205,61,1592.521,1594.36,1592.206,1593.774,60
2012-07-06,08:30:00,8.2,8.2,8.2,Unemployment Rate.xlsx,,,,,,,,,,,,,,,,1.23838,1.24008,1.238,1.23839,13546,1.55244,1.55501,1.55237,1.55361,11637,,,,,,,,,,,,,,,,1.01438,1.01535,1.01412,1.01523,9098,0.9698,0.97012,0.9685,0.9698,10012,79.875,79.904,79.836,79.865,3705,27.601,27.63,27.326,27.43,73,1602.483,1603.463,1589.065,1593.943,60
2012-06-01,08:30:00,8.2,8.1,8.1,Unemployment Rate.xlsx,,,,,,,,,,,,,,,,1.23482,1.2352,1.23311,1.23321,16432,1.53496,1.53496,1.5275,1.52836,15643,,,,,,,,,,,,,,,,1.03659,1.03928,1.03659,1.03872,8157,0.97257,0.97376,0.97222,0.97369,15101,78.497,78.498,78.209,78.219,8760,27.756,27.764,27.418,27.439,79,1557.263,1558.208,1551.573,1552.251,60
2012-05-04,08:30:00,8.1,8.2,8.2,Unemployment Rate.xlsx,,,,,,,,,,,,,,,,1.31334,1.31394,1.31266,1.31321,9953,1.61712,1.6177,1.61646,1.61662,8240,,,,,,,,,,,,,,,,0.98893,0.9894,0.98875,0.98919,6753,0.9147,0.91519,0.9143,0.91471,8019,80.174,80.183,80.137,80.137,2808,29.894,29.904,29.763,29.845,68,1631.01,1631.621,1626.252,1628.305,60
2012-04-06,08:30:00,8.2,8.3,8.3,Unemployment Rate.xlsx,,,,,,,,,,,,,,,,1.30621,1.30689,1.30621,1.30656,3792,1.5847,1.58512,1.5847,1.58482,1702,,,,,,,,,,,,,,,,0.9925,0.99285,0.99234,0.99242,1597,0.92005,0.92005,0.91959,0.91989,1509,82.403,82.488,82.371,82.43,2271,,,,,,,,,,
2012-03-09,09:30:00,8.3,8.3,8.3,Unemployment Rate.xlsx,,,,,,,,,,,,,,,,1.32169,1.32251,1.32126,1.32185,12842,1.57977,1.5803,1.5755,1.57598,9183,,,,,,,,,,,,,,,,0.99062,0.99172,0.99062,0.99156,7324,0.91203,0.91242,0.91146,0.9121,11493,81.774,81.776,81.666,81.742,3696,33.743,33.804,33.723,33.777,67,1697.633,1699.473,1696.955,1698.789,60
2012-02-03,09:30:00,8.3,8.5,8.5,Unemployment Rate.xlsx,,,,,,,,,,,,,,,,1.31442,1.31742,1.31442,1.31666,15322,1.58187,1.58577,1.58187,1.58478,15475,,,,,,,,,,,,,,,,0.99932,0.99948,0.99809,0.99838,12220,0.91651,0.91657,0.91471,0.91545,12258,76.189,76.221,76.165,76.199,3467,34.275,34.393,34.228,34.266,67,1761.036,1763.188,1759.643,1760.718,60
2012-01-06,09:30:00,8.5,8.7,8.7,Unemployment Rate.xlsx,,,,,,,,,,,,,,,,1.28028,1.28117,1.27938,1.28014,16461,1.5506,1.55144,1.54867,1.54966,12773,,,,,,,,,,,,,,,,1.01735,1.01868,1.01696,1.01814,7736,0.95123,0.95222,0.95077,0.95146,11312,77.146,77.16,77.095,77.117,4399,29.324,29.467,29.265,29.274,72,1621.03,1623.752,1620.112,1620.443,60
2011-12-02,09:30:00,8.6,9.0,9.0,Unemployment Rate.xlsx,,,,,,,,,,,,,,,,1.34742,1.34921,1.34709,1.34833,10684,1.56924,1.57011,1.56659,1.56943,11300,,,,,,,,,,,,,,,,1.01308,1.01389,1.01136,1.01176,5861,0.9161,0.91674,0.915,0.91604,7282,77.802,77.872,77.8,77.839,2121,33.273,33.364,33.207,33.355,75,1747.392,1751.374,1746.43,1751.216,60
2011-11-04,08:30:00,9.0,9.1,9.1,Unemployment Rate.xlsx,,,,,,,,,,,,,,,,1.38001,1.38239,1.37893,1.38014,16284,1.60081,1.60089,1.59936,1.6001,11858,,,,,,,,,,,,,,,,1.0125,1.01414,1.012,1.01386,8625,0.88271,0.88708,0.88225,0.88542,10762,78.05,78.078,78.023,78.038,3541,34.423,34.434,34.224,34.283,73,1758.939,1760.057,1754.549,1755.22,60
2011-10-07,08:30:00,9.1,9.1,9.1,Unemployment Rate.xlsx,,,,,,,,,,,,,,,,1.3446,1.34505,1.34277,1.34301,12727,1.55505,1.55523,1.55071,1.55173,11592,,,,,,,,,,,,,,,,1.03846,1.04023,1.03807,1.0402,4797,0.91972,0.92115,0.91944,0.92088,7403,76.647,76.675,76.637,76.66,2832,32.078,32.099,31.659,31.744,74,1659.045,1660.523,1651.082,1652.624,60
2011-09-02,08:30:00,9.1,9.1,9.1,Unemployment Rate.xlsx,,,,,,,,,,,,,,,,1.42326,1.42523,1.42284,1.42382,13649,1.61987,1.62052,1.61807,1.6192,8315,,,,,,,,,,,,,,,,0.97731,0.9784,0.97727,0.97803,4053,0.78615,0.78752,0.7808,0.78105,8287,76.826,76.852,76.779,76.804,4502,42.231,42.39,42.098,42.217,66,1852.388,1852.394,1846.916,1849.96,60
2011-08-05,08:30:00,9.1,9.2,9.2,Unemployment Rate.xlsx,,,,,,,,,,,,,,,,1.41609,1.41632,1.41259,1.41441,19164,1.62838,1.62904,1.62585,1.62903,11111,,,,,,,,,,,,,,,,0.97775,0.98123,0.97771,0.9788,7565,0.76838,0.76925,0.76619,0.76923,7181,78.54,78.551,78.416,78.505,5918,39.235,39.813,39.226,39.657,98,1655.373,1670.193,1655.114,1667.03,60
2011-07-08,08:30:00,9.2,9.1,9.1,Unemployment Rate.xlsx,,,,,,,,,,,,,,,,1.4318,1.43236,1.4302,1.4302,12114,1.59677,1.59854,1.59609,1.59609,7411,,,,,,,,,,,,,,,,0.95829,0.95864,0.95781,0.95861,3981,0.84681,0.85017,0.84646,0.84913,6903,81.322,81.371,81.314,81.349,4190,36.147,36.234,36.093,36.175,65,1527.25,1527.928,1526.535,1527.08,60
2011-06-03,08:30:00,9.1,9.0,9.0,Unemployment Rate.xlsx,,,,,,,,,,,,,,,,1.44799,1.44978,1.44719,1.44919,10422,1.63426,1.63459,1.63139,1.63271,8558,,,,,,,,,,,,,,,,0.97783,0.97834,0.97696,0.97757,4323,0.84266,0.8431,0.84178,0.84213,4741,80.638,80.71,80.559,80.57,7855,35.569,36.067,35.437,35.924,63,1531.265,1534.449,1530.323,1533.393,60
2011-05-06,08:30:00,9.0,8.8,8.8,Unemployment Rate.xlsx,,,,,,,,,,,,,,,,1.45327,1.45409,1.45082,1.45215,16143,1.6371,1.63968,1.6355,1.63765,13729,,,,,,,,,,,,,,,,0.96873,0.9702,0.96714,0.96747,7112,0.87155,0.87347,0.8713,0.87232,9580,80.428,80.452,80.27,80.293,10848,34.543,35.163,34.481,35.092,1226,1480.11,1484.547,1476.672,1484.469,60
2011-04-01,08:30:00,8.8,8.9,8.9,Unemployment Rate.xlsx,,,,,,,,,,,,,,,,1.41548,1.41671,1.41481,1.4166,7958,1.60689,1.60757,1.60224,1.60348,10499,,,,,,,,,,,,,,,,0.96873,0.96939,0.96819,0.9682,3262,0.92278,0.92299,0.92139,0.92174,7091,83.665,83.714,83.622,83.68,7643,37.654,37.734,37.593,37.673,60,1433.88,1435.645,1432.972,1435.013,60
2011-03-04,09:30:00,8.9,9.1,9.0,Unemployment Rate.xlsx,,,,,,,,,,,,,,,,1.39574,1.39659,1.39554,1.39591,5574,1.62392,1.6247,1.62349,1.62394,7118,,,,,,,,,,,,,,,,0.97356,0.97379,0.9733,0.97355,1997,0.92978,0.93033,0.92965,0.93021,5436,82.447,82.517,82.44,82.51,2639,,,,,,1419.522,1419.972,1418.71,1419.822,60
2011-02-04,09:30:00,9.0,9.6,9.4,Unemployment Rate.xlsx,,,,,,,,,,,,,,,,1.36324,1.36421,1.36293,1.363,7561,1.61538,1.61613,1.6125,1.61288,7685,,,,,,,,,,,,,,,,0.98945,0.99079,0.98912,0.98973,2628,0.94654,0.9473,0.94603,0.94697,11585,81.583,81.617,81.559,81.594,5107,,,,,,1348.88,1349.48,1348.38,1348.58,60
2011-01-07,09:30:00,9.4,9.7,9.8,Unemployment Rate.xlsx,,,,,,,,,,,,,,,,1.29805,1.2994,1.2973,1.2988,8110,1.54369,1.54631,1.54332,1.54554,6531,,,,,,,,,,,,,,,,0.99939,1.00021,0.99913,1.00006,2415,0.96341,0.96425,0.96303,0.96339,6314,83.512,83.56,83.477,83.518,3573,,,,,,1362.942,1363.05,1356.75,1359.0,60
2010-12-03,09:30:00,9.8,9.6,9.6,Unemployment Rate.xlsx,,,,,,,,,,,,,,,,1.32307,1.3251,1.32189,1.32444,10401,1.56364,1.56628,1.56338,1.56555,8809,,,,,,,,,,,,,,,,1.00358,1.00406,1.00203,1.00208,3825,0.99034,0.99134,0.98947,0.99071,6024,83.676,83.686,83.55,83.579,2847,,,,,,1391.141,1392.946,1391.078,1392.012,60
2010-11-05,08:30:00,9.6,9.6,9.6,Unemployment Rate.xlsx,,,,,,,,,,,,,,,,1.41868,1.42289,1.41766,1.41946,4724,1.6191,1.62186,1.61806,1.62059,5904,,,,,,,,,,,,,,,,1.003,1.00357,1.00201,1.00269,3390,0.95869,0.9593,0.9569,0.95733,3660,80.795,80.821,80.619,80.674,4787,,,,,,1384.338,1388.216,1383.092,1386.824,60
2010-10-08,08:30:00,9.6,9.7,9.6,Unemployment Rate.xlsx,,,,,,,,,,,,,,,,1.39201,1.3928,1.38874,1.39071,4165,1.58315,1.58625,1.5825,1.5859,16593,,,,,,,,,,,,,,,,1.0171,1.01775,1.0162,1.0162,10040,0.96725,0.9679,0.96675,0.96675,15623,82.395,82.4,82.265,82.36,14893,,,,,,1334.046,1334.364,1331.624,1332.726,60
2010-09-03,08:30:00,9.6,9.6,9.5,Unemployment Rate.xlsx,,,,,,,,,,,,,,,,1.28288,1.2833,1.28133,1.28314,4285,1.5436,1.54505,1.5391,1.5401,17176,,,,,,,,,,,,,,,,1.0536,1.0558,1.05355,1.05425,5541,1.01355,1.01565,1.0134,1.01435,9883,84.29,84.395,84.26,84.36,10365,,,,,,1251.631,1252.399,1251.041,1251.853,60
2010-08-06,08:30:00,9.5,9.6,9.5,Unemployment Rate.xlsx,,,,,,,,,,,,,,,,1.31955,1.31991,1.31762,1.31872,4527,1.5913,1.59175,1.585,1.585,12201,,,,,,,,,,,,,,,,1.0155,1.0171,1.01535,1.01665,3888,1.0486,1.04875,1.04575,1.04695,10509,86.095,86.14,86.04,86.07,15810,,,,,,1197.612,1197.961,1195.215,1195.707,60
2010-07-02,08:30:00,9.5,9.8,9.7,Unemployment Rate.xlsx,,,,,,,,,,,,,,,,1.24966,1.25097,1.24855,1.25022,4708,1.51705,1.5206,1.5154,1.5206,9005,,,,,,,,,,,,,,,,1.0601,1.0617,1.0592,1.0593,5604,1.0641,1.0697,1.0641,1.0683,12150,87.925,88.035,87.91,87.925,15172,,,,,,1211.28,1211.584,1208.674,1210.267,60
2010-06-04,08:30:00,9.7,9.8,9.9,Unemployment Rate.xlsx,,,,,,,,,,,,,,,,1.21901,1.2214,1.21854,1.22039,4180,1.4646,1.4681,1.4627,1.4669,21076,,,,,,,,,,,,,,,,1.039,1.03945,1.0369,1.0375,6477,1.15385,1.15525,1.1519,1.15275,26422,92.715,92.825,92.685,92.77,20681,,,,,,1205.836,1205.896,1202.974,1205.125,60
2010-05-07,08:30:00,9.9,9.7,9.7,Unemployment Rate.xlsx,,,,,,,,,,,,,,,,1.27145,1.27724,1.27061,1.27227,4786,1.4718,1.4739,1.46205,1.46305,11310,,,,,,,,,,,,,,,,1.05485,1.05525,1.04955,1.0534,12301,1.1138,1.1148,1.1094,1.1142,34693,92.075,92.29,92.035,92.085,19921,,,,,,1201.712,1202.146,1195.661,1197.339,60
2010-04-02,08:30:00,9.7,9.7,9.7,Unemployment Rate.xlsx,,,,,,,,,,,,,,,,1.355,1.3557,1.35435,1.35496,4748,1.52555,1.52665,1.52515,1.52555,5231,,,,,,,,,,,,,,,,1.01185,1.01205,1.01097,1.0117,8453,1.05675,1.05725,1.05645,1.0572,3648,93.935,93.94,93.815,93.895,6403,,,,,,1118.65,1120.377,1117.96,1118.593,58
2010-03-05,09:30:00,9.7,9.8,9.7,Unemployment Rate.xlsx,,,,,,,,,,,,,,,,1.35932,1.36062,1.35856,1.35895,4810,1.5034,1.5055,1.5031,1.5035,9652,,,,,,,,,,,,,,,,1.0324,1.03305,1.0319,1.03225,3818,1.076,1.0765,1.07505,1.07635,15984,89.265,89.31,89.2,89.23,15925,,,,,,1134.264,1135.849,1133.461,1135.222,60
2010-02-05,09:30:00,9.7,10.0,10.0,Unemployment Rate.xlsx,,,,,,,,,,,,,,,,1.3691,1.37034,1.36692,1.3674,3968,1.5689,1.57135,1.56705,1.5709,11174,,,,,,,,,,,,,,,,1.07455,1.0758,1.073,1.0758,5912,1.07345,1.0752,1.0716,1.0748,22037,89.66,89.685,89.43,89.435,28708,,,,,,1053.341,1056.712,1052.053,1052.987,60
2010-01-08,09:30:00,10.0,10.1,10.0,Unemployment Rate.xlsx,,,,,,,,,,,,,,,,1.43287,1.43336,1.43154,1.43219,4119,1.6017,1.6037,1.60135,1.60315,14821,,,,,,,,,,,,,,,,1.03315,1.0342,1.0328,1.03315,3974,1.0335,1.03455,1.03325,1.0345,23179,93.1,93.13,92.835,93.12,31993,,,,,,1124.534,1125.308,1123.286,1123.67,60
2009-12-04,09:30:00,10.0,10.2,10.2,Unemployment Rate.xlsx,,,,,,,,,,,,,,,,1.50666,1.50749,1.50559,1.50675,4020,1.6629,1.66405,1.66035,1.6615,14995,,,,,,,,,,,,,,,,1.05485,1.0556,1.0543,1.0547,3944,1.00015,1.0008,0.999,0.9996,17777,88.11,88.19,88.095,88.18,31307,,,,,,1204.179,1206.747,1202.83,1205.729,60
2009-11-06,09:30:00,10.2,9.9,9.8,Unemployment Rate.xlsx,,,,,,,,,,,,,,,,1.48935,1.49008,1.48843,1.48984,4973,1.66195,1.6635,1.65955,1.6609,14006,,,,,,,,,,,,,,,,1.06125,1.06225,1.0612,1.0615,11022,1.01495,1.0155,1.01465,1.0148,22563,90.57,90.58,90.47,90.52,19615,,,,,,1093.577,1095.656,1093.051,1094.173,60
2009-10-02,08:30:00,9.8,9.8,9.7,Unemployment Rate.xlsx,,,,,,,,,,,,,,,,1.45404,1.4563,1.45276,1.45507,4252,1.5883,1.5917,1.5876,1.59035,20914,,,,,,,,,,,,,,,,1.0881,1.08935,1.0874,1.08825,5790,1.04055,1.0411,1.03855,1.03935,21467,89.37,89.42,89.3,89.37,29645,,,,,,997.92,998.945,996.538,997.533,60
2009-09-04,08:30:00,9.7,9.5,9.4,Unemployment Rate.xlsx,,,,,,,,,,,,,,,,1.42706,1.42895,1.42633,1.42796,4670,1.6346,1.6363,1.63365,1.6359,15186,,,,,,,,,,,,,,,,1.1007,1.1009,1.0972,1.0976,6040,1.0621,1.0625,1.0608,1.06125,11535,92.87,92.87,92.725,92.795,17950,,,,,,986.704,988.907,985.93,988.881,60
2009-08-07,08:30:00,9.4,9.6,9.5,Unemployment Rate.xlsx,,,,,,,,,,,,,,,,1.43557,1.4378,1.43493,1.43596,4928,,,,,,,,,,,,,,,,,,,,,,,,,,,,,,,,,,,,,,,,,960.264,961.856,959.316,959.756,60
2009-07-02,08:30:00,9.5,9.6,9.4,Unemployment Rate.xlsx,,,,,,,,,,,,,,,,,,,,,,,,,,,,,,,,,,,,,,,,,,,,,,,,,,,,,,,,,,,,,937.865,938.09,935.233,936.63,60
2009-06-05,08:30:00,9.4,9.2,8.9,Unemployment Rate.xlsx,,,,,,,,,,,,,,,,,,,,,,,,,,,,,,,,,,,,,,,,,,,,,,,,,,,,,,,,,,,,,979.168,979.812,978.286,979.148,59
2009-05-08,08:30:00,8.9,8.9,8.5,Unemployment Rate.xlsx,,,,,,,,,,,,,,,,,,,,,,,,,,,,,,,,,,,,,,,,,,,,,,,,,,,,,,,,,,,,,913.226,913.909,912.399,913.249,60
2009-04-03,08:30:00,8.5,8.5,8.1,Unemployment Rate.xlsx,,,,,,,,,,,,,,,,,,,,,,,,,,,,,,,,,,,,,,,,,,,,,,,,,,,,,,,,,,,,,907.716,908.245,903.3,903.675,60
2009-03-06,09:30:00,8.1,7.9,7.6,Unemployment Rate.xlsx,,,,,,,,,,,,,,,,,,,,,,,,,,,,,,,,,,,,,,,,,,,,,,,,,,,,,,,,,,,,,941.782,941.782,938.313,938.968,60
2009-02-06,09:30:00,7.6,7.5,7.2,Unemployment Rate.xlsx,,,,,,,,,,,,,,,,,,,,,,,,,,,,,,,,,,,,,,,,,,,,,,,,,,,,,,,,,,,,,910.367,913.708,909.823,911.201,60
2009-01-09,09:30:00,7.2,7.0,6.7,Unemployment Rate.xlsx,,,,,,,,,,,,,,,,,,,,,,,,,,,,,,,,,,,,,,,,,,,,,,,,,,,,,,,,,,,,,853.004,854.001,851.915,852.977,60
2025-08-12,08:30:00,2.7,2.8,2.7,cpi.csv,66.865,66.92,66.495,66.565,60,118975.4,119039.0,118727.2,118795.2,2,4313.1,4328.4,4293.5,4308.1,2,1.16203,1.16222,1.16116,1.16144,3215,1.34588,1.34711,1.34476,1.34687,3580,44073.763,44073.763,44029.727,44035.499,60,6385.878,6386.429,6378.622,6379.369,60,23563.932,23570.299,23532.553,23539.476,60,1.37788,1.37919,1.37758,1.37885,4423,0.80991,0.81012,0.80913,0.80991,4294,148.263,148.466,148.261,148.423,4424,37.784,37.818,37.699,37.781,80,3355.375,3355.595,3345.335,3347.698,60
2025-07-15,08:30:00,2.7,2.6,2.4,cpi.csv,68.72,68.925,68.635,68.895,60,116756.2,116829.6,116321.9,116734.8,2,2974.4,2980.2,2957.5,2970.6,2,1.16902,1.16912,1.16816,1.16863,2966,1.34531,1.34531,1.34409,1.34461,2372,44433.799,44447.515,44372.039,44397.051,60,6287.828,6290.334,6284.083,6287.075,60,22983.009,23000.842,22966.343,22978.331,60,1.36876,1.36885,1.36832,1.36848,3869,0.79577,0.79624,0.79546,0.79581,2105,147.736,147.766,147.651,147.673,3581,38.343,38.348,38.202,38.237,164,3364.135,3365.445,3356.345,3360.748,60
2025-06-11,08:30:00,2.4,2.5,2.3,cpi.csv,66.985,67.07,66.825,66.905,60,109445.7,109652.0,109444.2,109570.1,2,2789.5,2791.6,2763.3,2767.1,2,1.14195,1.14384,1.14182,1.14307,4065,1.34831,1.34959,1.34798,1.34941,3618,42802.515,42850.051,42786.027,42829.075,60,6028.486,6035.884,6026.863,6033.113,60,21903.687,21933.589,21895.143,21918.086,60,1.3675,1.36835,1.36737,1.36816,3988,0.82255,0.82264,0.82134,0.82199,3851,145.122,145.148,145.002,145.065,5552,36.534,36.554,36.453,36.486,111,3345.409,3346.555,3342.518,3344.298,60
2025-05-13,08:30:00,2.3,2.4,2.4,cpi.csv,64.965,65.31,64.715,65.215,60,102649.2,102931.3,102531.1,102705.3,2,2457.7,2468.8,2449.2,2454.7,2,1.11156,1.11175,1.11025,1.11119,9262,1.32113,1.32168,1.32,1.32112,4325,42294.299,42350.015,42290.539,42308.563,60,5822.075,5828.331,5818.578,5819.569,60,20763.821,20793.476,20742.486,20750.854,60,1.39862,1.39909,1.39802,1.39882,4961,0.84061,0.84088,0.83949,0.83977,8008,147.853,148.061,147.731,147.918,11759,33.179,33.199,33.075,33.126,73,3258.985,3261.055,3250.165,3255.375,60
2025-04-10,08:30:00,2.4,2.5,2.8,cpi.csv,63.805,64.025,63.273,63.36,60,81568.1,81806.4,81387.1,81503.7,2,1592.7,1595.6,1580.6,1589.2,2,1.10264,1.10477,1.10159,1.10373,18339,1.28765,1.28787,1.28599,1.28689,10019,40092.339,40184.875,39869.387,39945.875,60,5363.486,5378.004,5322.248,5335.248,60,18743.632,18806.053,18561.889,18629.297,60,1.40627,1.40945,1.40609,1.40756,12536,0.8499,0.85032,0.84561,0.84609,13147,146.27,146.426,146.15,146.309,27199,30.967,31.002,30.718,30.901,130,3108.235,3115.605,3104.325,3104.967,60
2025-03-12,08:30:00,2.8,2.9,3.0,cpi.csv,69.825,70.005,69.765,69.815,59,82367.3,82749.6,81968.6,82623.7,2,1907.4,1932.0,1871.1,1924.4,2,1.09012,1.09216,1.08975,1.09212,13794,1.29284,1.2942,1.29233,1.29419,14464,41539.915,41627.699,41468.475,41616.487,60,5590.625,5607.033,5579.913,5605.184,60,19448.219,19529.443,19415.687,19520.643,60,1.44513,1.4459,1.44329,1.44337,12179,0.88275,0.88298,0.88148,0.88166,6204,148.589,148.65,148.257,148.336,17931,32.939,33.034,32.88,33.023,139,2914.315,2922.075,2913.795,2922.055,60
2025-02-12,09:30:00,3.0,2.9,2.9,cpi.csv,76.285,76.395,76.135,76.265,60,96305.7,96331.4,95992.3,96098.3,2,2626.9,2629.2,2607.8,2626.2,2,1.03709,1.03739,1.03646,1.03733,6269,1.2442,1.24469,1.24348,1.24462,5729,44556.439,44556.927,44485.403,44539.403,60,6065.329,6065.471,6052.793,6059.669,60,21705.999,21706.197,21643.586,21677.089,60,1.43013,1.43127,1.42995,1.43076,6532,0.91145,0.91161,0.91023,0.91047,4601,153.555,153.592,153.411,153.517,9371,31.77,31.809,31.699,31.722,63,2891.555,2893.295,2886.148,2886.495,60
2025-01-15,09:30:00,2.9,2.9,2.7,cpi.csv,79.927,80.107,79.602,80.032,60,97129.8,97299.8,96707.8,96745.3,2,3228.3,3233.4,3192.7,3195.2,2,1.02964,1.03131,1.0296,1.03098,8294,1.22059,1.22254,1.22001,1.22181,5446,42553.999,42596.475,42547.487,42574.475,60,5844.742,5851.946,5843.306,5848.97,60,20773.398,20812.753,20767.331,20801.01,60,1.43523,1.43524,1.43425,1.43461,5634,0.9121,0.91213,0.91131,0.91173,5317,157.11,157.125,156.708,156.864,29769,30.029,30.13,29.987,30.094,88,2683.805,2688.398,2682.745,2685.699,60
2024-12-11,09:30:00,2.7,2.7,2.6,cpi.csv,72.513,72.953,72.438,72.828,60,98101.6,98157.6,97752.7,97961.1,2,3694.9,3698.5,3681.7,3698.3,2,1.05055,1.05097,1.04964,1.05005,22493,1.27482,1.27521,1.27271,1.27295,9726,44244.585,44244.585,44193.515,44196.587,60,6040.04,6042.917,6039.822,6041.337,60,21391.275,21414.598,21389.197,21407.765,60,1.41806,1.41898,1.41764,1.41842,10008,0.88414,0.88484,0.88359,0.88424,10221,151.624,152.722,151.004,152.678,60581,31.689,31.726,31.599,31.637,63,2690.814,2695.678,2685.724,2695.458,60
2024-11-13,09:30:00,2.6,2.6,2.4,cpi.csv,72.113,72.603,72.067,72.368,60,87299.5,87612.2,87151.0,87468.1,2,3159.1,3170.0,3141.7,3162.1,2,1.06121,1.06298,1.06079,1.06269,8692,1.27451,1.27556,1.2734,1.27509,6277,43828.299,43854.299,43803.503,43844.099,60,5979.522,5982.647,5977.767,5981.512,60,21068.618,21073.686,21054.11,21067.064,60,1.39558,1.39586,1.39445,1.39473,6716,0.88266,0.88301,0.88226,0.88254,6227,155.008,155.063,154.794,154.895,30752,30.884,30.986,30.865,30.943,114,2607.495,2611.515,2607.165,2608.455,60
2024-10-10,08:30:00,2.4,2.3,2.5,cpi.csv,77.148,77.383,76.983,77.123,60,60859.3,61018.2,60756.2,60769.7,2,2393.9,2394.8,2378.3,2379.2,2,1.09378,1.09392,1.09282,1.09329,10266,1.30831,1.30834,1.30675,1.30737,6086,42445.775,42470.275,42431.739,42456.227,60,5780.371,5783.884,5778.55,5780.869,60,20231.419,20240.41,20215.332,20227.199,60,1.37283,1.37343,1.37283,1.37338,4171,0.85997,0.86125,0.85997,0.86045,4334,149.018,149.21,148.983,149.068,18657,30.547,30.555,30.482,30.506,111,2616.635,2617.195,2613.415,2615.328,60
2024-09-11,08:30:00,2.5,2.5,2.9,cpi.csv,70.257,70.537,70.107,70.497,60,56678.2,56682.3,56323.7,56364.2,2,2339.2,2339.5,2320.0,2320.4,2,1.10412,1.10479,1.10366,1.10437,9923,1.30825,1.30875,1.30773,1.30827,4376,40629.899,40635.687,40552.651,40559.127,60,5484.196,5485.323,5472.734,5474.256,60,18788.899,18794.964,18736.721,18747.642,60,1.35928,1.35946,1.35844,1.35851,6586,0.84564,0.84597,0.84487,0.84554,5008,141.386,141.696,141.331,141.533,34401,28.733,28.799,28.716,28.769,136,2521.325,2527.085,2520.585,2524.165,60
2024-08-14,08:30:00,2.9,3.0,3.0,cpi.csv,81.123,81.313,80.963,81.283,60,60889.6,60916.3,60620.1,60873.4,2,2725.6,2734.7,2713.6,2723.7,4,1.10056,1.10199,1.10025,1.10192,10070,1.28381,1.28449,1.2823,1.28409,3236,39784.099,39822.051,39769.015,39820.063,60,5432.883,5435.677,5429.16,5434.89,60,18997.354,19013.619,18965.043,18989.087,60,1.37093,1.37123,1.37081,1.37082,1796,0.86354,0.86405,0.86219,0.86244,6171,147.405,147.501,147.098,147.114,21260,27.858,27.915,27.822,27.896,82,2470.825,2478.615,2468.605,2474.308,60
2024-07-11,08:30:00,3.0,3.1,3.3,cpi.csv,85.353,85.588,85.233,85.233,60,58153.4,58285.1,58022.2,58123.8,2,3115.6,3127.9,3112.1,3120.3,4,1.08396,1.08478,1.08382,1.08473,5802,1.28658,1.28752,1.28658,1.28751,3625,39688.375,39707.387,39681.815,39688.599,60,5630.793,5632.174,5629.011,5629.762,55,20658.097,20665.908,20650.999,20655.343,60,1.36317,1.36348,1.36286,1.36302,4256,0.89895,0.89904,0.89829,0.89838,3312,161.633,161.633,161.502,161.531,7767,30.92,30.996,30.885,30.982,70,2379.795,2383.985,2379.435,2381.305,60
2024-06-12,08:30:00,3.3,3.4,3.4,cpi.csv,82.393,82.613,82.373,82.583,59,67402.7,67490.8,67334.3,67351.3,2,3524.2,3528.0,3517.2,3518.2,2,1.07445,1.07539,1.07444,1.07466,7537,1.27504,1.27595,1.27498,1.27574,3461,38783.575,38798.515,38767.039,38784.575,60,5378.327,5381.637,5377.341,5380.244,60,19220.697,19231.899,19212.598,19226.876,60,1.37449,1.37498,1.37404,1.37498,3060,0.8969,0.89705,0.89645,0.89658,2460,157.267,157.316,157.253,157.301,11515,29.372,29.404,29.314,29.334,62,2314.445,2315.628,2310.665,2312.685,60
2024-05-15,08:30:00,3.4,3.4,3.5,cpi.csv,82.743,82.903,82.627,82.848,60,62153.7,62231.1,62021.7,62110.0,2,2914.0,2916.1,2901.0,2902.7,2,1.08258,1.08345,1.08245,1.08297,4307,1.2594,1.26138,1.25939,1.26124,3770,39560.115,39572.399,39543.103,39570.139,60,5244.842,5248.349,5244.34,5248.102,59,18304.775,18318.899,18300.264,18318.054,60,1.36341,1.36347,1.36243,1.36253,3161,0.90533,0.90543,0.90443,0.90495,2433,156.098,156.121,155.573,155.649,22827,28.641,28.905,28.638,28.895,136,2362.315,2374.175,2362.255,2373.085,60
2024-04-10,08:30:00,3.5,3.4,3.2,cpi.csv,89.793,89.813,89.323,89.683,60,69288.9,69293.7,68767.4,68976.1,2,3533.8,3534.2,3498.4,3514.7,5,1.08552,1.08605,1.08513,1.08603,7803,1.26884,1.26943,1.26831,1.26941,2945,38929.099,38966.075,38908.799,38955.587,60,5215.249,5219.647,5213.141,5218.616,60,18200.81,18218.721,18190.532,18213.554,60,1.35621,1.35681,1.35613,1.35632,3278,0.90379,0.90412,0.90333,0.90363,4319,151.841,151.883,151.826,151.852,12315,28.091,28.107,28.011,28.071,156,2353.138,2355.795,2352.275,2354.465,60
2024-03-12,08:30:00,3.2,3.1,3.1,cpi.csv,82.713,82.993,82.483,82.558,60,72113.5,72151.6,71363.2,71640.1,2,4024.9,4031.6,3964.5,3983.2,5,1.09318,1.09334,1.09212,1.09248,12142,1.27897,1.27971,1.27759,1.27858,4419,38829.599,38844.515,38752.027,38766.063,60,5139.453,5142.28,5128.922,5130.631,60,18062.485,18079.72,18013.253,18021.764,60,1.34728,1.34787,1.34697,1.34733,4812,0.87672,0.87691,0.87609,0.87648,2941,147.334,147.483,147.28,147.326,24267,24.411,24.46,24.39,24.453,67,2176.885,2178.455,2175.865,2177.715,60
2024-02-13,09:30:00,3.1,2.9,3.4,cpi.csv,81.988,82.713,81.953,82.573,60,50097.7,50215.2,49982.7,50179.5,2,2661.0,2679.6,2655.0,2675.2,2,1.07675,1.07693,1.07567,1.07666,9918,1.26422,1.26546,1.2636,1.26543,3452,38731.599,38750.575,38720.051,38748.051,60,5008.243,5010.797,5005.033,5007.286,60,17815.71,17827.809,17784.265,17791.876,60,1.34561,1.34626,1.34491,1.34503,3194,0.88086,0.88169,0.87948,0.87961,7153,149.613,149.683,149.552,149.575,20679,22.861,22.925,22.841,22.915,92,2026.005,2026.835,2025.095,2026.595,60
2024-01-11,09:30:00,3.4,3.2,3.1,cpi.csv,77.263,78.113,77.203,78.083,60,46249.7,46309.3,46176.5,46188.7,2,2613.3,2617.9,2602.4,2606.1,6,1.09749,1.09752,1.09588,1.09637,14802,1.27619,1.2762,1.27382,1.27392,4047,37797.589,37799.799,37730.029,37739.009,60,4800.429,4801.049,4790.661,4792.164,60,16893.489,16894.109,16847.319,16856.019,60,1.33685,1.3376,1.33677,1.33705,2416,0.85055,0.85103,0.84998,0.85084,4419,145.477,145.574,145.451,145.543,18646,22.972,22.986,22.942,22.967,60,2030.708,2032.375,2030.125,2031.225,60
2023-12-12,09:30:00,3.1,3.1,3.2,cpi.csv,76.233,76.463,76.167,76.273,60,41995.2,41996.6,41770.3,41770.7,2,2232.2,2232.2,2222.4,2222.7,2,1.07852,1.07975,1.07805,1.07932,12749,1.25485,1.25667,1.25424,1.25651,3686,36433.599,36497.589,36431.059,36492.019,60,4624.709,4630.162,4624.201,4629.642,59,16242.929,16254.929,16236.519,16253.839,60,1.35672,1.35728,1.35635,1.35661,3112,0.8771,0.87818,0.87664,0.87769,4481,145.561,145.613,145.321,145.41,27491,22.856,22.909,22.843,22.901,60,1983.665,1985.985,1982.615,1985.785,60
2023-11-14,09:30:00,3.2,3.3,3.7,cpi.csv,82.713,82.753,82.252,82.487,60,36709.0,36714.8,36451.7,36456.9,2,2059.9,2060.5,2044.9,2045.1,2,1.0698,1.07176,1.0696,1.07156,13935,1.22817,1.23029,1.22791,1.23018,4367,34360.077,34398.299,34356.099,34383.009,60,4416.697,4421.636,4416.147,4419.163,60,15530.787,15542.789,15522.399,15528.519,60,1.38257,1.38276,1.38144,1.38193,5910,0.9019,0.9021,0.90093,0.90146,4216,151.717,151.732,151.602,151.703,8551,22.354,22.469,22.344,22.431,78,1945.305,1947.865,1945.175,1947.045,60
2023-10-12,08:30:00,3.7,3.6,3.7,cpi.csv,86.468,86.873,86.293,86.728,60,26773.2,26783.8,26733.8,26761.0,2,1556.1,1557.6,1553.7,1554.4,2,1.06201,1.06268,1.06193,1.06263,9886,1.2295,1.23086,1.22928,1.22956,5121,33865.599,33922.297,33857.049,33919.559,60,4386.984,4392.892,4385.756,4392.649,60,15289.289,15305.799,15282.719,15305.519,60,1.35903,1.35949,1.35848,1.35923,4133,0.90143,0.90143,0.89995,0.89995,5118,149.179,149.19,149.057,149.081,14013,22.103,22.185,22.094,22.149,70,1878.755,1881.358,1878.555,1880.265,60
2023-09-13,08:30:00,3.7,3.6,3.2,cpi.csv,92.488,92.813,92.373,92.598,60,25837.5,25926.6,25828.3,25913.8,2,1581.4,1591.3,1580.7,1589.5,2,1.07436,1.07447,1.07316,1.0735,16055,1.24683,1.24782,1.24659,1.24772,5688,34655.027,34663.299,34601.799,34606.509,60,4462.567,4465.006,4457.369,4457.863,60,15295.219,15306.799,15274.229,15274.229,60,1.35621,1.3565,1.35552,1.35591,6703,0.89197,0.89326,0.89184,0.89298,5293,147.265,147.371,147.206,147.252,26282,22.935,22.951,22.908,22.917,61,1911.905,1912.495,1911.068,1912.125,60
2023-08-10,08:30:00,3.2,3.3,3.0,cpi.csv,87.708,87.953,87.503,87.743,60,29470.3,29494.5,29437.9,29478.9,2,1846.3,1847.6,1845.3,1847.1,2,1.10083,1.10263,1.10081,1.10186,18032,1.27445,1.27696,1.2743,1.27564,6162,35300.009,35313.569,35274.499,35294.549,60,4493.264,4495.404,4489.237,4492.452,60,15200.379,15213.819,15184.219,15200.879,60,1.34061,1.34097,1.34012,1.34073,3935,0.87393,0.87402,0.87226,0.87324,6463,143.808,143.852,143.713,143.803,17505,22.802,22.845,22.761,22.762,79,1919.235,1921.165,1918.565,1919.295,60
2023-07-12,08:30:00,3.0,3.1,4.0,cpi.csv,79.548,79.683,79.313,79.668,60,30711.6,30730.8,30648.6,30702.5,2,1888.4,1889.5,1884.3,1887.2,2,1.10271,1.10304,1.10216,1.10221,14281,1.29399,1.29452,1.29318,1.2932,3832,34294.029,34314.589,34285.499,34311.509,60,4444.81,4446.797,4443.834,4446.33,58,15150.727,15156.569,15144.049,15150.499,60,1.32176,1.32219,1.32078,1.32114,3105,0.87869,0.87921,0.87782,0.87795,6386,139.568,139.733,139.534,139.603,18892,23.135,23.18,23.111,23.153,60,1934.615,1936.385,1933.635,1934.665,60
2023-06-13,08:30:00,4.0,4.1,4.9,cpi.csv,72.437,72.853,72.253,72.803,60,26042.4,26237.7,26027.1,26145.1,2,1745.7,1756.0,1744.2,1750.4,3,1.07995,1.08082,1.07942,1.08074,12344,1.25652,1.25679,1.25537,1.2565,5048,34088.017,34104.299,34075.529,34091.079,60,4348.947,4352.537,4347.35,4350.592,59,14864.919,14883.299,14856.719,14872.029,60,1.33543,1.33612,1.33504,1.33508,3644,0.90442,0.90525,0.90442,0.90466,3410,139.49,139.627,139.486,139.514,18742,24.186,24.213,24.144,24.195,63,1962.084,1964.675,1961.365,1964.055,60
2023-05-10,08:30:00,4.9,5.0,5.0,cpi.csv,76.528,76.668,76.093,76.343,60,27519.4,27572.1,27463.3,27551.9,2,1836.2,1839.1,1832.8,1836.0,2,1.09646,1.09647,1.09502,1.09519,22105,1.26224,1.26336,1.26133,1.26222,5339,33505.097,33542.799,33470.089,33533.499,60,4111.356,4115.833,4106.121,4114.352,60,13163.597,13177.897,13140.129,13170.569,60,1.33894,1.33974,1.33877,1.33929,4666,0.88969,0.89069,0.88919,0.89061,5190,135.239,135.288,135.117,135.26,23442,25.666,25.666,25.518,25.547,61,2031.624,2031.774,2026.138,2028.424,60
2023-04-12,08:30:00,5.0,5.2,6.0,cpi.csv,85.753,85.763,85.373,85.718,60,29975.4,30038.7,29902.8,29910.1,2,1869.4,1872.7,1864.7,1864.8,2,1.09265,1.09299,1.0918,1.09237,15260,1.24233,1.24277,1.24078,1.24179,5516,33734.007,33762.099,33724.049,33733.029,60,4111.43,4117.296,4111.117,4112.549,60,12952.217,12981.219,12951.059,12967.019,60,1.34651,1.34705,1.34601,1.34678,4125,0.90265,0.90311,0.90227,0.90298,3002,133.845,133.968,133.75,133.818,12034,25.215,25.225,25.073,25.084,85,2012.925,2013.534,2008.875,2008.995,60
2023-03-14,08:30:00,6.0,6.0,6.4,cpi.csv,79.873,80.248,79.108,79.438,60,24336.2,24379.6,24179.7,24302.2,2,1673.1,1675.8,1660.5,1670.9,2,1.06895,1.07071,1.06829,1.07061,37838,1.21543,1.2169,1.21405,1.21657,24465,31912.497,31989.799,31874.589,31984.799,60,3867.486,3877.604,3863.651,3876.899,60,11945.089,11988.799,11938.289,11983.309,60,1.3715,1.37348,1.3711,1.37236,19941,0.91257,0.91441,0.91196,0.91209,11420,133.547,134.331,133.472,134.088,74272,21.856,21.869,21.645,21.693,189,1912.525,1913.235,1900.655,1904.255,60
2023-02-14,09:30:00,6.4,6.2,6.5,cpi.csv,86.053,86.162,85.804,85.949,60,21675.2,21845.5,21669.5,21797.6,2,1496.6,1516.8,1495.1,1509.7,2,1.07485,1.07668,1.07445,1.07612,20963,1.21752,1.21882,1.21668,1.21881,5566,34221.019,34286.059,34212.029,34253.079,60,4135.211,4145.773,4134.699,4141.812,60,12486.027,12530.859,12482.259,12517.039,60,1.3338,1.33414,1.33267,1.33352,5419,0.91634,0.91743,0.91576,0.91633,4547,132.011,132.079,131.909,132.018,43339,21.85,21.895,21.801,21.821,168,1860.045,1863.748,1859.358,1862.535,60
2023-01-12,09:30:00,6.5,6.5,7.1,cpi.csv,82.777,83.562,82.777,83.537,60,18108.1,18134.9,18093.8,18128.4,2,1397.8,1400.3,1396.6,1397.1,2,1.07479,1.07732,1.07426,1.07651,26285,1.21404,1.21818,1.21363,1.21766,7516,33947.017,33975.299,33937.079,33964.549,60,3966.789,3970.326,3965.049,3969.006,60,11391.189,11408.497,11386.119,11403.329,60,1.34393,1.34436,1.34196,1.3423,6767,0.9342,0.93448,0.93047,0.9311,6444,131.691,131.727,130.853,130.956,56263,23.672,23.751,23.665,23.726,166,1881.975,1885.325,1881.075,1884.248,60
2022-12-13,09:30:00,7.1,7.3,7.8,cpi.csv,79.302,79.527,78.737,78.957,60,17128.7,17458.6,17122.6,17396.7,2,1263.0,1281.1,1262.4,1276.5,2,1.05473,1.05473,1.0531,1.05429,18905,1.22671,1.22835,1.22537,1.22739,7634,34012.079,34097.297,34010.569,34053.299,60,3991.603,4003.472,3990.995,3997.413,60,11708.657,11752.859,11703.339,11731.089,60,1.36168,1.36249,1.36045,1.36221,8437,0.93638,0.93747,0.93633,0.93642,6320,137.643,137.771,137.559,137.676,31503,23.353,23.417,23.3,23.376,65,1785.618,1785.758,1782.875,1784.455,60
2022-11-10,09:30:00,7.7,8.0,8.2,cpi.csv,92.312,92.917,92.112,92.617,60,16784.8,16795.6,16568.3,16620.4,2,1212.6,1215.5,1180.0,1192.2,6,0.9991,0.99915,0.99593,0.99608,34690,1.1386,1.13949,1.13626,1.13661,9225,32568.087,32603.799,32549.039,32591.999,60,3756.123,3760.906,3753.629,3758.829,60,10827.629,10842.289,10814.829,10829.309,60,1.35316,1.35454,1.35245,1.3539,15773,0.98575,0.9879,0.9857,0.98782,10168,146.267,146.437,146.258,146.419,34425,21.057,21.13,20.987,21.06,69,1707.278,1708.718,1704.468,1706.917,60
2022-10-13,08:30:00,8.2,8.1,8.2,cpi.csv,93.337,93.367,92.827,93.217,60,18968.7,18996.3,18928.0,18972.7,2,1274.6,1277.8,1271.0,1275.4,2,0.97057,0.97141,0.96979,0.97137,24562,1.10879,1.11033,1.10721,1.11024,6042,29273.589,29346.059,29246.559,29337.027,60,3582.362,3591.536,3578.26,3590.248,60,10784.699,10807.909,10768.809,10803.399,60,1.38136,1.38278,1.38037,1.38054,12345,0.99919,1.00035,0.99857,0.99858,10245,146.832,146.859,146.799,146.824,20374,19.017,19.107,18.977,19.101,83,1672.198,1675.158,1670.528,1674.775,60
2022-09-13,08:30:00,8.3,8.1,8.5,cpi.csv,94.727,95.222,94.652,95.027,60,22235.8,22271.3,22154.9,22197.7,2,1713.6,1715.7,1706.5,1712.4,4,1.01472,1.01562,1.01325,1.01544,21566,1.17259,1.17321,1.17083,1.17138,5907,32511.559,32530.099,32500.539,32514.099,60,4129.048,4130.399,4126.139,4128.842,60,12798.277,12801.069,12779.369,12790.689,60,1.29707,1.29784,1.29688,1.29741,9430,0.9502,0.95264,0.95011,0.95092,11089,142.251,142.409,142.209,142.248,26771,19.806,19.879,19.733,19.829,74,1723.858,1726.008,1721.808,1725.235,60
2022-08-10,08:30:00,8.5,8.7,9.1,cpi.csv,95.777,96.217,95.467,95.797,60,22933.9,23098.9,22932.1,23073.3,2,1683.8,1703.9,1682.9,1700.7,4,1.02103,1.02257,1.0202,1.02221,17118,1.2087,1.21052,1.20809,1.20946,5316,32798.099,32868.099,32786.499,32849.799,60,4124.239,4138.139,4123.148,4135.654,60,13004.319,13070.299,13000.229,13064.429,60,1.28765,1.28802,1.28646,1.28663,5192,0.95115,0.95244,0.95106,0.95163,7820,134.946,135.048,134.914,134.966,13168,20.375,20.441,20.334,20.421,74,1790.378,1792.984,1788.524,1792.287,60
2022-07-13,08:30:00,9.1,8.8,8.6,cpi.csv,100.288,101.022,100.052,100.986,60,19650.6,19865.1,19616.1,19798.0,2,1065.9,1075.6,1062.2,1072.9,4,1.00327,1.0048,1.00232,1.00364,13804,1.19042,1.19143,1.1876,1.18899,11599,30971.529,31084.089,30946.009,31078.009,60,3819.154,3833.999,3815.139,3833.151,60,11761.869,11803.379,11738.459,11802.039,60,1.30189,1.30257,1.30123,1.30125,8691,0.97891,0.97948,0.97754,0.97871,9156,137.039,137.17,137.03,137.16,7344,18.976,19.0,18.94,18.982,61,1726.737,1727.828,1725.194,1727.78,60
2022-06-10,08:30:00,8.6,8.3,8.3,cpi.csv,122.267,123.422,122.197,123.182,60,29985.7,30050.0,29924.7,29954.4,2,1784.3,1790.6,1780.5,1781.7,4,1.06255,1.06332,1.06074,1.06145,8401,1.24694,1.24854,1.24688,1.24819,7378,32210.597,32305.299,32202.019,32220.999,60,4010.654,4025.699,4009.436,4014.951,60,12263.997,12321.809,12256.419,12287.559,60,1.27085,1.27191,1.27019,1.27184,6324,0.97837,0.97908,0.97785,0.97901,6129,133.609,133.864,133.583,133.857,9665,21.663,21.722,21.608,21.608,60,1845.394,1846.808,1844.148,1844.573,60
2022-05-11,08:30:00,8.3,8.1,8.5,cpi.csv,104.797,106.012,104.717,105.912,60,30561.0,31374.4,30381.2,31362.4,2,2311.5,2375.3,2290.3,2373.7,9,1.05521,1.05745,1.05493,1.05678,17403,1.23445,1.23732,1.23396,1.23725,9348,32230.057,32461.799,32220.569,32449.509,60,4013.042,4045.351,4012.339,4043.239,60,12412.717,12512.607,12408.789,12499.769,60,1.29935,1.29962,1.29654,1.29667,6317,0.99196,0.99226,0.98767,0.98855,8697,129.971,130.078,129.806,129.86,11389,21.639,21.813,21.625,21.804,63,1848.593,1852.358,1846.563,1851.622,60
2022-04-12,08:30:00,8.5,8.4,7.9,cpi.csv,100.582,101.736,100.112,101.722,60,40202.5,40356.8,40075.9,40229.5,2,3022.3,3031.8,3016.8,3023.7,2,1.08708,1.08713,1.08552,1.08619,9825,1.30146,1.30147,1.30005,1.30026,6886,34170.577,34307.089,34147.049,34283.029,60,4397.046,4414.654,4395.139,4411.649,60,13959.889,14015.887,13949.659,14002.867,60,1.26465,1.26613,1.26427,1.26531,5334,0.93376,0.93444,0.9326,0.93307,7173,125.515,125.728,125.501,125.629,10511,25.039,25.095,24.938,24.941,68,1953.292,1955.098,1950.738,1951.412,60
2022-03-10,09:30:00,7.9,7.9,7.5,cpi.csv,115.382,116.622,113.432,116.392,60,39266.8,39358.5,39025.0,39116.7,2,2595.0,2607.1,2585.0,2597.6,3,1.10327,1.10801,1.10326,1.10412,21699,1.31582,1.3185,1.31581,1.31681,15381,33047.049,33217.297,33019.049,33059.799,60,4248.339,4271.945,4246.433,4250.133,60,13624.459,13705.999,13605.719,13620.639,60,1.2831,1.2831,1.28068,1.28161,14735,0.92709,0.92736,0.92576,0.92677,13399,115.887,115.992,115.839,115.938,11893,25.485,25.528,25.381,25.483,109,1983.698,1987.252,1976.558,1985.722,60
2022-02-10,09:30:00,7.5,7.3,7.0,cpi.csv,91.678,92.072,91.577,91.682,60,44250.0,44515.9,44088.8,44482.2,2,3198.2,3215.9,3184.0,3213.9,2,1.14332,1.14463,1.14325,1.14434,5464,1.35514,1.3574,1.35491,1.35713,4963,35755.797,35794.027,35737.559,35764.299,60,4573.052,4578.399,4571.033,4575.336,60,14984.587,15000.289,14976.319,14992.569,60,1.26698,1.2675,1.2665,1.26747,3929,0.92321,0.92399,0.92305,0.92346,6506,115.562,115.877,115.541,115.787,11428,23.305,23.346,23.273,23.332,60,1831.888,1832.799,1830.728,1832.418,60
2022-01-12,09:30:00,7.0,7.0,6.8,cpi.csv,84.107,84.317,83.617,83.782,60,42564.1,42853.7,42537.8,42754.0,2,3228.4,3272.2,3226.0,3258.6,2,1.13669,1.13735,1.13622,1.13673,3436,1.36289,1.3635,1.36227,1.36267,2904,36232.579,36303.299,36226.549,36287.539,60,4705.436,4719.799,4704.933,4719.299,60,15784.299,15871.599,15780.669,15866.309,60,1.25595,1.2561,1.25462,1.25476,4074,0.92352,0.92398,0.92312,0.92319,4814,115.355,115.376,115.289,115.358,3749,22.671,22.701,22.632,22.687,60,1816.758,1816.984,1814.858,1816.208,60
2021-12-10,09:30:00,6.8,6.8,6.2,cpi.csv,74.632,74.762,74.412,74.652,60,48059.8,48445.7,47861.3,48328.0,2,4071.2,4103.3,4054.1,4098.7,4,1.12858,1.12881,1.12805,1.12821,2878,1.32005,1.32087,1.31968,1.3201,4381,35808.089,35811.299,35780.009,35804.069,60,4681.136,4681.448,4676.645,4681.139,58,16200.299,16201.389,16170.869,16200.699,60,1.27142,1.27194,1.27139,1.27189,4569,0.92373,0.92419,0.92351,0.92378,3678,113.677,113.681,113.608,113.673,5428,21.884,21.895,21.856,21.888,60,1771.498,1772.028,1769.968,1770.735,60
2021-11-10,09:30:00,6.2,5.8,5.4,cpi.csv,85.022,85.047,84.537,84.717,60,66567.6,66777.2,66506.6,66627.7,2,4704.8,4719.7,4697.4,4703.6,2,1.15637,1.15822,1.15594,1.15776,4839,1.35355,1.35413,1.35178,1.3535,5974,36259.509,36281.299,36214.579,36263.049,60,4678.633,4681.448,4673.133,4679.433,60,16206.329,16217.059,16177.269,16201.549,60,1.24201,1.24305,1.24175,1.24198,3438,0.91275,0.91298,0.91158,0.9123,6931,113.142,113.235,113.123,113.215,5626,24.28,24.291,24.19,24.202,60,1825.508,1826.733,1824.633,1825.078,60
2021-10-13,08:30:00,5.4,5.3,5.3,cpi.csv,83.206,83.292,82.847,82.867,60,54568.7,55234.1,54450.0,54557.1,2,3424.7,3457.6,3418.3,3422.9,4,1.15507,1.15602,1.1549,1.15563,4553,1.36206,1.3638,1.36204,1.36272,3747,34383.299,34463.299,34357.499,34441.509,60,4350.354,4363.048,4347.033,4359.399,60,14685.639,14741.289,14672.719,14722.099,60,1.24459,1.24484,1.24349,1.24429,4009,0.92926,0.9293,0.92813,0.92849,3920,113.572,113.586,113.479,113.554,5458,22.747,22.86,22.744,22.789,61,1764.965,1768.888,1764.905,1766.718,60
2021-09-14,08:30:00,5.3,5.3,5.4,cpi.csv,74.092,74.202,73.802,73.852,60,45666.8,45984.9,45633.4,45910.9,2,3308.4,3354.3,3307.4,3340.4,2,1.18246,1.18266,1.18206,1.18211,3358,1.38759,1.38807,1.38663,1.38664,3017,34889.059,34937.539,34847.519,34918.299,60,4469.154,4476.799,4466.236,4474.439,60,15419.387,15445.619,15414.169,15437.029,60,1.2646,1.26542,1.26413,1.26463,2770,0.92115,0.92231,0.92113,0.92175,2090,110.005,110.054,109.991,110.038,2714,23.699,23.721,23.661,23.681,66,1790.508,1790.668,1788.034,1788.808,60
2021-08-11,08:30:00,5.4,5.3,5.4,cpi.csv,70.792,70.937,70.622,70.647,60,46309.2,46529.8,45978.1,46162.7,2,3229.6,3240.7,3203.4,3214.4,3,1.17127,1.17183,1.17092,1.17124,2162,1.38162,1.38237,1.38071,1.38089,2697,35230.509,35264.099,35230.509,35258.299,60,4429.833,4432.399,4429.833,4431.048,57,15020.309,15030.099,15010.079,15012.989,60,1.25352,1.25364,1.25287,1.25335,2245,0.92348,0.92408,0.9232,0.92367,2919,110.749,110.801,110.744,110.794,3339,23.362,23.388,23.31,23.361,66,1732.478,1733.668,1730.848,1733.088,60
2021-07-13,08:30:00,5.4,4.9,5.0,cpi.csv,75.618,75.803,75.543,75.748,60,33145.5,33217.4,33083.4,33191.5,2,2026.1,2032.4,2017.3,2026.4,2,1.18515,1.18515,1.18411,1.18496,3727,1.38631,1.38641,1.38506,1.38608,5207,34968.039,34998.009,34947.039,34994.009,60,4380.139,4386.499,4378.636,4385.642,59,14874.849,14915.497,14873.059,14909.959,60,1.24662,1.2473,1.24636,1.24639,3458,0.91573,0.91626,0.9155,0.9155,2630,110.371,110.42,110.315,110.348,4200,26.247,26.253,26.154,26.238,61,1809.838,1809.908,1805.808,1808.858,60
2021-06-10,08:30:00,5.0,4.7,4.2,cpi.csv,72.003,72.293,71.903,72.253,60,36936.1,36937.3,36305.7,36375.0,2,2546.7,2546.7,2506.0,2510.9,3,1.21593,1.21711,1.21586,1.21665,3675,1.40874,1.40908,1.40761,1.40878,7613,34488.079,34494.799,34438.589,34485.299,60,4221.345,4222.099,4214.333,4220.033,60,13800.217,13801.899,13763.309,13785.989,60,1.21177,1.2122,1.2112,1.21127,2813,0.89681,0.89681,0.89567,0.89622,1936,109.55,109.564,109.475,109.486,2961,27.591,27.686,27.575,27.682,78,1877.428,1882.248,1876.858,1882.208,60
2021-05-12,08:30:00,4.2,3.6,2.6,cpi.csv,69.103,69.213,68.333,68.893,60,57124.8,57184.8,56652.0,56932.3,2,4309.3,4321.1,4256.9,4310.3,10,1.21334,1.21364,1.2126,1.21343,5771,1.41352,1.41415,1.41249,1.4141,3692,34230.999,34241.599,34133.999,34172.069,60,4148.436,4150.499,4135.436,4139.936,60,13323.677,13339.119,13274.619,13290.539,60,1.20892,1.20999,1.20856,1.20874,4111,0.90432,0.90496,0.90401,0.90444,3529,108.8,108.834,108.732,108.751,4634,27.421,27.422,27.284,27.364,81,1833.028,1833.488,1830.018,1833.288,60
2021-04-13,08:30:00,2.6,2.5,1.7,cpi.csv,63.448,63.573,63.283,63.433,59,61008.4,62697.8,61008.4,62613.6,2,2162.2,2217.9,2162.2,2217.5,4,1.19035,1.19043,1.1895,1.19005,5055,1.37498,1.37614,1.3746,1.37547,3613,33775.089,33786.097,33761.589,33769.529,59,4130.837,4132.097,4129.036,4129.839,52,13821.839,13827.287,13813.049,13815.959,59,1.25833,1.25887,1.25765,1.25859,2430,0.92449,0.92539,0.92419,0.92446,3788,109.324,109.395,109.283,109.323,5422,24.922,24.967,24.873,24.957,62,1727.538,1728.798,1725.898,1728.258,59
2021-03-10,09:30:00,1.7,1.7,1.4,cpi.csv,67.348,67.623,67.143,67.283,60,54647.3,55375.5,54320.7,55194.5,2,1823.2,1837.3,1811.7,1831.2,5,1.1896,1.19016,1.18927,1.18998,5399,1.38968,1.39097,1.38857,1.39085,4243,31900.039,31959.079,31891.499,31945.059,60,3878.245,3884.054,3875.036,3882.245,60,12794.997,12809.819,12762.269,12803.959,60,1.2656,1.26588,1.26482,1.26484,3287,0.92908,0.93014,0.92849,0.92937,3828,108.692,108.744,108.659,108.675,4659,25.851,25.893,25.804,25.847,74,1714.668,1715.298,1712.404,1714.265,60
2021-02-10,09:30:00,1.4,1.5,1.3,cpi.csv,61.133,61.463,61.103,61.323,60,46727.1,46948.1,46559.3,46632.6,2,1805.2,1816.4,1784.9,1793.2,3,1.21391,1.21391,1.21141,1.21193,10905,1.38544,1.38553,1.38338,1.38343,5810,31463.997,31473.517,31448.539,31464.009,60,3926.74,3927.046,3923.531,3925.045,60,13762.419,13763.389,13744.279,13749.889,60,1.26774,1.27104,1.26774,1.27096,4294,0.88989,0.8917,0.88989,0.89155,4705,104.418,104.842,104.418,104.79,7036,27.36,27.407,27.263,27.274,83,1844.835,1845.725,1838.958,1839.198,60
2021-01-13,09:30:00,1.4,1.3,1.2,cpi.csv,56.843,56.928,56.658,56.683,59,34478.8,35042.4,34168.7,34298.5,2,1056.8,1074.4,1052.9,1057.9,4,1.21909,1.21927,1.21822,1.21892,10531,1.36851,1.37009,1.36771,1.36891,9771,31100.529,31131.599,31090.509,31114.519,60,3805.839,3810.099,3804.539,3807.554,60,12925.219,12938.179,12924.129,12931.169,60,1.273,1.2734,1.27225,1.27303,4473,0.887,0.88829,0.88678,0.88725,4436,103.798,103.866,103.776,103.84,7458,25.463,25.485,25.254,25.421,75,1857.165,1857.375,1849.268,1855.225,60
2020-12-10,09:30:00,1.2,1.1,1.2,cpi.csv,49.114,49.314,49.014,49.234,60,18418.4,18458.3,18206.1,18216.4,2,564.5,567.2,556.2,556.5,2,1.20904,1.21085,1.20833,1.21062,12363,1.33088,1.33254,1.32912,1.3317,11381,30075.569,30150.089,30070.019,30109.069,60,3673.739,3681.536,3673.039,3676.833,60,12344.769,12366.399,12342.489,12358.569,60,1.28011,1.28058,1.27913,1.27948,3944,0.88963,0.89012,0.88868,0.88893,3730,104.527,104.556,104.435,104.458,5550,23.793,23.9,23.702,23.839,66,1833.268,1833.608,1828.528,1831.875,60
2020-11-12,09:30:00,1.2,1.3,1.4,cpi.csv,43.692,43.825,43.285,43.595,60,15794.5,16085.2,15790.3,16042.4,2,461.8,467.7,461.3,467.2,2,1.17891,1.1812,1.17839,1.1809,33172,1.31882,1.31944,1.31609,1.31814,19457,29192.039,29256.089,29171.579,29241.009,60,3551.239,3566.954,3550.233,3565.733,60,11858.999,11951.569,11851.669,11951.539,60,1.30869,1.31009,1.30648,1.30683,3882,0.91534,0.91564,0.9134,0.91397,4341,105.368,105.415,105.221,105.389,8944,24.173,24.35,24.11,24.257,113,1867.355,1872.928,1864.695,1870.638,60
2020-10-13,08:30:00,1.4,1.4,1.3,cpi.csv,41.755,42.255,41.735,42.24,60,11438.5,11478.1,11429.9,11475.6,2,381.4,383.1,381.2,383.0,2,1.17804,1.17991,1.17793,1.17933,66239,1.3022,1.30648,1.30139,1.30624,17463,28752.5,28829.8,28752.5,28829.3,60,3521.943,3536.452,3521.943,3536.452,60,12060.31,12165.69,12060.04,12160.98,60,1.31283,1.31291,1.31057,1.31057,3825,0.91094,0.91105,0.90929,0.9103,2721,105.472,105.499,105.431,105.434,7552,24.845,25.058,24.833,25.016,95,1918.528,1924.998,1917.908,1922.628,60
2020-09-11,08:30:00,1.3,1.2,1.0,cpi.csv,39.765,40.075,39.725,40.015,60,10243.1,10286.9,10240.0,10276.2,2,360.8,367.2,360.8,363.4,2,1.18343,1.18598,1.18335,1.18566,42732,1.28306,1.2845,1.27787,1.2784,20625,27665.0,27755.09,27659.04,27703.6,60,3361.637,3374.452,3361.137,3367.134,60,11296.07,11357.09,11294.17,11312.04,60,1.31703,1.31766,1.31615,1.31743,4642,0.90996,0.91,0.90843,0.90858,5071,106.232,106.249,106.165,106.231,5892,26.689,26.853,26.686,26.815,67,1941.215,1946.135,1940.998,1945.108,60
2020-08-12,08:30:00,1.0,0.8,0.6,cpi.csv,44.905,45.035,44.8,44.945,60,11392.7,11433.5,11370.6,11377.1,2,377.7,380.5,376.1,376.9,2,1.17485,1.17605,1.17411,1.17475,15569,1.30493,1.30674,1.3045,1.30533,15603,27973.1,27980.54,27922.09,27938.06,60,3360.849,3362.355,3356.843,3359.852,60,10976.55,10993.21,10967.68,10979.12,60,1.33143,1.33208,1.33018,1.331,7211,0.91641,0.91667,0.91489,0.91595,4644,106.787,106.827,106.738,106.805,12371,26.165,26.265,24.882,25.454,128,1936.308,1949.548,1916.848,1930.585,60
2020-07-14,08:30:00,0.6,0.6,0.1,cpi.csv,42.085,42.355,42.065,42.325,60,9124.5,9150.1,9121.7,9138.3,2,236.8,237.3,236.6,236.9,2,1.1331,1.13585,1.13304,1.13505,16951,1.25206,1.25296,1.2506,1.25272,20198,26083.51,26218.57,26081.6,26185.5,60,3156.455,3171.24,3156.252,3167.934,60,10606.78,10664.02,10606.78,10647.93,60,1.36364,1.36366,1.36228,1.36279,5935,0.94041,0.94084,0.93937,0.93948,4236,107.272,107.324,107.252,107.312,5154,18.991,19.043,18.925,18.947,153,1800.445,1801.878,1798.603,1801.135,60
2020-06-10,08:30:00,0.1,0.2,0.3,cpi.csv,40.44,40.605,40.276,40.435,60,9697.9,9714.4,9682.6,9687.0,19,242.2,242.4,241.4,241.4,4,1.13596,1.13756,1.13584,1.13689,11469,1.2763,1.27794,1.27553,1.27638,18199,27410.07,27412.52,27307.52,27316.01,60,3223.155,3224.2,3213.137,3214.149,60,10006.42,10014.37,9996.65,10002.01,60,1.33918,1.34,1.33837,1.33914,4827,0.94778,0.94781,0.94575,0.94591,4759,107.347,107.37,107.281,107.314,9713,17.674,17.713,17.651,17.658,66,1717.058,1720.655,1716.948,1719.445,60
2020-05-12,08:30:00,0.3,0.4,1.5,cpi.csv,29.945,30.135,29.686,29.985,60,8601.2,8707.5,8582.6,8692.7,50,186.5,188.3,186.3,188.3,7,1.08161,1.0827,1.08145,1.082,9317,1.23418,1.23505,1.2304,1.23207,12464,24151.1,24168.3,24103.01,24134.01,60,2921.452,2924.834,2916.252,2919.8,60,9288.09,9292.89,9269.72,9271.04,60,1.4016,1.402,1.4007,1.40131,4691,0.97207,0.97224,0.97134,0.97177,4609,107.562,107.562,107.447,107.546,6419,15.49,15.548,15.478,15.508,144,1703.505,1706.378,1702.598,1705.025,60
2020-04-10,08:30:00,1.5,1.6,2.3,cpi.csv,,,,,,6876.4,6902.1,6826.5,6870.8,44,156.7,157.5,154.7,156.5,9,1.09375,1.09471,1.09371,1.09423,12483,1.24733,1.24777,1.24599,1.24718,14199,,,,,,,,,,,,,,,,1.39473,1.39526,1.39452,1.395,1788,0.966,0.966,0.96499,0.96527,4425,108.397,108.399,108.36,108.382,2675,,,,,,,,,,
2020-03-11,08:30:00,2.3,2.2,2.5,cpi.csv,37.165,37.305,36.505,36.935,60,7810.4,7868.2,7740.3,7777.4,20,197.4,199.3,196.4,196.7,10,1.13287,1.13334,1.13092,1.13132,14050,1.28989,1.29547,1.2897,1.29314,14395,24433.82,24651.86,24264.6,24570.37,60,2813.5,2839.74,2791.946,2829.537,60,8178.3,8250.59,8109.5,8223.37,60,1.37034,1.371,1.36811,1.3694,7551,0.93518,0.93672,0.93351,0.93654,15284,105.017,105.331,104.868,105.253,22830,17.01,17.047,16.962,16.97,248,1662.315,1663.638,1656.375,1656.978,60
2020-02-13,09:30:00,2.5,2.4,2.3,cpi.csv,55.236,55.286,55.1,55.221,60,10207.4,10208.0,10044.5,10108.3,41,260.5,260.5,255.8,259.5,19,1.08869,1.08887,1.08815,1.08828,16598,1.29623,1.2975,1.2955,1.29716,46713,29401.81,29405.87,29317.37,29339.8,60,3364.149,3364.155,3354.349,3356.346,60,9557.24,9557.24,9523.47,9530.9,60,1.32487,1.32605,1.3248,1.32586,42406,0.97673,0.97699,0.97621,0.97638,11238,109.763,109.808,109.717,109.736,31122,17.661,17.666,17.645,17.663,161,1574.508,1575.788,1573.798,1575.188,60
2020-01-14,09:30:00,2.3,2.3,2.1,cpi.csv,64.085,64.426,63.925,64.375,60,8450.6,8504.0,8423.4,8436.0,33,147.8,150.2,147.8,148.0,5,1.11351,1.11356,1.11303,1.11313,6951,1.29704,1.29736,1.29621,1.29721,7151,28841.35,28939.8,28836.85,28926.84,60,3281.946,3291.243,3280.937,3289.9,60,9051.7,9077.7,9049.25,9072.75,60,1.3075,1.30778,1.30707,1.30714,2867,0.96916,0.97009,0.96905,0.96958,3394,109.977,110.055,109.964,110.019,4243,17.727,17.766,17.715,17.766,129,1544.428,1544.575,1542.468,1543.995,60
2019-12-11,09:30:00,2.1,2.0,1.8,cpi.csv,63.945,64.165,63.925,64.165,59,7156.6,7183.2,7156.5,7174.1,10,141.5,143.0,141.4,141.7,2,1.10841,1.1087,1.1082,1.10836,7230,1.31377,1.31567,1.31352,1.31381,10013,27856.069,27894.069,27850.0,27885.069,60,3131.67,3134.47,3130.67,3133.669,60,8353.469,8363.36,8349.66,8358.569,60,1.32302,1.32388,1.32285,1.32362,3363,0.98459,0.98496,0.98427,0.98478,3391,108.702,108.714,108.665,108.688,4899,16.667,16.681,16.653,16.673,156,1466.475,1467.288,1465.848,1467.008,60
2019-11-13,09:30:00,1.8,1.7,1.7,cpi.csv,61.49,61.551,61.25,61.255,60,8708.2,8729.1,8672.6,8711.7,17,182.2,183.8,181.9,182.5,2,1.1009,1.10184,1.10084,1.10151,10005,1.28374,1.28575,1.28231,1.28527,10990,27636.07,27636.07,27561.069,27572.069,60,3085.169,3085.17,3076.67,3077.87,60,8242.67,8242.67,8212.16,8217.06,60,1.3258,1.32671,1.32579,1.32655,3686,0.99099,0.99104,0.9894,0.98976,5587,109.122,109.126,108.858,108.897,9485,16.882,16.972,16.863,16.955,306,1461.105,1466.345,1460.878,1465.825,60
2019-10-10,08:30:00,1.7,1.8,1.7,cpi.csv,58.056,58.521,57.955,58.215,60,8569.6,8577.5,8505.8,8518.0,20,189.7,190.0,186.2,187.6,5,1.1016,1.10196,1.10121,1.10173,12295,1.2237,1.22486,1.22282,1.22286,11808,26255.069,26343.069,26243.07,26308.07,60,2910.87,2920.57,2908.87,2915.57,60,7664.269,7694.27,7658.16,7680.37,60,1.33092,1.33129,1.33052,1.33071,7921,0.9918,0.99249,0.99146,0.992,4656,107.407,107.474,107.367,107.408,9401,17.752,17.802,17.735,17.792,230,1508.775,1509.845,1506.975,1508.698,60
2019-09-12,08:30:00,1.7,1.8,1.8,cpi.csv,61.056,61.225,60.251,60.556,60,10019.4,10090.0,10017.3,10087.7,18,173.0,175.0,173.0,173.7,2,1.1017,1.10323,1.10155,1.1027,10998,1.23203,1.23388,1.23162,1.23222,9864,27216.07,27219.57,27186.069,27194.07,60,3007.669,3008.17,3004.67,3005.37,59,7919.57,7920.469,7906.369,7908.859,60,1.31808,1.31919,1.31784,1.3188,4568,0.99165,0.99167,0.98983,0.99037,4972,107.908,107.922,107.822,107.863,7144,18.164,18.281,18.159,18.232,208,1502.865,1505.808,1502.155,1504.348,60
2019-08-13,08:30:00,1.8,1.7,1.6,cpi.csv,58.325,58.866,58.295,58.705,60,11284.4,11285.0,11242.2,11265.8,13,205.5,206.6,204.7,205.9,4,1.11922,1.11939,1.11858,1.11916,16531,1.20625,1.20741,1.20542,1.20659,10308,25816.569,25909.069,25812.07,25890.57,60,2873.469,2882.47,2872.47,2880.469,60,7531.369,7557.66,7530.659,7549.97,60,1.32604,1.32631,1.32494,1.32535,3725,0.97072,0.97235,0.97067,0.97122,4510,105.192,105.336,105.191,105.295,10165,17.429,17.431,17.374,17.399,236,1525.828,1526.278,1522.835,1523.308,60
2019-07-11,08:30:00,1.6,1.6,1.8,cpi.csv,67.445,67.626,67.305,67.436,60,11548.2,11572.4,11318.4,11382.0,47,269.8,271.4,266.1,267.7,10,1.12768,1.12782,1.12716,1.12736,11289,1.25376,1.25404,1.25316,1.2534,7090,26903.569,26912.57,26896.069,26909.569,60,2998.67,2999.67,2997.669,2998.47,54,7923.87,7925.97,7919.47,7921.86,60,1.3052,1.30563,1.30431,1.30437,3136,0.9857,0.98616,0.98554,0.98563,4008,108.054,108.08,108.021,108.056,4760,15.28,15.294,15.26,15.284,100,1422.175,1423.828,1421.248,1423.355,60
2019-06-12,08:30:00,1.8,1.9,2.0,cpi.csv,61.225,61.346,60.5,60.515,60,7944.8,7944.8,7905.7,7920.9,2,244.2,244.6,242.3,244.2,2,1.13397,1.13434,1.13322,1.1334,22885,1.27372,1.27474,1.27336,1.27431,10209,25991.069,26023.07,25969.07,25983.069,60,2879.57,2883.369,2877.369,2877.87,60,7479.47,7491.97,7475.27,7477.17,60,1.32843,1.33019,1.32804,1.32981,5315,0.99088,0.99222,0.99085,0.99154,5636,108.31,108.355,108.221,108.239,9808,14.863,14.864,14.833,14.836,129,1337.315,1338.348,1336.438,1337.555,60
2019-05-10,08:30:00,2.0,2.1,1.9,cpi.csv,70.776,70.966,70.525,70.731,60,6261.7,6277.5,6206.3,6228.2,4,170.1,171.1,167.0,168.1,2,1.12258,1.12323,1.122,1.12309,18716,1.29976,1.302,1.29908,1.30064,10847,25775.07,25806.57,25736.569,25778.57,60,2863.57,2867.57,2860.07,2864.07,60,7565.67,7578.76,7554.57,7569.759,60,1.34586,1.34615,1.34532,1.34563,5585,1.01426,1.0148,1.01339,1.0135,4287,109.764,109.87,109.75,109.833,7217,14.777,14.796,14.769,14.786,118,1284.795,1285.268,1284.258,1285.198,60
2019-04-10,08:30:00,1.9,1.8,1.5,cpi.csv,70.835,70.976,70.705,70.865,60,5187.2,5198.5,5182.5,5192.3,2,176.1,176.6,175.5,176.5,2,1.12655,1.12724,1.12616,1.12696,26350,1.30691,1.3085,1.30641,1.30649,15161,26183.569,26191.57,26172.069,26173.57,60,2882.87,2883.37,2881.369,2881.569,50,7580.759,7581.37,7572.859,7573.869,60,1.33231,1.33285,1.33206,1.33274,4512,1.00067,1.00109,1.00035,1.00099,6061,111.181,111.187,111.12,111.142,4488,15.208,15.233,15.189,15.223,126,1303.275,1304.875,1302.695,1304.245,60
2019-03-12,08:30:00,1.5,1.6,1.6,cpi.csv,66.786,66.916,66.695,66.841,59,3765.5,3805.0,3764.4,3798.5,17,125.6,130.0,125.6,128.7,2,1.12661,1.12831,1.12637,1.12823,24362,1.32242,1.32423,1.32008,1.32219,20872,25737.07,25737.07,25654.07,25673.07,60,2791.069,2791.069,2786.069,2787.87,57,7190.87,7190.87,7173.57,7181.559,60,1.34027,1.34054,1.34007,1.34042,4507,1.01,1.01013,1.008,1.00804,8190,111.365,111.416,111.329,111.407,7039,15.369,15.406,15.366,15.391,111,1294.628,1296.218,1294.405,1295.535,60
2019-02-13,09:30:00,1.6,1.5,1.9,cpi.csv,62.966,63.396,62.835,63.345,60,3520.7,3526.7,3515.4,3521.5,2,117.1,117.4,116.5,117.1,2,1.13277,1.13343,1.13205,1.13208,20646,1.28996,1.29045,1.28818,1.28858,17338,25500.069,25508.07,25460.07,25471.07,60,2750.77,2751.47,2746.97,2748.27,55,7038.56,7040.67,7026.86,7031.76,60,1.32289,1.32308,1.32237,1.32269,3629,1.00557,1.00595,1.00534,1.00588,6298,110.674,110.732,110.663,110.685,6178,15.713,15.72,15.699,15.7,60,1312.558,1313.268,1312.265,1312.535,60
2019-01-11,09:30:00,1.9,1.9,2.2,cpi.csv,62.085,62.461,62.085,62.145,60,3586.8,3596.3,3574.9,3575.8,2,122.0,122.3,119.8,120.2,2,1.15293,1.15295,1.15164,1.15196,20597,1.27376,1.27584,1.27096,1.2752,14936,24007.07,24017.069,23981.069,23993.569,60,2595.069,2596.27,2592.069,2593.569,58,6613.769,6617.06,6605.06,6608.97,60,1.31845,1.31895,1.31829,1.31891,4666,0.98208,0.98296,0.98134,0.98271,4802,108.29,108.353,108.262,108.334,6278,15.708,15.714,15.686,15.688,141,1292.828,1293.525,1291.968,1292.175,60
2018-12-12,09:30:00,2.2,2.2,2.5,cpi.csv,60.61,61.401,60.595,61.381,60,3316.2,3332.7,3313.0,3322.1,2,83.9,84.7,83.1,84.1,2,1.1322,1.13374,1.13195,1.13333,12021,1.25289,1.25468,1.2528,1.25351,9223,24523.569,24659.07,24517.57,24629.069,60,2651.57,2665.87,2650.869,2663.57,60,6753.66,6797.959,6750.459,6790.56,60,1.33765,1.33786,1.33684,1.33724,3342,0.99271,0.99331,0.99225,0.9933,3893,113.47,113.492,113.453,113.47,5059,14.602,14.633,14.596,14.627,132,1243.945,1244.485,1243.265,1243.845,60
2018-11-14,09:30:00,2.5,2.5,2.3,cpi.csv,65.421,66.781,65.325,66.495,60,6213.6,6214.2,6167.8,6178.9,2,198.7,198.7,193.1,194.1,2,1.12825,1.12878,1.12671,1.12699,12451,1.29677,1.29725,1.29484,1.29667,8255,25219.07,25284.07,25212.57,25277.069,60,2710.17,2718.67,2709.669,2717.67,60,6766.27,6793.96,6765.759,6790.469,60,1.32457,1.32483,1.32379,1.32398,4303,1.0082,1.00981,1.00814,1.00967,3689,113.809,113.896,113.781,113.888,6864,13.961,13.962,13.888,13.9,149,1200.888,1201.478,1197.998,1198.215,60
2018-10-11,08:30:00,2.3,2.4,2.7,cpi.csv,82.05,82.21,81.561,81.699,60,6188.1,6221.3,6170.8,6176.7,2,193.9,196.1,193.1,194.5,2,1.15405,1.15526,1.15384,1.15457,12585,1.31857,1.31965,1.31857,1.31919,9105,25267.569,25301.069,25206.07,25227.57,59,2754.47,2757.97,2748.77,2750.469,59,6961.87,6979.86,6944.059,6949.67,60,1.3049,1.30551,1.30422,1.30537,4169,0.9883,0.98914,0.98819,0.98877,6767,112.223,112.374,112.19,112.251,11438,14.362,14.393,14.352,14.353,180,1197.519,1198.448,1196.828,1198.111,60
2018-09-13,08:30:00,2.7,2.8,2.9,cpi.csv,79.471,79.555,78.775,78.946,60,6326.1,6359.8,6324.7,6356.2,2,184.8,187.9,184.5,187.1,2,1.16156,1.16249,1.16146,1.16146,7973,1.30374,1.30485,1.30347,1.3043,5358,26042.57,26044.07,26018.57,26027.069,60,2890.27,2890.57,2889.269,2890.07,47,7487.969,7491.77,7486.76,7491.169,60,1.30034,1.30088,1.29996,1.30087,2642,0.96995,0.97031,0.96953,0.97029,3680,111.474,111.505,111.446,111.497,2918,14.243,14.276,14.237,14.252,141,1205.519,1207.218,1205.409,1205.938,60
2018-08-10,08:30:00,2.9,3.0,2.9,cpi.csv,71.574,71.965,71.565,71.785,60,6403.2,6406.3,6331.7,6351.7,2,358.6,359.2,354.6,356.4,2,1.14657,1.14685,1.14428,1.14569,17890,1.27606,1.2769,1.27458,1.27563,15380,25384.07,25407.07,25377.069,25390.569,60,2838.669,2841.17,2837.97,2839.47,60,7426.169,7432.67,7424.059,7429.169,60,1.30976,1.31223,1.30964,1.31139,5798,0.9937,0.9952,0.9935,0.99427,6397,110.668,110.925,110.652,110.867,9945,15.326,15.34,15.305,15.338,234,1208.901,1209.491,1207.209,1209.268,60
2018-07-12,08:30:00,2.9,2.9,2.8,cpi.csv,74.845,75.026,74.601,74.826,60,6118.7,6137.4,6083.0,6137.4,74,429.9,431.7,429.2,431.4,2,1.16849,1.16924,1.16725,1.16743,12526,1.32141,1.32253,1.32087,1.32114,7032,24802.07,24814.07,24751.069,24792.57,60,2781.769,2782.67,2776.17,2779.87,54,7263.969,7265.359,7249.569,7257.969,60,1.31872,1.31994,1.31824,1.31992,4342,0.99587,0.99729,0.99564,0.9972,5302,112.335,112.385,112.254,112.372,7401,15.884,15.897,15.867,15.881,140,1245.478,1246.011,1244.641,1245.229,60
2018-06-12,08:30:00,2.8,2.7,2.5,cpi.csv,76.905,77.055,76.416,76.595,60,6764.7,6801.3,6739.2,6785.8,64,526.4,535.2,524.2,533.2,3,1.17938,1.18088,1.17874,1.17941,15146,1.33954,1.34186,1.33803,1.33999,11491,25353.57,25364.07,25299.07,25316.57,60,2785.27,2786.27,2779.97,2781.969,58,7174.969,7177.97,7159.059,7164.659,60,1.29891,1.30023,1.29861,1.29947,4613,0.98465,0.98468,0.98337,0.98389,6228,110.319,110.335,110.141,110.221,7259,16.853,16.87,16.832,16.843,89,1297.988,1298.581,1297.168,1297.668,60
2018-05-10,08:30:00,2.5,2.5,2.4,cpi.csv,77.735,77.871,77.515,77.695,60,9287.3,9303.9,9265.6,9270.8,48,759.3,761.6,758.2,758.6,2,1.18594,1.18763,1.18538,1.18735,13044,1.35382,1.35651,1.35225,1.35627,10707,24564.57,24565.57,24550.069,24563.569,60,2702.069,2702.27,2700.269,2701.57,44,6907.67,6907.67,6900.269,6903.769,60,1.27752,1.27912,1.2775,1.27846,5227,1.00471,1.00483,1.00388,1.00388,5933,109.935,109.939,109.77,109.77,6079,16.501,16.564,16.5,16.561,79,1311.668,1315.072,1311.488,1315.031,60
2018-04-11,08:30:00,2.4,2.4,2.2,cpi.csv,70.781,70.871,70.595,70.615,59,6769.2,6789.1,6765.0,6786.9,43,413.3,414.1,411.8,414.0,2,1.23761,1.23772,1.23621,1.23772,12689,1.42087,1.42147,1.41918,1.41943,6437,24295.069,24301.07,24264.07,24290.57,60,2641.67,2642.17,2636.87,2640.67,56,6583.259,6585.07,6571.36,6579.96,60,1.26113,1.26188,1.26086,1.26103,3822,0.95876,0.95954,0.95807,0.95813,5396,107.007,107.017,106.893,106.957,5308,16.594,16.6,16.535,16.545,59,1344.838,1345.202,1342.528,1343.249,60
2018-03-13,08:30:00,2.2,2.2,2.1,cpi.csv,64.726,64.845,64.645,64.79,60,9168.7,9177.3,9023.9,9133.6,36,696.0,696.1,690.7,694.7,2,1.23195,1.23345,1.23145,1.2334,11815,1.38893,1.38974,1.38854,1.38905,6739,25256.57,25267.07,25236.069,25253.07,60,2787.469,2789.27,2786.469,2787.969,56,7139.259,7142.67,7136.559,7139.959,60,1.2857,1.286,1.28515,1.28573,6315,0.94876,0.94939,0.94715,0.94726,5049,106.969,107.032,106.887,106.925,7193,16.467,16.49,16.459,16.48,58,1317.809,1318.749,1317.319,1318.371,60
2018-02-14,09:30:00,2.1,1.9,2.1,cpi.csv,62.444,62.471,62.226,62.346,60,8819.5,8830.8,8735.1,8735.5,32,858.3,859.7,851.7,852.9,2,1.23661,1.23676,1.23505,1.23527,11849,1.38935,1.38973,1.3855,1.38709,10474,24819.07,24824.569,24760.57,24773.569,59,2675.569,2676.67,2670.969,2671.969,54,6593.07,6594.57,6582.069,6584.359,59,1.25753,1.25911,1.25747,1.25871,5828,0.93301,0.93545,0.933,0.93516,4642,107.42,107.519,107.41,107.476,8386,16.601,16.602,16.58,16.58,89,1331.699,1331.802,1330.148,1330.318,60
2018-01-12,09:30:00,2.1,2.1,2.2,cpi.csv,69.075,69.3,69.07,69.185,60,13534.6,13534.8,13305.2,13467.3,33,1186.0,1186.4,1168.6,1181.4,5612,1.21113,1.21368,1.21109,1.21254,17630,1.35907,1.36205,1.35907,1.36119,13198,25679.069,25699.07,25671.07,25677.57,60,2774.649,2775.65,2773.649,2773.95,59,6732.069,6733.42,6725.969,6726.369,60,1.25241,1.2528,1.25128,1.25174,8680,0.97301,0.97304,0.97048,0.97164,7704,111.225,111.232,110.998,111.108,9205,17.111,17.144,17.094,17.111,181,1329.642,1332.409,1329.551,1330.899,60
2017-12-13,09:30:00,2.2,2.2,2.0,cpi.csv,64.125,64.285,64.065,64.125,60,16819.2,17080.9,16536.9,16687.2,50,647.9,653.7,637.0,647.1,6202,1.17411,1.17526,1.17391,1.17489,9608,1.33403,1.33682,1.33328,1.33479,9820,24520.069,24533.57,24517.569,24520.069,60,2663.07,2664.77,2662.7,2663.19,55,6386.27,6389.77,6385.17,6386.669,60,1.28675,1.288,1.28633,1.28748,3605,0.99189,0.99222,0.99111,0.99158,3440,113.33,113.428,113.307,113.4,4786,15.718,15.732,15.7,15.708,135,1242.078,1242.532,1240.571,1241.101,60
2017-11-15,09:30:00,2.0,2.0,2.2,cpi.csv,61.64,61.755,61.535,61.545,59,6945.6,6976.6,6915.0,6922.5,76,,,,,,1.18385,1.18529,1.18337,1.18395,11860,1.31971,1.32137,1.31351,1.31382,12151,23315.069,23326.07,23281.069,23296.07,60,2567.869,2569.14,2565.069,2567.52,57,6258.169,6263.369,6252.0,6259.77,60,1.27249,1.27265,1.27131,1.27205,4901,0.987,0.98713,0.9855,0.98636,5642,112.839,112.875,112.648,112.805,8670,17.081,17.122,17.075,17.096,164,1283.862,1286.212,1283.411,1284.951,60
2017-10-13,08:30:00,2.2,2.3,1.9,cpi.csv,57.05,57.365,56.965,57.16,60,5619.3,5724.7,5588.6,5636.3,92,,,,,,1.18292,1.18357,1.18259,1.1831,8348,1.33171,1.33216,1.33021,1.33044,7484,22854.869,22856.17,22846.47,22852.47,58,2550.82,2551.1,2549.939,2550.8,46,6072.169,6072.67,6068.869,6070.97,58,1.2464,1.24711,1.24569,1.24702,5971,0.97514,0.97577,0.97473,0.97513,3508,112.002,112.084,111.966,112.065,5551,17.262,17.279,17.222,17.238,116,1295.729,1296.292,1293.632,1294.479,60
2017-09-14,08:30:00,1.9,1.8,1.7,cpi.csv,55.115,55.12,54.965,55.075,60,3870.2,3894.7,3830.0,3835.0,162,,,,,,1.19055,1.19055,1.18941,1.19045,9263,1.32132,1.32153,1.31997,1.3201,6593,22141.069,22144.77,22132.469,22142.969,60,2494.769,2495.57,2493.77,2495.27,52,5995.57,5996.869,5992.569,5996.57,58,1.21732,1.21837,1.21701,1.21732,5504,0.96518,0.96883,0.96471,0.96707,7176,110.406,110.437,110.353,110.393,5803,17.757,17.761,17.71,17.722,67,1324.109,1324.418,1322.789,1322.951,60
2017-08-11,08:30:00,1.7,1.8,1.6,cpi.csv,51.5,51.575,51.275,51.465,60,3494.9,3509.3,3473.0,3495.3,111,,,,,,1.17531,1.17647,1.17508,1.17554,9595,1.29775,1.29793,1.29679,1.29714,5448,21855.47,21860.07,21813.969,21837.069,61,2436.52,2436.97,2431.15,2433.9,60,5774.869,5777.469,5756.57,5765.97,60,1.27271,1.27331,1.27223,1.27245,5560,0.96231,0.96243,0.95963,0.95987,4894,109.121,109.136,108.91,108.981,11659,17.112,17.161,17.102,17.128,95,1286.721,1288.861,1286.468,1288.159,60
2017-07-14,08:30:00,1.6,1.7,1.9,cpi.csv,48.225,48.475,48.125,48.415,58,2341.6,2346.5,2327.4,2336.8,138,,,,,,1.14167,1.14202,1.14075,1.14077,10877,1.29518,1.29616,1.29485,1.29574,5335,21548.97,21559.07,21541.97,21551.569,59,2445.52,2445.9,2444.469,2445.149,50,5791.469,5793.669,5789.069,5790.669,59,1.27417,1.2747,1.27338,1.27354,3396,0.96819,0.96995,0.96793,0.96912,4752,113.29,113.33,113.242,113.265,5981,15.63,15.676,15.628,15.666,84,1217.749,1219.458,1217.711,1219.002,60
2017-06-14,08:30:00,1.9,2.0,2.2,cpi.csv,48.225,48.265,48.015,48.255,60,2747.0,2771.0,2709.8,2742.6,80,,,,,,1.1209,1.12159,1.12054,1.12075,9512,1.27816,1.27816,1.27318,1.27412,11268,21335.069,21347.07,21330.969,21336.069,60,2440.29,2441.54,2439.789,2440.539,50,5751.869,5758.87,5751.669,5756.07,59,1.32069,1.32172,1.32063,1.32104,4470,0.96843,0.969,0.96829,0.96882,4170,110.179,110.256,110.173,110.179,5584,16.876,16.962,16.866,16.956,83,1266.988,1268.568,1266.508,1268.258,60
2017-05-12,08:30:00,2.2,2.3,2.4,cpi.csv,50.765,50.835,50.505,50.665,60,,,,,,,,,,,1.08632,1.0873,1.08613,1.08655,7269,1.28619,1.2867,1.28469,1.28477,6960,20867.07,20879.07,20864.068,20870.07,60,2387.419,2388.549,2387.039,2387.54,44,5658.47,5660.169,5656.169,5656.97,60,1.36977,1.37044,1.36897,1.37032,7492,1.00771,1.00795,1.00703,1.00785,4614,113.601,113.731,113.577,113.625,6893,16.41,16.447,16.398,16.409,71,1228.459,1229.708,1227.948,1228.928,60
2017-04-14,08:30:00,2.4,2.6,2.7,cpi.csv,,,,,,,,,,,,,,,,1.06199,1.06269,1.06197,1.06226,2225,1.25124,1.25161,1.25091,1.25114,7804,,,,,,,,,,,,,,,,1.33194,1.33246,1.33153,1.33162,5121,1.00494,1.00494,1.00461,1.00463,1571,108.936,108.939,108.858,108.896,2179,,,,,,,,,,
2017-03-15,08:30:00,2.7,2.7,2.5,cpi.csv,51.625,51.725,51.51,51.53,60,,,,,,,,,,,1.06382,1.06383,1.06267,1.0632,10063,1.22295,1.22361,1.22216,1.22276,8589,20869.262,20891.377,20861.414,20881.018,60,2370.17,2372.697,2369.12,2372.05,60,5388.467,5394.086,5387.318,5392.226,60,1.34614,1.34629,1.345,1.34555,7078,1.00738,1.00865,1.00733,1.00796,6134,114.685,114.705,114.579,114.597,7369,16.934,16.95,16.904,16.924,71,1203.981,1204.629,1202.9,1203.599,60
2017-02-15,09:30:00,2.5,2.4,2.1,cpi.csv,55.735,55.735,55.6,55.715,60,,,,,,,,,,,1.05625,1.05625,1.05475,1.05557,14202,1.24601,1.24641,1.24197,1.24197,10358,20541.672,20541.809,20520.469,20533.096,60,2339.649,2339.72,2337.57,2338.42,60,5278.336,5278.358,5273.553,5274.424,60,1.3066,1.30772,1.3066,1.30738,6085,1.00797,1.00911,1.00797,1.00827,6040,114.46,114.523,114.405,114.478,7805,17.887,17.901,17.854,17.872,87,1226.329,1226.728,1225.478,1226.081,60
2017-01-18,09:30:00,2.1,2.1,1.7,cpi.csv,55.625,55.695,54.895,54.995,60,,,,,,,,,,,1.06911,1.06959,1.06846,1.06957,10982,1.23109,1.23373,1.2301,1.23217,13071,19833.932,19836.47,19823.969,19828.393,60,2269.594,2269.955,2269.094,2269.733,60,5050.316,5051.168,5048.78,5050.169,60,1.30628,1.3078,1.3059,1.30674,6623,1.00199,1.00269,1.00143,1.00151,7017,113.326,113.352,113.222,113.227,10103,17.122,17.146,17.108,17.142,123,1212.329,1214.029,1212.078,1213.979,60
2016-12-15,09:30:00,1.7,1.7,1.6,cpi.csv,54.35,54.465,54.235,54.465,60,,,,,,,,,,,1.05091,1.05091,1.04902,1.05007,14273,1.25455,1.2546,1.25139,1.25235,12828,19840.197,19851.97,19830.95,19834.97,60,2257.189,2258.824,2255.539,2256.236,60,4927.481,4933.688,4925.569,4927.169,60,1.32862,1.33005,1.32851,1.32997,8318,1.02227,1.02462,1.02225,1.02418,7963,117.689,117.948,117.689,117.89,14118,16.566,16.566,16.523,16.536,197,1138.012,1138.169,1136.561,1136.959,60
2016-11-17,09:30:00,1.6,1.6,1.5,cpi.csv,46.755,46.865,46.635,46.695,60,,,,,,,,,,,1.0736,1.07363,1.07205,1.07239,13974,1.24769,1.25048,1.24653,1.24686,11610,18885.97,18886.969,18864.396,18870.297,60,2177.96,2178.2,2175.677,2176.628,60,4799.67,4801.37,4789.478,4795.37,60,1.3409,1.34213,1.34086,1.34191,8491,0.99991,1.00143,0.99982,1.00052,7265,108.905,109.224,108.872,109.107,10417,17.088,17.088,17.004,17.034,161,1229.441,1229.629,1226.612,1227.481,60
2016-10-18,08:30:00,1.5,1.5,1.1,cpi.csv,51.945,52.055,51.86,51.87,60,,,,,,,,,,,1.10151,1.10216,1.10123,1.10171,50712,1.22473,1.22765,1.22295,1.22466,27446,18156.969,18172.47,18150.969,18160.97,60,2139.389,2141.389,2138.563,2139.639,60,4833.639,4838.439,4831.478,4835.238,60,1.30748,1.30749,1.3062,1.30698,25328,0.98826,0.98866,0.98791,0.98837,13718,103.988,104.043,103.951,104.004,30832,17.618,17.668,17.612,17.653,639,1261.239,1263.649,1261.139,1262.301,60
2016-09-16,08:30:00,1.1,1.0,0.8,cpi.csv,46.025,46.16,45.915,46.05,60,,,,,,,,,,,1.12343,1.12378,1.12309,1.12327,74057,1.31966,1.32131,1.3194,1.32064,22738,18161.469,18162.469,18132.469,18146.469,60,2140.337,2140.581,2136.189,2138.014,60,4810.27,4810.569,4800.775,4805.005,60,1.31615,1.31691,1.31507,1.31582,27132,0.97312,0.97384,0.97274,0.97342,21147,101.911,102.049,101.889,102.009,32495,18.946,18.982,18.945,18.961,92,1314.238,1316.149,1314.138,1315.889,60
2016-08-16,08:30:00,0.8,0.9,1.0,cpi.csv,48.379,48.635,48.278,48.344,60,,,,,,,,,,,1.127,1.12766,1.12561,1.12581,62104,1.29295,1.2994,1.29257,1.29632,22090,18593.836,18595.666,18580.309,18585.343,60,2185.225,2185.579,2183.829,2184.614,49,4816.731,4817.317,4813.009,4814.551,60,1.28721,1.28883,1.2866,1.28835,22874,0.96416,0.96518,0.96357,0.96511,17680,100.319,100.384,100.185,100.271,20738,19.993,20.055,19.985,19.997,85,1349.379,1351.671,1349.162,1349.721,60
2016-07-15,08:30:00,1.0,1.1,1.0,cpi.csv,46.737,46.949,46.677,46.942,60,,,,,,,,,,,1.11327,1.11488,1.11321,1.11389,11617,1.33695,1.34217,1.33679,1.34154,8074,18496.475,18515.993,18483.761,18492.348,60,2160.864,2163.344,2158.608,2160.338,60,4593.591,4598.879,4588.355,4591.482,60,1.28958,1.29015,1.28849,1.28918,7076,0.97963,0.97963,0.9787,0.97958,4009,105.867,106.015,105.786,105.896,8140,20.214,20.244,20.166,20.19,63,1332.601,1333.622,1331.879,1332.951,60
2016-06-16,08:30:00,1.0,1.1,1.1,cpi.csv,48.186,48.319,48.145,48.23,60,,,,,,,,,,,1.1273,1.12745,1.12585,1.12607,15155,1.41497,1.41953,1.41252,1.4169,10015,17580.236,17592.334,17567.59,17586.232,60,2064.072,2065.62,2061.899,2064.962,60,4390.581,4394.673,4387.423,4393.098,60,1.29731,1.29837,1.29572,1.2975,8093,0.9608,0.96163,0.95951,0.96115,6518,103.93,104.196,103.805,104.143,9252,17.716,17.793,17.699,17.758,215,1307.951,1309.292,1306.831,1306.892,60
2016-05-17,08:30:00,1.1,1.1,0.9,cpi.csv,49.374,49.425,48.787,48.799,59,,,,,,,,,,,1.13381,1.13387,1.13221,1.13243,11045,1.45167,1.45169,1.44604,1.44692,10799,17746.388,17750.468,17721.323,17721.879,60,2070.585,2071.12,2067.849,2068.358,60,4392.812,4394.083,4384.968,4387.51,60,1.28625,1.29019,1.28583,1.28986,7442,0.97696,0.97838,0.9766,0.97829,4817,109.399,109.646,109.376,109.629,6977,17.214,17.219,17.116,17.119,182,1273.689,1273.951,1269.069,1270.432,60
2016-04-14,08:30:00,0.9,1.1,1.0,cpi.csv,43.699,43.809,43.499,43.792,60,,,,,,,,,,,1.12534,1.12716,1.12407,1.12677,15626,1.41248,1.41608,1.41154,1.4144,10138,17873.907,17889.922,17862.83,17884.331,60,2076.606,2078.858,2075.049,2078.08,60,4542.61,4548.263,4540.478,4547.06,60,1.28705,1.28744,1.28409,1.28485,8674,0.96715,0.96774,0.96548,0.96604,6191,109.313,109.313,109.059,109.173,8431,16.058,16.203,16.041,16.162,157,1239.221,1244.05,1238.821,1240.942,60
2016-03-16,08:30:00,1.0,0.9,1.4,cpi.csv,38.91,39.297,38.829,39.286,60,,,,,,,,,,,1.10869,1.10895,1.10745,1.10873,16912,1.41001,1.41317,1.40976,1.41171,8629,17256.603,17274.887,17246.719,17268.69,60,2017.411,2019.577,2016.177,2019.138,60,4368.777,4374.508,4365.74,4373.234,60,1.33753,1.33772,1.33492,1.33526,6549,0.9888,0.99012,0.98874,0.98892,6402,113.635,113.754,113.626,113.636,10562,15.224,15.256,15.185,15.254,69,1231.232,1232.031,1229.611,1231.631,60
2016-02-19,09:30:00,1.4,1.3,0.7,cpi.csv,34.374,34.388,33.787,34.029,60,,,,,,,,,,,1.11035,1.11063,1.10798,1.10847,20905,1.43318,1.43377,1.42673,1.42911,12362,16464.482,16466.493,16426.139,16447.958,60,1925.477,1925.627,1920.342,1923.363,60,4169.646,4170.399,4156.706,4163.858,60,1.37533,1.378,1.37533,1.37725,8258,0.99343,0.99594,0.99291,0.99561,9815,113.063,113.077,112.857,112.942,11758,15.373,15.385,15.319,15.328,124,1223.531,1225.321,1220.292,1220.859,60
2016-01-20,09:30:00,0.7,0.8,0.5,cpi.csv,27.84,28.108,27.755,27.979,60,,,,,,,,,,,1.09622,1.09657,1.09167,1.09237,20328,1.41359,1.41845,1.41251,1.41839,14580,15648.893,15720.984,15611.884,15704.979,60,1839.609,1849.823,1835.964,1847.253,60,4053.992,4075.994,4043.929,4069.993,60,1.46836,1.46897,1.46333,1.46398,13191,0.99969,1.00189,0.99917,1.00147,10459,116.093,116.96,115.974,116.705,16279,14.074,14.09,14.061,14.068,82,1095.329,1096.938,1093.018,1093.291,60
2015-12-15,09:30:00,0.5,0.4,0.2,cpi.csv,38.06,38.386,37.951,38.214,60,,,,,,,,,,,1.1028,1.10304,1.10106,1.10259,13147,1.51367,1.51673,1.51366,1.51585,11690,17443.989,17477.453,17443.977,17472.235,60,2032.009,2035.064,2031.682,2034.638,60,4592.876,4603.226,4592.719,4601.351,60,1.36987,1.37003,1.36849,1.36943,7538,0.98189,0.98421,0.98166,0.98276,7298,120.945,121.003,120.924,120.957,6308,13.7,13.726,13.675,13.707,79,1062.841,1063.669,1058.849,1062.449,60
2015-11-17,09:30:00,0.2,0.1,0.0,cpi.csv,44.636,45.07,44.602,45.008,60,,,,,,,,,,,1.06466,1.06735,1.06429,1.0668,12585,1.51611,1.52125,1.51611,1.52116,8480,17483.924,17534.414,17475.63,17519.436,60,2055.382,2060.9,2054.353,2059.081,60,4566.936,4580.933,4564.903,4577.154,60,1.33314,1.33338,1.33079,1.33103,6250,1.01288,1.01355,1.01076,1.0111,5477,123.29,123.315,123.231,123.245,4699,14.257,14.283,14.243,14.276,66,1079.498,1081.569,1079.388,1081.438,60
2015-10-15,08:30:00,0.0,-0.1,0.2,cpi.csv,49.5,49.599,49.297,49.518,59,,,,,,,,,,,1.14372,1.14596,1.14335,1.14417,10417,1.54607,1.5497,1.54576,1.54844,10398,17017.249,17031.762,16999.325,17027.26,60,2005.181,2007.191,2003.174,2006.679,60,4368.909,4374.953,4364.352,4372.865,60,1.2887,1.28977,1.28736,1.28864,5578,0.95024,0.95087,0.94882,0.94955,3321,118.374,118.407,118.251,118.397,7481,16.139,16.149,16.103,16.109,65,1185.538,1185.788,1183.789,1183.951,60
2015-09-16,08:30:00,0.2,0.2,0.2,cpi.csv,48.183,48.659,48.183,48.57,60,,,,,,,,,,,1.12652,1.12693,1.12456,1.12531,9481,1.53414,1.54179,1.534,1.54009,10675,16606.225,16631.984,16597.818,16610.816,60,1977.177,1980.694,1976.363,1977.984,60,4357.493,4364.0,4355.905,4358.986,60,1.32122,1.32233,1.32107,1.3222,3471,0.97255,0.97353,0.97176,0.97273,4447,120.251,120.39,120.248,120.338,6168,14.496,14.524,14.49,14.507,61,1107.7,1108.218,1107.098,1107.849,60
2015-08-19,08:30:00,0.2,0.2,0.1,cpi.csv,49.057,49.059,48.786,48.849,60,,,,,,,,,,,1.10575,1.10678,1.10494,1.10534,7088,1.56873,1.56967,1.56794,1.56794,7618,17465.797,17465.998,17421.772,17439.928,60,2092.148,2092.495,2087.166,2089.199,60,4530.241,4530.469,4520.066,4526.355,60,1.30263,1.30448,1.3024,1.30417,3863,0.97514,0.97544,0.97375,0.97385,3357,124.257,124.272,124.206,124.241,4346,14.956,14.988,14.956,14.969,62,1123.038,1123.852,1121.738,1122.509,60
2015-07-17,08:30:00,0.1,0.1,0.0,cpi.csv,57.099,57.22,56.937,57.078,60,,,,,,,,,,,1.08875,1.08998,1.08818,1.08902,9916,1.56626,1.56665,1.56389,1.56459,10233,18079.947,18082.924,18068.668,18074.778,60,2123.018,2123.262,2121.963,2122.614,60,4623.431,4624.789,4621.997,4624.439,60,1.29623,1.29838,1.29609,1.29809,6761,0.95655,0.9578,0.95599,0.95765,7986,124.005,124.072,123.962,124.07,4361,14.997,15.011,14.968,14.98,97,1144.769,1145.639,1143.638,1143.889,60
2015-06-18,08:30:00,0.0,0.0,-0.2,cpi.csv,64.39,64.87,64.323,64.737,60,,,,,,,,,,,1.13793,1.14197,1.13689,1.13838,19726,1.58865,1.59288,1.58816,1.58917,12967,17942.899,17943.999,17894.848,17922.821,60,2101.188,2101.443,2095.143,2099.174,60,4468.919,4468.997,4452.821,4461.91,60,1.22007,1.22027,1.21653,1.21759,6421,0.91914,0.91954,0.91549,0.9179,7188,122.858,122.864,122.659,122.802,9364,16.226,16.34,16.226,16.286,131,1191.019,1197.858,1191.019,1195.929,60
2015-05-22,08:30:00,-0.2,-0.1,-0.1,cpi.csv,66.248,66.389,66.175,66.326,60,,,,,,,,,,,1.1159,1.11763,1.11506,1.11692,12596,1.56706,1.56788,1.56367,1.56584,9245,18292.773,18297.864,18287.174,18288.821,60,2131.321,2131.842,2129.919,2130.533,60,4533.466,4535.356,4531.896,4531.99,60,1.21893,1.22018,1.21876,1.2201,3478,0.93346,0.93369,0.93208,0.93219,5695,120.739,120.853,120.725,120.781,5194,17.289,17.317,17.263,17.269,60,1213.552,1213.981,1211.988,1212.388,60
2015-04-17,08:30:00,-0.1,0.1,0.0,cpi.csv,63.527,63.809,63.147,63.208,60,,,,,,,,,,,1.07862,1.0827,1.07861,1.08203,14897,1.49637,1.50187,1.49625,1.50174,21369,18072.998,18090.972,18071.73,18082.705,60,2103.348,2105.192,2103.084,2104.547,60,4411.696,4416.256,4411.663,4414.621,60,1.21729,1.21833,1.21679,1.21782,6972,0.95521,0.95538,0.95309,0.95377,5281,118.814,118.93,118.774,118.866,5208,16.362,16.45,16.36,16.416,60,1203.516,1205.109,1203.269,1204.308,60
2015-03-24,08:30:00,0.0,-0.1,-0.1,cpi.csv,55.391,55.919,55.275,55.819,60,,,,,,,,,,,1.0952,1.10008,1.09491,1.0986,17742,1.49434,1.49655,1.49403,1.49531,24323,18104.971,18148.997,18079.841,18128.981,60,2102.796,2106.998,2099.705,2104.72,60,4444.006,4453.54,4438.217,4449.786,60,1.2517,1.25231,1.24845,1.24929,7850,0.96421,0.96458,0.95926,0.96038,8192,119.611,119.618,119.433,119.471,8292,16.885,17.032,16.872,17.001,61,1187.561,1192.649,1186.988,1190.89,60
2015-02-26,09:30:00,-0.1,-0.1,0.8,cpi.csv,61.495,62.507,61.476,62.299,60,,,,,,,,,,,1.13536,1.13749,1.13439,1.13727,8949,1.55209,1.55337,1.5519,1.55324,19670,18210.811,18238.541,18209.973,18229.499,60,2112.57,2116.398,2112.563,2115.562,60,4440.408,4446.917,4440.354,4445.135,60,1.24138,1.2418,1.2392,1.23922,5463,0.94789,0.94808,0.94502,0.94533,7304,118.746,118.806,118.71,118.716,4897,16.816,16.881,16.778,16.872,60,1214.718,1219.599,1213.579,1219.097,60
2015-01-16,09:30:00,0.8,0.7,1.3,cpi.csv,48.696,49.798,48.696,49.596,60,,,,,,,,,,,1.16136,1.16373,1.16116,1.16283,13229,1.52065,1.52344,1.52028,1.5224,11109,17305.939,17306.941,17225.817,17260.955,60,1988.581,1988.591,1979.066,1984.09,58,4068.97,4069.981,4049.913,4058.859,60,1.19777,1.19969,1.19755,1.19935,3482,0.86657,0.87488,0.86165,0.87315,9246,116.546,116.559,116.32,116.415,9383,16.931,16.961,16.904,16.91,60,1257.941,1261.228,1257.38,1258.501,60
2014-12-17,09:30:00,1.3,1.4,1.7,cpi.csv,59.578,59.598,59.229,59.229,60,,,,,,,,,,,1.24678,1.24725,1.24547,1.24621,9458,1.56981,1.57284,1.56903,1.57172,21235,17135.864,17163.454,17113.645,17151.991,60,1980.592,1984.099,1978.143,1982.477,60,4099.813,4106.987,4095.851,4102.892,60,1.16559,1.16594,1.16498,1.16555,3001,0.96319,0.96417,0.96273,0.96348,9119,117.236,117.281,117.006,117.063,6230,15.798,15.871,15.784,15.824,60,1196.522,1198.152,1194.442,1195.632,60
2014-11-20,09:30:00,1.7,1.6,1.7,cpi.csv,78.129,78.219,77.529,77.697,59,,,,,,,,,,,1.25169,1.25233,1.25055,1.25172,14274,1.56509,1.56857,1.56426,1.56745,18077,17622.816,17637.954,17617.674,17634.826,57,2043.384,2044.598,2042.582,2044.371,49,4211.98,4214.925,4207.614,4211.968,43,1.13545,1.13624,1.13439,1.13464,4552,0.95947,0.9605,0.95916,0.95956,10427,118.607,118.725,118.381,118.471,8265,16.104,16.275,16.073,16.255,62,1186.701,1191.976,1185.789,1190.701,60
2014-10-22,08:30:00,1.7,1.6,1.7,cpi.csv,86.66,86.708,86.209,86.357,60,,,,,,,,,,,1.27149,1.27155,1.26811,1.26893,15484,1.60789,1.60823,1.6011,1.60283,21690,16610.916,16611.938,16577.661,16594.824,60,1942.592,1942.592,1937.575,1939.371,59,3979.575,3979.693,3968.854,3973.797,60,1.12324,1.12402,1.12301,1.1231,3762,0.94907,0.95122,0.94904,0.95066,6711,106.958,106.986,106.79,106.854,6240,17.442,17.452,17.325,17.37,60,1247.749,1247.952,1246.033,1247.029,60
2014-09-17,08:30:00,1.7,1.9,2.0,cpi.csv,98.757,99.166,98.644,99.053,60,,,,,,,,,,,1.29594,1.29666,1.29545,1.29582,8902,1.63087,1.63344,1.62859,1.62948,18019,17138.406,17145.371,17129.151,17140.579,60,1999.191,2000.181,1998.158,1999.655,44,4061.271,4064.102,4059.699,4063.201,59,1.09533,1.09543,1.09482,1.09522,2204,0.93394,0.93473,0.93348,0.93455,5194,107.27,107.295,107.225,107.246,4816,18.623,18.65,18.606,18.637,60,1234.813,1236.352,1234.749,1236.244,60
2014-08-19,08:30:00,2.0,2.0,2.1,cpi.csv,101.786,101.876,101.535,101.796,60,,,,,,,,,,,1.33509,1.33558,1.33438,1.33539,8976,1.67005,1.67005,1.66339,1.66479,13669,16872.618,16873.935,16856.455,16859.138,56,1975.17,1975.176,1973.463,1973.996,39,4023.074,4023.623,4020.337,4021.89,60,1.08959,1.09012,1.08957,1.08982,2767,0.90704,0.90739,0.90655,0.90663,3280,102.599,102.624,102.577,102.606,3683,19.647,19.676,19.635,19.666,60,1299.333,1300.988,1299.163,1300.894,60
2014-07-22,08:30:00,2.1,2.1,2.1,cpi.csv,108.033,108.033,107.776,107.996,60,,,,,,,,,,,1.35038,1.35042,1.34811,1.34857,13292,1.70636,1.70708,1.70587,1.70641,8557,17072.159,17086.288,17060.146,17084.208,60,1974.368,1976.365,1973.368,1975.896,57,3938.439,3942.695,3935.656,3941.657,60,1.07445,1.07461,1.0741,1.07421,1945,0.89988,0.90126,0.89978,0.90105,4118,101.498,101.547,101.455,101.526,4167,20.825,20.893,20.822,20.854,61,1305.223,1308.603,1305.072,1307.723,60
2014-06-17,08:30:00,2.1,2.0,2.0,cpi.csv,112.514,112.577,112.132,112.314,60,,,,,,,,,,,1.35599,1.35789,1.35559,1.35753,13458,1.69806,1.69823,1.69375,1.69534,9460,16816.822,16828.838,16813.647,16822.109,60,1941.775,1942.986,1941.458,1942.495,59,3786.42,3790.072,3785.327,3789.21,60,1.08571,1.08584,1.08528,1.08577,2676,0.89848,0.89875,0.89729,0.89741,5892,102.039,102.051,102.002,102.023,5841,19.569,19.608,19.558,19.573,60,1266.146,1266.91,1264.002,1264.615,60
2014-05-15,08:30:00,2.0,2.0,1.5,cpi.csv,109.062,109.156,108.905,109.005,60,,,,,,,,,,,1.36739,1.3677,1.36597,1.36702,14705,1.67387,1.67569,1.67354,1.67541,7518,16636.403,16636.403,16595.368,16607.398,60,1890.176,1890.187,1885.664,1886.974,58,3601.501,3601.501,3592.08,3597.706,60,1.08623,1.08665,1.08518,1.08659,3183,0.89276,0.89389,0.89253,0.8935,8463,102.022,102.022,101.819,101.876,6773,19.601,19.742,19.589,19.684,64,1302.26,1306.285,1302.003,1303.407,60
2014-04-15,08:30:00,1.5,1.4,1.1,cpi.csv,108.654,108.815,108.514,108.695,60,,,,,,,,,,,1.38004,1.38069,1.37935,1.37938,8275,1.6697,1.67243,1.66583,1.67167,8112,16164.17,16165.409,16145.141,16153.15,60,1831.195,1831.195,1828.662,1829.697,58,3479.502,3480.049,3473.586,3476.114,60,1.09935,1.09972,1.09892,1.09961,2663,0.88107,0.88149,0.88067,0.88137,5369,101.798,101.814,101.685,101.766,4559,19.765,19.8,19.735,19.767,60,1310.532,1312.029,1309.315,1311.173,60
2014-03-18,08:30:00,1.1,1.2,1.6,cpi.csv,106.584,106.704,106.424,106.486,60,,,,,,,,,,,1.39164,1.39168,1.39076,1.3913,7909,1.66025,1.66064,1.65896,1.66051,5678,16238.359,16238.481,16197.226,16215.977,60,1857.172,1857.495,1852.96,1854.964,56,3654.749,3655.393,3646.199,3650.878,60,1.10491,1.10543,1.10421,1.10531,1950,0.87333,0.87392,0.87328,0.87371,3980,101.646,101.655,101.364,101.477,6104,20.978,21.044,20.94,21.014,61,1359.635,1361.033,1357.862,1360.62,60
2014-02-20,09:30:00,1.6,1.6,1.5,cpi.csv,109.831,110.018,109.811,109.992,60,,,,,,,,,,,1.36983,1.37091,1.36943,1.37015,9304,1.66455,1.66563,1.66351,1.66421,6569,16004.967,16023.291,16001.7,16005.883,60,1824.683,1826.992,1824.458,1824.667,56,3649.079,3652.931,3647.7,3647.7,60,1.10673,1.1079,1.10664,1.10735,2061,0.8898,0.89061,0.8895,0.89029,4199,101.755,101.934,101.73,101.892,4360,21.591,21.64,21.591,21.601,59,1314.303,1315.377,1313.884,1314.103,60
2014-01-16,09:30:00,1.5,1.5,1.2,cpi.csv,,,,,,,,,,,,,,,,1.36069,1.36277,1.36057,1.36224,11559,1.63376,1.63558,1.63296,1.63485,5120,16438.831,16455.916,16438.604,16446.884,60,1843.962,1845.197,1843.958,1844.972,60,3602.791,3605.652,3602.287,3604.591,60,1.09457,1.09475,1.09333,1.09349,4186,0.90842,0.90842,0.90606,0.90669,7066,104.731,104.793,104.687,104.722,2882,20.031,20.043,20.008,20.04,56,1237.843,1238.793,1236.463,1238.664,60
2013-12-17,09:30:00,1.2,1.3,1.0,cpi.csv,108.925,108.925,108.622,108.841,43,,,,,,,,,,,1.37708,1.37737,1.3761,1.37638,10255,1.63294,1.63302,1.62845,1.62997,6102,15882.899,15882.98,15864.62,15875.952,60,1785.696,1785.698,1783.657,1784.966,60,3470.782,3470.951,3466.72,3469.114,60,1.05838,1.0586,1.05759,1.0586,1308,0.88665,0.88752,0.88649,0.88731,4240,102.927,102.949,102.861,102.941,3969,19.94,19.987,19.907,19.949,60,1238.97,1239.87,1237.145,1237.613,60
2013-11-20,09:30:00,1.0,1.0,1.2,cpi.csv,107.089,107.175,106.539,106.61,55,,,,,,,,,,,1.35366,1.35405,1.35163,1.35221,14879,1.61413,1.61524,1.61156,1.61261,8484,15977.645,15978.885,15967.693,15972.991,60,1788.895,1788.895,1787.46,1787.993,59,3378.98,3379.145,3375.334,3376.719,60,1.04617,1.04638,1.04588,1.04594,1626,0.9101,0.9118,0.90994,0.91121,6164,99.958,100.052,99.888,99.987,5396,20.335,20.373,20.29,20.343,60,1271.953,1272.584,1270.096,1271.013,60
2013-10-30,08:30:00,1.2,1.2,1.5,cpi.csv,108.965,109.212,108.801,108.808,54,,,,,,,,,,,1.37414,1.37681,1.3736,1.37674,18340,1.60396,1.60565,1.60387,1.60554,5539,15695.72,15727.849,15689.628,15722.628,60,1773.985,1776.496,1773.162,1776.496,52,3396.043,3402.638,3395.015,3401.893,60,1.04605,1.04648,1.0452,1.04525,2052,0.89992,0.90028,0.89762,0.8978,6169,98.269,98.287,98.199,98.202,5023,22.656,22.702,22.621,22.665,61,1345.542,1349.242,1344.232,1347.513,60
2013-09-17,08:30:00,1.5,1.6,2.0,cpi.csv,109.685,109.948,109.436,109.577,60,,,,,,,,,,,1.33495,1.33571,1.3343,1.33519,11247,1.59256,1.59297,1.59006,1.59072,7704,15483.0,15498.0,15479.0,15491.0,60,1694.878,1696.696,1694.361,1696.2,60,3162.523,3165.567,3161.211,3164.731,60,1.03253,1.0326,1.0315,1.03172,2284,0.92653,0.92711,0.926,0.92633,4940,99.247,99.309,99.163,99.213,5403,22.001,22.064,21.958,21.958,64,1320.142,1323.84,1318.353,1318.353,60
2013-08-15,08:30:00,2.0,2.0,1.8,cpi.csv,109.389,110.007,109.388,109.835,60,,,,,,,,,,,1.32902,1.3298,1.32874,1.32887,9478,1.5534,1.55876,1.55322,1.55794,9638,15303.0,15317.0,15302.0,15309.0,60,1681.196,1683.185,1681.164,1682.192,58,3109.117,3114.314,3109.071,3112.301,60,1.03086,1.03107,1.03039,1.03068,2905,0.93262,0.93384,0.9322,0.93378,6147,97.901,97.963,97.844,97.922,4033,22.05,22.152,22.019,22.08,60,1339.16,1342.001,1338.4,1339.33,60
2013-07-16,08:30:00,1.8,1.7,1.4,cpi.csv,107.768,108.259,107.737,108.257,60,,,,,,,,,,,1.30714,1.30814,1.3062,1.30712,13553,1.50883,1.51238,1.50444,1.50579,8692,15476.0,15483.0,15460.0,15481.0,60,1681.165,1681.899,1679.368,1681.867,60,3078.061,3079.699,3075.899,3079.155,60,1.04341,1.04406,1.04297,1.04353,5668,0.94703,0.9487,0.94688,0.94831,9346,99.596,99.706,99.535,99.62,5439,19.842,19.86,19.796,19.825,60,1286.078,1286.868,1283.553,1284.489,60
2013-06-18,08:30:00,1.4,1.4,1.1,cpi.csv,105.416,105.555,105.155,105.258,60,,,,,,,,,,,1.33736,1.33937,1.3373,1.3384,16579,1.56959,1.57086,1.56664,1.56835,6835,15223.0,15232.0,15201.0,15209.0,60,1643.394,1644.49,1641.174,1642.076,60,2976.753,2978.989,2972.204,2973.162,60,1.01895,1.02051,1.01819,1.01915,4722,0.92179,0.92202,0.91916,0.91964,8608,95.091,95.301,95.015,95.158,7986,21.845,21.871,21.765,21.772,62,1382.056,1383.142,1376.96,1377.633,60
2013-05-16,08:30:00,1.1,1.3,1.5,cpi.csv,,,,,,,,,,,,,,,,1.28607,1.28635,1.28463,1.286,12908,1.52137,1.52137,1.51976,1.52077,8437,,,,,,,,,,,,,,,,1.0179,1.01922,1.0179,1.0186,4167,0.97019,0.97081,0.96828,0.9687,8782,102.438,102.531,102.379,102.482,7544,22.255,22.287,22.104,22.176,88,1376.86,1378.03,1369.63,1372.276,60
2013-04-16,08:30:00,1.5,1.6,2.0,cpi.csv,,,,,,,,,,,,,,,,1.30484,1.3056,1.30399,1.30437,16771,1.53011,1.53026,1.52725,1.52801,12576,,,,,,,,,,,,,,,,1.02487,1.02569,1.02455,1.02495,4642,0.93136,0.932,0.9309,0.93191,8536,97.76,97.8,97.482,97.69,12084,23.274,23.387,22.962,23.33,157,1372.614,1377.652,1360.352,1375.952,60
2013-03-15,08:30:00,2.0,1.9,1.6,cpi.csv,,,,,,,,,,,,,,,,1.30336,1.30336,1.30104,1.30161,10054,1.51427,1.51427,1.5109,1.51232,10625,,,,,,,,,,,,,,,,1.02112,1.02173,1.02082,1.02089,3572,0.94493,0.94673,0.9448,0.94517,9273,96.044,96.064,95.972,96.012,6129,28.923,28.924,28.838,28.855,59,1593.656,1593.656,1591.413,1592.33,60
2013-02-21,09:30:00,1.6,1.6,1.7,cpi.csv,,,,,,,,,,,,,,,,1.32044,1.32072,1.31781,1.31993,17142,1.51929,1.52362,1.51866,1.52232,18890,,,,,,,,,,,,,,,,1.01891,1.0193,1.01855,1.01866,3762,0.93052,0.93232,0.93047,0.93159,14086,93.35,93.415,93.287,93.369,9396,28.356,28.543,28.318,28.532,80,1564.884,1570.026,1563.872,1569.902,60
2013-01-16,09:30:00,1.7,1.8,1.8,cpi.csv,,,,,,,,,,,,,,,,1.32718,1.32823,1.32645,1.32779,9863,1.60088,1.60275,1.6003,1.60255,10489,,,,,,,,,,,,,,,,0.9865,0.98694,0.98593,0.98615,3527,0.92944,0.93043,0.92918,0.92968,7973,87.967,88.11,87.793,88.034,12094,31.2,31.223,31.153,31.2,62,1678.536,1679.574,1677.173,1678.203,60
2012-12-14,09:30:00,1.8,1.9,2.2,cpi.csv,,,,,,,,,,,,,,,,1.30776,1.30869,1.30679,1.30844,8345,1.6115,1.61325,1.61126,1.613,6226,,,,,,,,,,,,,,,,0.9842,0.98467,0.9838,0.98382,4005,0.92371,0.92471,0.92326,0.92368,6086,83.776,83.869,83.744,83.811,3817,32.551,32.616,32.543,32.594,60,1696.723,1698.773,1696.452,1698.333,60
2012-11-15,09:30:00,2.2,2.1,2.0,cpi.csv,,,,,,,,,,,,,,,,1.27501,1.27726,1.27501,1.27643,12219,1.58482,1.58534,1.58267,1.58465,8990,,,,,,,,,,,,,,,,1.00213,1.00217,1.00066,1.00124,5673,0.94415,0.94443,0.94268,0.94336,7821,80.825,80.952,80.822,80.952,5170,32.683,32.704,32.663,32.675,60,1725.132,1725.948,1724.25,1724.634,60
2012-10-16,08:30:00,2.0,1.9,1.7,cpi.csv,,,,,,,,,,,,,,,,1.30008,1.30069,1.29969,1.30058,10790,1.61037,1.61061,1.60895,1.6096,8530,,,,,,,,,,,,,,,,0.98123,0.98159,0.9806,0.98148,5001,0.92988,0.93018,0.9295,0.9295,7135,78.912,78.913,78.825,78.892,4708,32.885,32.944,32.854,32.854,60,1740.872,1742.523,1740.872,1741.333,60
2012-09-14,08:30:00,1.7,1.7,1.4,cpi.csv,,,,,,,,,,,,,,,,1.30235,1.30379,1.3021,1.30355,9493,1.61883,1.62053,1.61882,1.6191,8716,,,,,,,,,,,,,,,,0.96535,0.96658,0.96518,0.96591,5257,0.93378,0.93384,0.93239,0.93253,7454,77.653,77.757,77.652,77.757,4292,34.584,34.693,34.495,34.67,71,1771.993,1772.803,1767.213,1772.793,60
2012-08-15,08:30:00,1.4,1.6,1.7,cpi.csv,,,,,,,,,,,,,,,,1.23221,1.23361,1.23202,1.23338,9147,1.56649,1.57,1.56638,1.56908,10490,,,,,,,,,,,,,,,,0.99333,0.99349,0.99247,0.99254,6748,0.97462,0.97475,0.97346,0.97368,7746,78.938,78.978,78.922,78.928,3405,27.571,27.73,27.55,27.648,92,1592.0,1598.693,1591.848,1596.112,60
2012-07-17,08:30:00,1.7,1.6,1.7,cpi.csv,,,,,,,,,,,,,,,,1.22879,1.23108,1.22867,1.22982,13098,1.56376,1.56483,1.56089,1.56207,12649,,,,,,,,,,,,,,,,1.01425,1.01496,1.0139,1.01486,7911,0.97738,0.97743,0.97546,0.97645,9458,79.026,79.103,78.988,79.069,3942,27.413,27.616,27.404,27.538,63,1592.526,1599.003,1592.387,1596.752,60
2012-06-14,08:30:00,1.7,1.8,2.3,cpi.csv,,,,,,,,,,,,,,,,1.25785,1.2582,1.25428,1.25497,16559,1.54928,1.54968,1.54731,1.54804,10948,,,,,,,,,,,,,,,,1.02736,1.02938,1.02715,1.02876,9415,0.95475,0.95733,0.95452,0.95673,14511,79.338,79.398,79.325,79.33,6363,28.97,28.994,28.906,28.934,67,1620.664,1621.388,1617.847,1619.352,60
2012-05-15,08:30:00,2.3,2.3,2.7,cpi.csv,,,,,,,,,,,,,,,,1.28654,1.28664,1.28438,1.28493,13676,1.60922,1.60963,1.6063,1.60672,9886,,,,,,,,,,,,,,,,0.99961,1.00211,0.99957,1.00159,7085,0.93363,0.93502,0.93351,0.93451,11898,79.916,79.936,79.855,79.928,5351,28.323,28.354,28.193,28.223,60,1558.812,1559.565,1555.438,1556.921,60
2012-04-13,08:30:00,2.7,,2.9,cpi.csv,,,,,,,,,,,,,,,,1.3168,1.31688,1.31467,1.31518,15552,1.59351,1.59359,1.59113,1.59217,11376,,,,,,,,,,,,,,,,0.99511,0.99666,0.99511,0.99635,9992,0.91242,0.91402,0.91233,0.91365,12178,80.934,80.971,80.844,80.925,5390,32.297,32.304,32.213,32.238,60,1673.7,1674.245,1670.38,1670.977,60
2012-03-16,08:30:00,2.9,,2.9,cpi.csv,,,,,,,,,,,,,,,,1.30771,1.30802,1.30521,1.30665,13356,1.57225,1.57306,1.57151,1.57265,7664,,,,,,,,,,,,,,,,0.99325,0.99405,0.99293,0.99363,8829,0.92305,0.92537,0.9229,0.92408,10488,83.537,83.836,83.527,83.784,6296,32.657,32.664,32.338,32.449,93,1658.117,1658.153,1651.583,1653.296,60
2012-02-17,09:30:00,2.9,,3.0,cpi.csv,,,,,,,,,,,,,,,,1.31222,1.31687,1.31215,1.31563,13439,1.5797,1.58618,1.57963,1.58513,12192,,,,,,,,,,,,,,,,0.99614,0.99634,0.99484,0.99546,7996,0.91983,0.91989,0.917,0.91769,9067,79.026,79.045,78.994,79.0,3176,33.525,33.574,33.466,33.517,60,1731.636,1733.503,1730.733,1732.174,60
2012-01-19,09:30:00,3.0,,3.4,cpi.csv,,,,,,,,,,,,,,,,1.28868,1.29061,1.28649,1.28825,19083,1.54448,1.54496,1.5423,1.54363,16301,,,,,,,,,,,,,,,,1.00931,1.01025,1.0091,1.0101,11117,0.93757,0.93901,0.93586,0.9377,16578,76.736,76.759,76.698,76.736,4979,30.837,30.866,30.724,30.755,83,1668.757,1670.052,1664.523,1665.393,60
2011-12-16,09:30:00,3.4,,3.5,cpi.csv,,,,,,,,,,,,,,,,1.30249,1.30392,1.30202,1.30363,14284,1.55221,1.55413,1.55193,1.55343,13782,,,,,,,,,,,,,,,,1.03154,1.03194,1.0306,1.03098,6586,0.93946,0.93983,0.93878,0.93878,11971,77.91,77.91,77.862,77.872,2868,29.585,29.728,29.573,29.703,69,1590.983,1594.844,1590.672,1594.039,60
2011-11-16,09:30:00,3.5,,3.9,cpi.csv,,,,,,,,,,,,,,,,1.35297,1.35456,1.35174,1.35382,15665,1.57985,1.58137,1.57574,1.57815,14249,,,,,,,,,,,,,,,,1.02414,1.02462,1.02192,1.02195,7950,0.91679,0.91761,0.91419,0.91513,10542,76.951,76.966,76.851,76.918,4898,34.405,34.572,34.368,34.543,80,1773.559,1775.806,1771.171,1775.393,60
2011-10-19,08:30:00,3.9,,3.8,cpi.csv,,,,,,,,,,,,,,,,1.38122,1.3828,1.37947,1.38241,16366,1.57562,1.57658,1.57113,1.57515,13975,,,,,,,,,,,,,,,,1.01221,1.0131,1.01143,1.01156,6726,0.90117,0.90214,0.89949,0.90011,10229,76.762,76.835,76.759,76.78,4498,31.549,31.624,31.304,31.503,73,1650.809,1651.902,1643.801,1646.895,60
2011-09-15,08:30:00,3.8,,3.6,cpi.csv,,,,,,,,,,,,,,,,1.37675,1.3789,1.37592,1.37717,14938,1.57633,1.5803,1.57581,1.57918,10177,,,,,,,,,,,,,,,,0.99137,0.99241,0.99091,0.99135,6248,0.87738,0.8785,0.87593,0.87597,9988,76.72,76.741,76.654,76.701,3653,40.394,40.422,40.302,40.404,68,1810.233,1815.385,1807.785,1814.784,60
2011-08-18,08:30:00,3.6,,3.6,cpi.csv,,,,,,,,,,,,,,,,1.44084,1.44509,1.43975,1.44194,17936,1.65149,1.65542,1.65002,1.6526,13411,,,,,,,,,,,,,,,,0.98317,0.98391,0.98193,0.98377,6068,0.79264,0.79564,0.79205,0.79517,10129,76.585,76.623,76.564,76.59,4684,40.403,40.41,40.233,40.244,61,1795.866,1796.798,1793.053,1794.588,60
2011-07-15,08:30:00,3.6,,3.6,cpi.csv,,,,,,,,,,,,,,,,1.41114,1.41445,1.41002,1.41362,16797,1.61225,1.61257,1.60855,1.60967,9664,,,,,,,,,,,,,,,,0.96096,0.96197,0.95937,0.96014,4985,0.81734,0.81835,0.8169,0.81707,7360,79.205,79.245,79.169,79.233,4485,37.967,38.194,37.898,38.151,95,1578.132,1580.912,1577.659,1580.912,60
2011-06-15,08:30:00,3.6,,3.2,cpi.csv,,,,,,,,,,,,,,,,1.4371,1.43773,1.43355,1.43355,12542,1.63617,1.63664,1.62954,1.62961,9434,,,,,,,,,,,,,,,,0.96731,0.96908,0.96696,0.96899,4636,0.8489,0.85011,0.84848,0.84971,7238,80.591,80.753,80.579,80.73,7426,35.327,35.33,35.028,35.031,108,1522.361,1522.668,1518.08,1518.08,60
2011-05-13,08:30:00,3.2,,2.7,cpi.csv,,,,,,,,,,,,,,,,1.43022,1.43383,1.43004,1.43218,14620,1.62955,1.63079,1.62769,1.62788,10534,,,,,,,,,,,,,,,,0.96114,0.96221,0.96049,0.96199,4687,0.88118,0.88234,0.87974,0.88223,10124,80.516,80.609,80.459,80.493,7206,35.994,35.994,35.445,35.524,62,1515.623,1516.47,1512.29,1513.327,60
2011-04-15,08:30:00,2.7,,2.1,cpi.csv,,,,,,,,,,,,,,,,1.44673,1.44831,1.44419,1.44599,13636,1.63444,1.6365,1.63264,1.63315,10081,,,,,,,,,,,,,,,,0.96345,0.96395,0.96237,0.96381,4011,0.89238,0.89361,0.89183,0.89246,7631,83.028,83.267,82.974,83.247,8301,41.804,42.057,41.801,41.997,223,1471.98,1474.772,1471.42,1473.12,60
2011-03-17,08:30:00,2.1,,1.6,cpi.csv,,,,,,,,,,,,,,,,1.3956,1.39931,1.3955,1.39895,13428,1.60552,1.61025,1.60419,1.60995,12575,,,,,,,,,,,,,,,,0.9895,0.99057,0.98825,0.98828,5288,0.90399,0.90428,0.89981,0.90309,13061,79.217,79.222,78.91,78.954,10083,34.172,34.419,34.069,34.404,60,1396.38,1398.63,1396.18,1398.58,60
2011-02-17,09:30:00,1.6,,1.5,cpi.csv,,,,,,,,,,,,,,,,1.35538,1.35839,1.35368,1.35674,12245,1.60886,1.61328,1.6075,1.61253,12959,,,,,,,,,,,,,,,,0.98425,0.98586,0.98396,0.98504,3314,0.95802,0.95802,0.95542,0.9563,12164,83.516,83.614,83.516,83.547,6962,,,,,,1379.181,1379.224,1376.909,1378.263,60
2011-01-14,09:30:00,1.5,,1.1,cpi.csv,,,,,,,,,,,,,,,,1.34134,1.3416,1.33579,1.3367,11778,1.58268,1.58533,1.58104,1.58389,8791,,,,,,,,,,,,,,,,0.99268,0.99424,0.9921,0.99399,3025,0.96225,0.96383,0.96214,0.96342,6866,82.509,82.92,82.509,82.838,7081,,,,,,1371.251,1372.184,1367.954,1367.994,60
2010-12-15,09:30:00,1.1,,1.2,cpi.csv,,,,,,,,,,,,,,,,1.3336,1.33412,1.32989,1.33007,11515,1.5756,1.57676,1.56873,1.56966,8762,,,,,,,,,,,,,,,,1.00635,1.00877,1.00598,1.00874,3570,0.95964,0.96152,0.95776,0.96105,9341,83.892,84.009,83.82,83.986,5056,,,,,,1392.114,1392.552,1389.98,1390.151,60
2010-11-17,09:30:00,1.2,,1.1,cpi.csv,,,,,,,,,,,,,,,,1.35012,1.35263,1.34927,1.35224,4069,1.59089,1.59363,1.58939,1.59338,3665,,,,,,,,,,,,,,,,1.02284,1.02353,1.02044,1.02058,1860,0.9955,0.99632,0.99304,0.99342,2589,83.487,83.501,83.322,83.38,2269,,,,,,1332.611,1339.97,1331.976,1339.009,60
2010-10-15,08:30:00,1.1,,1.1,cpi.csv,,,,,,,,,,,,,,,,1.40855,1.41129,1.40794,1.40954,4502,1.60505,1.6057,1.6041,1.60425,14185,,,,,,,,,,,,,,,,1.00565,1.0074,1.00565,1.0058,11117,0.9557,0.95685,0.9544,0.9549,15764,81.25,81.265,81.14,81.23,17501,,,,,,1378.127,1379.667,1376.435,1377.502,60
2010-09-17,08:30:00,1.1,,1.2,cpi.csv,,,,,,,,,,,,,,,,1.31476,1.31568,1.31285,1.31486,4729,1.57135,1.57225,1.56925,1.5716,13026,,,,,,,,,,,,,,,,1.0221,1.02325,1.0221,1.0224,11809,1.01725,1.01825,1.0149,1.01595,21344,85.81,85.9,85.8,85.87,14754,,,,,,1280.958,1281.858,1279.69,1280.508,60
2010-08-13,08:30:00,1.2,,1.1,cpi.csv,,,,,,,,,,,,,,,,1.28617,1.28687,1.28277,1.28576,4732,1.5647,1.56655,1.5621,1.5647,13346,,,,,,,,,,,,,,,,1.03765,1.0381,1.03685,1.0378,11324,1.0483,1.0535,1.04825,1.05255,17444,85.92,85.96,85.84,85.865,21159,,,,,,1215.479,1217.037,1214.947,1215.657,60
2010-07-16,08:30:00,1.1,,2.0,cpi.csv,,,,,,,,,,,,,,,,1.29393,1.29556,1.2919,1.29445,4375,1.5441,1.5441,1.5401,1.5416,16943,,,,,,,,,,,,,,,,1.04025,1.04425,1.04015,1.0442,10794,1.0408,1.04365,1.04055,1.0422,20156,87.245,87.25,86.975,87.065,21649,,,,,,1207.624,1208.017,1203.292,1204.033,60
2010-06-17,08:30:00,2.0,,2.2,cpi.csv,,,,,,,,,,,,,,,,1.22744,1.23396,1.22686,1.23274,4580,1.46715,1.47535,1.4667,1.4735,12666,,,,,,,,,,,,,,,,1.0286,1.02865,1.02395,1.0251,7077,1.1208,1.1227,1.1155,1.117,17353,91.18,91.41,91.175,91.3,19391,,,,,,1231.534,1232.539,1230.513,1230.733,60
2010-05-19,08:30:00,2.2,,2.3,cpi.csv,,,,,,,,,,,,,,,,1.21945,1.21957,1.21536,1.21749,4509,1.43295,1.43295,1.42585,1.4273,17735,,,,,,,,,,,,,,,,1.04245,1.04715,1.04245,1.0456,14423,1.1483,1.1521,1.14825,1.15015,33675,91.915,91.92,91.25,91.56,41312,,,,,,1214.412,1219.449,1214.042,1214.651,60
2010-04-14,08:30:00,2.3,,2.1,cpi.csv,,,,,,,,,,,,,,,,1.36251,1.36499,1.36243,1.36454,4106,1.54145,1.5428,1.54,1.5423,15325,,,,,,,,,,,,,,,,0.99835,0.9987,0.99765,0.99845,10846,1.05455,1.0546,1.05235,1.0531,27938,93.465,93.625,93.45,93.485,35277,,,,,,1154.868,1160.02,1154.048,1158.698,60
2010-03-18,08:30:00,2.1,,2.6,cpi.csv,,,,,,,,,,,,,,,,1.36519,1.36798,1.36474,1.36679,4240,1.52515,1.5282,1.52395,1.52705,14533,,,,,,,,,,,,,,,,1.0127,1.01285,1.00955,1.01055,7854,1.05915,1.05915,1.0571,1.05825,23667,90.035,90.2,89.98,90.045,33054,,,,,,1118.478,1122.095,1118.168,1121.454,60
2010-02-19,09:30:00,2.6,,2.7,cpi.csv,,,,,,,,,,,,,,,,1.34928,1.35146,1.34887,1.34927,3860,1.53945,1.5416,1.53505,1.5364,18033,,,,,,,,,,,,,,,,1.0493,1.0505,1.04845,1.0503,6463,1.08575,1.086,1.0842,1.08595,15950,91.755,91.825,91.69,91.79,24084,,,,,,1109.909,1110.139,1106.358,1107.317,60
2010-01-15,09:30:00,2.7,,1.8,cpi.csv,,,,,,,,,,,,,,,,1.4408,1.44218,1.4399,1.44137,4182,1.6329,1.63335,1.63045,1.63055,14632,,,,,,,,,,,,,,,,1.0264,1.02715,1.0259,1.0262,7280,1.02495,1.0254,1.02385,1.02445,21075,90.75,90.85,90.7,90.78,30992,,,,,,1135.683,1136.503,1133.813,1135.411,60
2009-12-16,09:30:00,1.8,,-0.2,cpi.csv,,,,,,,,,,,,,,,,1.45477,1.45584,1.45389,1.45537,3859,1.6253,1.62995,1.62355,1.62855,16202,,,,,,,,,,,,,,,,1.0598,1.06035,1.0586,1.059,6756,1.0399,1.04075,1.03915,1.0395,25377,89.82,89.83,89.675,89.77,34767,,,,,,1126.29,1132.639,1125.7,1132.574,60
2009-11-18,09:30:00,-0.2,,-1.3,cpi.csv,,,,,,,,,,,,,,,,1.4923,1.49594,1.49104,1.49573,4933,1.68205,1.68455,1.6766,1.6837,12441,,,,,,,,,,,,,,,,1.05005,1.0521,1.04765,1.04785,9548,1.01285,1.01355,1.0103,1.01035,20942,89.14,89.175,89.02,89.03,25721,,,,,,1145.13,1147.439,1144.081,1147.158,60
2009-10-15,08:30:00,-1.3,,-1.5,cpi.csv,,,,,,,,,,,,,,,,1.4933,1.4947,1.49203,1.49435,4795,1.6161,1.62225,1.616,1.6196,23275,,,,,,,,,,,,,,,,1.0226,1.02415,1.02185,1.0234,13362,1.0133,1.01435,1.0123,1.0126,19593,89.53,89.73,89.51,89.66,30973,,,,,,1059.505,1060.131,1056.06,1057.979,60
2009-09-16,08:30:00,-1.5,,-2.1,cpi.csv,,,,,,,,,,,,,,,,1.47025,1.47123,1.46867,1.47051,4511,1.6478,1.65085,1.6466,1.64915,12039,,,,,,,,,,,,,,,,1.06945,1.0707,1.06785,1.0682,7816,1.03225,1.0337,1.0319,1.0327,11496,90.265,90.43,90.13,90.165,25314,,,,,,1015.794,1016.712,1013.873,1014.72,60
2009-08-14,08:30:00,-2.1,,-1.4,cpi.csv,,,,,,,,,,,,,,,,1.42695,1.4284,1.42615,1.42806,4664,,,,,,,,,,,,,,,,,,,,,,,,,,,,,,,,,,,,,,,,,956.406,956.754,954.655,955.593,60
2009-07-15,08:30:00,-1.4,,-1.3,cpi.csv,,,,,,,,,,,,,,,,,,,,,,,,,,,,,,,,,,,,,,,,,,,,,,,,,,,,,,,,,,,,,927.783,928.794,926.845,928.407,60
2009-06-17,08:30:00,-1.3,,-0.7,cpi.csv,,,,,,,,,,,,,,,,,,,,,,,,,,,,,,,,,,,,,,,,,,,,,,,,,,,,,,,,,,,,,935.646,935.896,932.367,933.156,60
2009-05-15,08:30:00,-0.7,,-0.4,cpi.csv,,,,,,,,,,,,,,,,,,,,,,,,,,,,,,,,,,,,,,,,,,,,,,,,,,,,,,,,,,,,,925.97,926.284,924.341,924.341,59
2009-04-15,08:30:00,-0.4,,0.2,cpi.csv,,,,,,,,,,,,,,,,,,,,,,,,,,,,,,,,,,,,,,,,,,,,,,,,,,,,,,,,,,,,,889.879,890.78,889.187,890.679,60
2009-03-18,08:30:00,0.2,,0.0,cpi.csv,,,,,,,,,,,,,,,,,,,,,,,,,,,,,,,,,,,,,,,,,,,,,,,,,,,,,,,,,,,,,910.63,911.246,908.822,911.246,60
2009-02-20,09:30:00,0.0,,0.1,cpi.csv,,,,,,,,,,,,,,,,,,,,,,,,,,,,,,,,,,,,,,,,,,,,,,,,,,,,,,,,,,,,,977.605,980.755,976.443,980.113,60
2009-01-16,09:30:00,0.1,,1.1,cpi.csv,,,,,,,,,,,,,,,,,,,,,,,,,,,,,,,,,,,,,,,,,,,,,,,,,,,,,,,,,,,,,819.346,824.069,818.937,822.432,60
2014-06-25,08:30:00,-2.9,-1.7,-1.0,gdq.xlsx,113.795,113.997,113.732,113.823,60,,,,,,,,,,,1.36118,1.36144,1.3605,1.36093,13338,1.69573,1.69827,1.69522,1.69759,5647,16823.68,16841.437,16823.19,16831.357,60,1951.167,1952.992,1950.958,1952.161,50,3798.673,3803.348,3798.197,3801.265,60,1.07498,1.07514,1.07441,1.07463,1683,0.89373,0.89404,0.89353,0.89377,3653,101.911,101.935,101.908,101.93,3468,20.787,20.873,20.781,20.846,60,1312.621,1314.69,1312.306,1313.788,60
2014-05-29,08:30:00,-1.0,-0.5,0.1,gdq.xlsx,110.004,110.076,109.922,110.0,60,,,,,,,,,,,1.35928,1.36185,1.35909,1.36181,11429,1.67021,1.67385,1.67013,1.67356,6105,16653.469,16658.435,16644.604,16654.928,60,1912.475,1912.796,1911.281,1912.497,59,3718.761,3719.884,3716.5,3718.849,60,1.08579,1.08662,1.08566,1.08634,2659,0.89811,0.89827,0.89646,0.89647,4429,101.569,101.593,101.492,101.528,5511,18.87,18.908,18.841,18.907,60,1252.922,1253.713,1251.42,1253.103,60
2014-04-30,08:30:00,0.1,1.2,2.6,gdq.xlsx,108.305,108.493,108.187,108.407,60,,,,,,,,,,,1.38067,1.38095,1.37874,1.37942,10659,1.68119,1.68212,1.68073,1.68125,4711,16510.25,16521.453,16505.312,16519.945,60,1872.976,1874.492,1872.465,1874.275,54,3555.14,3559.304,3553.285,3558.798,60,1.0953,1.09533,1.09434,1.09513,3614,0.88371,0.88474,0.88331,0.88406,5822,102.503,102.521,102.456,102.495,4078,19.35,19.366,19.316,19.357,60,1290.773,1291.621,1289.509,1291.253,60
2014-03-27,08:30:00,2.6,2.7,2.4,gdq.xlsx,106.842,106.957,106.76,106.864,59,,,,,,,,,,,1.37732,1.37735,1.37546,1.37646,10653,1.65756,1.6576,1.65551,1.65631,4884,16285.412,16291.985,16266.342,16277.328,60,1853.368,1853.863,1850.862,1852.157,58,3586.172,3587.276,3582.598,3586.363,60,1.1084,1.10951,1.10814,1.10876,2487,0.88612,0.88702,0.88604,0.88604,6519,102.107,102.145,102.001,102.085,4918,19.673,19.679,19.598,19.643,64,1301.056,1301.223,1295.449,1296.836,60
2014-02-28,09:30:00,2.4,2.5,3.2,gdq.xlsx,108.626,108.715,108.372,108.436,58,,,,,,,,,,,1.37144,1.37315,1.37072,1.37262,9313,1.67342,1.67372,1.67195,1.67291,6082,16273.371,16273.371,16241.38,16269.646,60,1854.171,1854.193,1850.962,1853.658,60,3696.678,3696.678,3691.111,3696.01,60,1.11306,1.11328,1.11239,1.11268,1610,0.88707,0.88746,0.88544,0.88579,4985,101.743,101.747,101.637,101.73,4331,21.162,21.193,21.118,21.165,61,1327.172,1327.973,1325.069,1327.324,60
2014-01-30,09:30:00,3.2,3.2,4.1,gdq.xlsx,107.925,108.275,107.862,108.156,51,,,,,,,,,,,1.36247,1.36247,1.35895,1.35927,21407,1.65155,1.65159,1.64502,1.64524,10981,,,,,,,,,,,,,,,,1.11813,1.11921,1.11685,1.11895,2892,0.89783,0.89955,0.89783,0.89919,8748,102.263,102.324,102.124,102.251,7671,19.395,19.429,19.322,19.327,60,1257.543,1259.283,1253.893,1254.053,60
2013-12-20,09:30:00,4.1,3.6,3.6,gdq.xlsx,110.512,110.527,110.172,110.342,52,,,,,,,,,,,1.36374,1.36461,1.36347,1.36457,9806,1.63375,1.63666,1.63347,1.63443,6125,16189.644,16207.981,16186.838,16199.907,60,1810.173,1812.49,1809.96,1811.494,57,3501.592,3505.894,3501.002,3503.676,59,1.0677,1.06817,1.06674,1.06747,2215,0.89882,0.89929,0.8983,0.89832,3964,104.494,104.507,104.433,104.464,3331,19.286,19.356,19.254,19.343,60,1197.488,1198.064,1194.868,1197.298,60
2013-12-05,09:30:00,3.6,3.0,2.8,gdq.xlsx,,,,,,,,,,,,,,,,1.36043,1.36061,1.3584,1.35973,16979,1.63848,1.63862,1.63425,1.63514,7767,15884.72,15893.793,15881.598,15890.886,60,1791.978,1793.495,1791.961,1793.168,57,3481.727,3486.787,3481.611,3486.634,60,1.06719,1.06789,1.0668,1.06694,2196,0.90175,0.90317,0.90153,0.90223,8409,102.047,102.175,102.024,102.173,5542,19.497,19.513,19.397,19.465,61,1233.406,1234.326,1229.899,1233.343,60
2013-11-07,09:30:00,2.8,2.0,2.5,gdq.xlsx,104.844,104.905,104.3,104.575,55,,,,,,,,,,,1.35236,1.35246,1.3516,1.35188,10219,1.60776,1.60841,1.60688,1.60752,3412,15726.632,15730.899,15714.651,15723.862,60,1767.586,1767.795,1765.76,1766.786,60,3376.515,3377.39,3372.516,3374.781,60,1.04154,1.04193,1.04148,1.04159,1626,0.91199,0.91248,0.91179,0.91233,4330,98.732,98.732,98.672,98.723,3187,21.754,21.797,21.744,21.786,60,1316.221,1317.242,1315.552,1316.703,60
2013-09-26,08:30:00,2.5,2.6,2.5,gdq.xlsx,107.981,108.499,107.861,108.375,60,,,,,,,,,,,1.35183,1.35185,1.35031,1.35138,13409,1.60933,1.60951,1.6035,1.60521,7194,15309.7,15310.7,15292.7,15299.7,60,1696.899,1697.293,1694.61,1695.724,59,3220.93,3221.479,3216.349,3218.191,60,1.03123,1.03202,1.03041,1.03042,2686,0.90933,0.91058,0.90932,0.90962,5480,98.911,98.987,98.645,98.662,6251,21.909,21.911,21.839,21.872,63,1338.302,1338.362,1336.079,1337.282,60
2013-08-29,08:30:00,2.5,2.2,1.7,gdq.xlsx,115.2,115.62,115.15,115.37,6160,,,,,,,,,,,1.32635,1.32754,1.32536,1.32647,14333,1.55142,1.55246,1.55072,1.55142,5036,14855.0,14867.0,14852.0,14855.0,60,1638.188,1639.7,1637.664,1638.392,60,3080.106,3083.045,3079.223,3080.584,60,1.05014,1.05032,1.05,1.0501,1966,0.9276,0.92851,0.92661,0.92751,7610,98.141,98.165,98.034,98.103,5927,23.94,24.044,23.881,23.906,67,1407.559,1409.778,1405.448,1407.255,60
2013-07-31,08:30:00,1.7,1.0,1.1,gdq.xlsx,106.755,106.83,106.546,106.569,60,,,,,,,,,,,1.32804,1.33002,1.32773,1.3289,28407,1.52278,1.5238,1.52065,1.52122,5955,15543.0,15565.0,15536.0,15562.0,60,1689.175,1692.494,1688.467,1691.986,60,3088.857,3093.358,3087.087,3093.06,60,1.03036,1.03047,1.02903,1.02954,9539,0.92759,0.92759,0.92535,0.9262,7058,97.847,97.863,97.583,97.705,6556,19.909,19.977,19.909,19.931,62,1332.56,1336.21,1332.56,1332.943,60
2013-06-26,08:30:00,1.8,2.4,2.4,gdq.xlsx,100.82,101.618,100.806,101.366,60,,,,,,,,,,,1.30741,1.30775,1.30426,1.30452,12855,1.54062,1.54067,1.53622,1.53626,6380,14786.0,14813.0,14781.0,14791.0,60,1589.686,1592.897,1589.178,1590.896,59,2869.783,2877.37,2869.351,2873.063,60,1.04778,1.04887,1.04673,1.04854,5085,0.93846,0.93977,0.93799,0.9395,8665,97.559,97.641,97.46,97.581,4711,18.632,18.724,18.463,18.559,122,1237.426,1239.413,1229.67,1233.21,60
2013-05-30,08:30:00,2.4,2.5,2.5,gdq.xlsx,102.285,102.285,101.925,102.055,60,,,,,,,,,,,1.29632,1.29831,1.29598,1.29626,11890,1.51572,1.51813,1.51536,1.51674,7398,15288.0,15295.0,15261.0,15264.0,60,1647.389,1648.198,1643.663,1643.892,60,2991.04,2992.862,2985.021,2985.846,60,1.03513,1.0354,1.03427,1.03508,4473,0.9598,0.96015,0.9576,0.95921,7271,100.836,100.855,100.591,100.656,8880,22.711,22.727,22.655,22.663,66,1406.48,1408.586,1404.45,1406.825,60
2013-04-26,08:30:00,2.5,3.0,0.4,gdq.xlsx,,,,,,,,,,,,,,,,1.3038,1.30441,1.30105,1.3018,16139,1.54427,1.54491,1.5429,1.54347,7218,,,,,,,,,,,,,,,,1.01977,1.02036,1.01909,1.01929,4930,0.9435,0.94468,0.94345,0.94389,7737,98.593,98.732,98.578,98.671,9104,24.083,24.201,24.054,24.099,78,1461.606,1464.91,1459.046,1462.78,60
2013-03-28,08:30:00,0.4,0.5,0.1,gdq.xlsx,,,,,,,,,,,,,,,,1.27888,1.28076,1.2757,1.27604,18405,1.51575,1.5167,1.51387,1.51415,11040,,,,,,,,,,,,,,,,1.01702,1.01707,1.01647,1.01675,3722,0.95286,0.9548,0.95174,0.95453,10071,94.192,94.242,94.088,94.104,10673,28.762,28.784,28.676,28.693,60,1605.886,1606.053,1603.407,1604.452,60
2013-02-28,09:30:00,0.1,0.5,-0.1,gdq.xlsx,,,,,,,,,,,,,,,,1.3139,1.31393,1.3105,1.31189,13586,1.51957,1.51957,1.51544,1.51653,12683,,,,,,,,,,,,,,,,1.02249,1.02351,1.0223,1.02304,3635,0.92857,0.93035,0.92853,0.93001,12219,92.398,92.439,92.01,92.08,10513,29.053,29.064,28.8,28.862,75,1596.753,1597.0,1588.0,1588.852,60
2013-01-30,09:30:00,-0.1,1.1,3.1,gdq.xlsx,,,,,,,,,,,,,,,,1.35054,1.35361,1.35052,1.35305,12101,1.57344,1.57582,1.5731,1.57508,12748,,,,,,,,,,,,,,,,1.00232,1.00251,1.00188,1.00208,3474,0.92075,0.92125,0.91951,0.91991,9174,91.167,91.403,91.15,91.345,10113,31.393,31.427,31.383,31.424,60,1666.474,1666.852,1665.08,1666.352,60
2012-12-20,09:30:00,3.1,2.8,2.7,gdq.xlsx,,,,,,,,,,,,,,,,1.32265,1.32341,1.3221,1.32317,7646,1.62673,1.62682,1.6255,1.62605,7463,,,,,,,,,,,,,,,,0.98778,0.98888,0.9877,0.98888,3279,0.91308,0.91334,0.91242,0.91259,5410,83.956,83.982,83.897,83.973,4187,31.179,31.188,31.064,31.089,60,1670.452,1671.752,1667.603,1668.742,60
2012-11-29,09:30:00,2.7,2.8,2.0,gdq.xlsx,,,,,,,,,,,,,,,,1.29743,1.29904,1.29704,1.29835,7856,1.60121,1.60314,1.60106,1.60253,6333,,,,,,,,,,,,,,,,0.99142,0.99168,0.99117,0.99159,3643,0.92789,0.92811,0.92678,0.92728,6143,82.15,82.168,82.119,82.136,2541,33.695,33.768,33.692,33.747,60,1722.533,1724.533,1722.053,1724.377,60
2012-10-26,08:30:00,2.0,1.9,1.3,gdq.xlsx,,,,,,,,,,,,,,,,1.29288,1.2944,1.29232,1.29359,10313,1.61084,1.61286,1.60973,1.61138,7881,,,,,,,,,,,,,,,,0.99508,0.99628,0.99508,0.99601,5375,0.9357,0.93611,0.93464,0.93522,7117,79.958,79.982,79.914,79.963,3347,31.725,31.725,31.644,31.723,60,1703.463,1704.603,1702.123,1703.423,60
2012-09-27,08:30:00,1.3,1.7,1.7,gdq.xlsx,,,,,,,,,,,,,,,,1.28854,1.28856,1.28639,1.2876,9387,1.61974,1.61986,1.61655,1.61892,7806,,,,,,,,,,,,,,,,0.98277,0.98376,0.98277,0.98341,4481,0.93837,0.93988,0.93833,0.93882,6351,77.698,77.709,77.687,77.692,1488,34.116,34.134,34.023,34.075,66,1758.586,1759.176,1755.652,1757.193,60
2012-08-29,08:30:00,1.7,1.7,1.5,gdq.xlsx,,,,,,,,,,,,,,,,1.25389,1.25709,1.25386,1.25589,11676,1.58148,1.5823,1.58111,1.58168,9492,,,,,,,,,,,,,,,,0.98957,0.98968,0.98826,0.98905,7862,0.95763,0.95775,0.95537,0.95623,9348,78.491,78.531,78.481,78.509,2986,30.834,30.849,30.769,30.826,64,1664.698,1667.352,1664.344,1665.994,60
2012-07-27,08:30:00,1.5,1.5,2.0,gdq.xlsx,,,,,,,,,,,,,,,,1.22753,1.22787,1.22416,1.22478,16361,1.56783,1.5693,1.56711,1.56831,14943,,,,,,,,,,,,,,,,1.01003,1.01055,1.00947,1.01018,11960,0.9782,0.98084,0.97797,0.98034,11856,78.26,78.28,78.122,78.139,4018,27.668,27.695,27.586,27.596,63,1619.503,1622.752,1617.797,1619.02,60
2012-06-28,08:30:00,1.9,1.9,1.9,gdq.xlsx,,,,,,,,,,,,,,,,1.24585,1.24585,1.24071,1.24272,20174,1.55629,1.55632,1.55269,1.55456,16552,,,,,,,,,,,,,,,,1.02515,1.02777,1.02515,1.02687,12842,0.96388,0.96783,0.96388,0.96631,16332,79.414,79.43,79.217,79.306,8696,26.863,26.886,26.776,26.824,68,1571.566,1572.007,1568.421,1569.249,60
2012-05-31,08:30:00,1.9,1.9,2.2,gdq.xlsx,,,,,,,,,,,,,,,,1.24033,1.2423,1.24,1.24107,17652,1.54761,1.55234,1.54723,1.55142,14434,,,,,,,,,,,,,,,,1.02779,1.02789,1.02627,1.02708,7694,0.96825,0.96852,0.96673,0.96772,13605,78.803,78.895,78.792,78.875,6672,27.918,28.084,27.917,28.054,75,1562.434,1566.745,1562.434,1565.731,60
2012-04-27,08:30:00,2.2,2.5,3.0,gdq.xlsx,,,,,,,,,,,,,,,,1.31842,1.32154,1.31738,1.32076,16430,1.61869,1.61947,1.61797,1.61825,10600,,,,,,,,,,,,,,,,0.98467,0.98525,0.98378,0.98382,8499,0.91126,0.912,0.90907,0.90959,11833,80.747,80.756,80.489,80.574,8685,31.094,31.174,31.056,31.137,61,1654.852,1656.298,1654.135,1655.286,60
2012-03-29,08:30:00,3.0,3.0,3.0,gdq.xlsx,,,,,,,,,,,,,,,,1.334,1.33409,1.33188,1.33196,12371,1.59264,1.5927,1.59022,1.59158,8541,,,,,,,,,,,,,,,,0.99805,0.99937,0.99784,0.9989,8011,0.9036,0.90493,0.90354,0.90491,9810,82.417,82.445,82.316,82.433,5053,32.083,32.114,31.997,32.024,62,1662.665,1663.513,1659.798,1659.824,60
2012-02-29,09:30:00,3.0,2.8,2.8,gdq.xlsx,,,,,,,,,,,,,,,,1.3455,1.34627,1.3453,1.34614,11691,1.59222,1.5938,1.59222,1.59375,7313,,,,,,,,,,,,,,,,0.99289,0.9929,0.99189,0.99194,6309,0.89565,0.89578,0.89519,0.89536,9679,80.587,80.597,80.524,80.587,3226,37.053,37.134,37.023,37.036,61,1784.701,1786.498,1784.607,1785.96,60
2012-01-27,09:30:00,2.8,3.0,1.8,gdq.xlsx,,,,,,,,,,,,,,,,1.30959,1.3134,1.3081,1.3126,17374,1.56907,1.57172,1.56805,1.57159,14273,,,,,,,,,,,,,,,,1.00194,1.00259,1.00074,1.00106,10131,0.92159,0.92248,0.91918,0.91987,13225,77.17,77.17,76.911,76.948,5039,33.449,33.626,33.447,33.529,84,1717.732,1725.439,1717.646,1723.237,60
2011-12-22,09:30:00,1.8,2.0,2.0,gdq.xlsx,,,,,,,,,,,,,,,,1.30956,1.3105,1.30866,1.30966,12551,1.57031,1.5721,1.56828,1.57148,12059,,,,,,,,,,,,,,,,1.02402,1.02431,1.02281,1.02346,7440,0.93215,0.93324,0.93169,0.93323,10711,78.101,78.11,78.051,78.075,3239,29.566,29.593,29.439,29.543,64,1613.712,1615.29,1612.233,1614.953,60
2011-11-22,09:30:00,2.0,2.5,2.5,gdq.xlsx,,,,,,,,,,,,,,,,1.35343,1.35428,1.35119,1.35192,14781,1.56713,1.56719,1.56226,1.56247,15730,,,,,,,,,,,,,,,,1.03739,1.04,1.03739,1.03982,8989,0.91289,0.9138,0.912,0.91354,9800,76.899,76.985,76.884,76.932,2760,31.584,31.674,31.481,31.494,109,1693.235,1693.679,1689.081,1689.669,60
2011-10-27,08:30:00,2.5,2.4,1.3,gdq.xlsx,,,,,,,,,,,,,,,,1.40067,1.40279,1.39866,1.3992,14620,1.60015,1.60077,1.5984,1.59878,11679,,,,,,,,,,,,,,,,0.99725,0.99732,0.99565,0.99703,8473,0.87464,0.87634,0.87313,0.87594,8340,75.92,75.966,75.817,75.884,4007,33.484,33.608,33.323,33.354,64,1715.349,1718.101,1708.314,1708.885,60
2011-09-29,08:30:00,1.3,1.2,1.0,gdq.xlsx,,,,,,,,,,,,,,,,1.36581,1.36774,1.36469,1.36486,15975,1.5671,1.57016,1.56705,1.56745,12863,,,,,,,,,,,,,,,,1.02917,1.03013,1.02834,1.02963,6628,0.89327,0.89446,0.89178,0.89411,10463,76.464,76.543,76.442,76.457,4045,31.353,31.458,30.864,30.936,83,1631.73,1634.66,1625.505,1627.569,60
2011-08-26,08:30:00,1.0,1.1,1.3,gdq.xlsx,,,,,,,,,,,,,,,,1.44267,1.4446,1.44242,1.44391,12822,1.63076,1.63393,1.6298,1.63214,9979,,,,,,,,,,,,,,,,0.9859,0.98654,0.98533,0.98588,5983,0.79106,0.79171,0.79052,0.79123,6609,77.039,77.049,76.947,76.947,3640,40.868,40.984,40.516,40.773,94,1785.854,1791.806,1783.087,1787.718,60
2011-07-29,08:30:00,1.3,1.7,0.4,gdq.xlsx,,,,,,,,,,,,,,,,1.42803,1.42952,1.42646,1.42739,16770,1.62973,1.62982,1.62607,1.62821,10758,,,,,,,,,,,,,,,,0.95092,0.9514,0.95019,0.95033,4196,0.80142,0.80218,0.80089,0.80122,4893,77.587,77.614,77.542,77.603,5206,39.461,39.525,39.398,39.428,71,1612.781,1613.98,1612.118,1613.053,60
2011-06-24,08:30:00,1.9,1.9,1.8,gdq.xlsx,,,,,,,,,,,,,,,,1.42068,1.43047,1.42055,1.43041,16450,1.59588,1.60264,1.5951,1.60261,11494,,,,,,,,,,,,,,,,0.98094,0.98101,0.97704,0.97719,7123,0.83853,0.83856,0.8356,0.83578,8075,80.563,80.563,80.161,80.203,10588,34.828,35.244,34.711,35.188,116,1517.773,1523.98,1517.073,1522.823,60
2011-05-26,08:30:00,1.8,2.2,1.8,gdq.xlsx,,,,,,,,,,,,,,,,1.41771,1.41829,1.41536,1.41555,11870,1.62868,1.62955,1.62739,1.62867,8497,,,,,,,,,,,,,,,,0.97665,0.97883,0.97649,0.97854,4525,0.87092,0.87123,0.87007,0.87087,5234,81.924,81.937,81.728,81.743,6505,38.253,38.27,37.219,37.302,122,1526.008,1526.179,1521.533,1521.881,60
2011-04-28,08:30:00,1.8,1.7,3.1,gdq.xlsx,,,,,,,,,,,,,,,,1.48353,1.48501,1.48284,1.48471,9298,1.66742,1.66909,1.6672,1.66786,9179,,,,,,,,,,,,,,,,0.94824,0.94834,0.94714,0.94719,2551,0.87153,0.87296,0.87131,0.87213,7000,81.584,81.635,81.484,81.55,5761,48.333,48.384,47.911,48.163,61,1533.333,1533.664,1530.374,1533.175,60
2011-03-25,08:30:00,3.1,2.9,2.8,gdq.xlsx,,,,,,,,,,,,,,,,1.41842,1.41842,1.41433,1.41473,12634,1.61316,1.61316,1.60698,1.60705,12480,,,,,,,,,,,,,,,,0.97519,0.97638,0.97427,0.97634,3854,0.91095,0.91486,0.91084,0.91482,13812,80.987,81.238,80.978,81.207,8393,37.564,37.568,37.409,37.452,121,1435.078,1435.078,1432.284,1432.3,60
2011-02-25,09:30:00,2.8,3.3,3.2,gdq.xlsx,,,,,,,,,,,,,,,,1.38044,1.38263,1.37949,1.38193,9985,1.61231,1.61486,1.60869,1.61048,12958,,,,,,,,,,,,,,,,0.9822,0.98273,0.98142,0.98188,3451,0.92677,0.9293,0.9265,0.92733,10430,81.941,82.039,81.9,81.988,4983,32.867,32.898,32.608,32.728,60,1405.376,1405.778,1399.714,1401.96,60
2011-01-28,09:30:00,3.2,3.6,2.6,gdq.xlsx,,,,,,,,,,,,,,,,1.37039,1.37256,1.36939,1.37237,7784,1.58788,1.58887,1.58659,1.58824,5380,,,,,,,,,,,,,,,,0.99626,0.99709,0.99549,0.99552,2379,0.94687,0.94694,0.94516,0.94541,6159,82.637,82.687,82.621,82.639,3634,,,,,,1316.073,1317.687,1315.373,1317.144,60
2010-12-22,09:30:00,2.6,2.7,2.5,gdq.xlsx,,,,,,,,,,,,,,,,1.31368,1.31733,1.31221,1.31587,13406,1.54571,1.54666,1.54254,1.54524,9724,,,,,,,,,,,,,,,,1.0148,1.0148,1.01311,1.01348,2913,0.95233,0.95336,0.95074,0.95262,10726,83.67,83.671,83.415,83.528,5128,,,,,,1388.529,1389.947,1387.667,1389.539,60
2010-11-23,09:30:00,2.5,2.4,2.0,gdq.xlsx,,,,,,,,,,,,,,,,1.35772,1.35985,1.3572,1.35916,3419,1.59313,1.59333,1.59048,1.59294,2878,,,,,,,,,,,,,,,,1.0195,1.02031,1.01849,1.01849,1506,0.98958,0.99051,0.98851,0.98921,1956,83.631,83.664,83.364,83.378,2496,,,,,,1364.281,1367.168,1363.633,1364.541,60
2010-10-29,08:30:00,2.0,2.0,1.7,gdq.xlsx,,,,,,,,,,,,,,,,1.38587,1.38607,1.38098,1.3826,4425,1.59006,1.59193,1.58769,1.59051,5170,,,,,,,,,,,,,,,,1.02232,1.02372,1.02198,1.02214,3316,0.98884,0.99102,0.98788,0.98788,3512,80.659,80.859,80.575,80.772,4642,,,,,,1339.075,1339.733,1336.359,1338.074,60
2010-09-30,08:30:00,1.7,1.6,1.6,gdq.xlsx,,,,,,,,,,,,,,,,1.36205,1.36366,1.36079,1.3631,4170,1.5858,1.589,1.58505,1.58845,21441,,,,,,,,,,,,,,,,1.0319,1.0326,1.03095,1.0311,9569,0.97725,0.97785,0.97585,0.97625,11828,83.315,83.33,83.2,83.255,12840,,,,,,1311.915,1312.469,1310.297,1310.736,60
2010-08-27,08:30:00,1.6,1.4,2.4,gdq.xlsx,,,,,,,,,,,,,,,,1.27261,1.27325,1.27012,1.27052,4368,1.55125,1.5543,1.54995,1.5514,23993,,,,,,,,,,,,,,,,1.05845,1.05985,1.05705,1.05885,10633,1.0238,1.025,1.0233,1.0237,9472,84.65,84.82,84.565,84.67,13376,,,,,,1235.994,1236.493,1235.02,1236.07,60
2010-07-30,08:30:00,2.4,2.5,3.7,gdq.xlsx,,,,,,,,,,,,,,,,1.30507,1.30527,1.30238,1.30473,4529,1.56345,1.56345,1.5616,1.56245,14784,,,,,,,,,,,,,,,,1.0343,1.03525,1.03275,1.03295,11525,1.03715,1.03975,1.0363,1.0396,17386,86.36,86.375,86.22,86.295,25453,,,,,,1168.85,1169.002,1167.48,1169.002,60
2010-06-25,08:30:00,2.7,3.0,3.0,gdq.xlsx,,,,,,,,,,,,,,,,1.23279,1.23389,1.22853,1.22875,4660,1.49225,1.49305,1.48765,1.48885,11060,,,,,,,,,,,,,,,,1.04165,1.0434,1.0408,1.04325,6317,1.1008,1.103,1.1005,1.1028,16940,89.685,89.75,89.575,89.615,15463,,,,,,1246.374,1246.412,1242.761,1243.686,60
2010-05-27,08:30:00,3.0,3.3,3.2,gdq.xlsx,,,,,,,,,,,,,,,,1.22776,1.22849,1.22406,1.22526,4425,1.4476,1.4492,1.445,1.44815,13058,,,,,,,,,,,,,,,,1.05635,1.05845,1.05485,1.05725,9689,1.1559,1.15655,1.15455,1.15535,20301,90.26,90.405,90.215,90.255,32408,,,,,,1212.285,1213.145,1210.601,1211.299,60
2010-04-30,08:30:00,3.2,3.3,5.6,gdq.xlsx,,,,,,,,,,,,,,,,1.32921,1.33187,1.32825,1.33122,4247,1.5373,1.5377,1.53525,1.5366,14501,,,,,,,,,,,,,,,,1.0029,1.0044,1.0029,1.00315,12950,1.0793,1.0801,1.07695,1.07745,27965,94.17,94.38,94.16,94.375,19780,,,,,,1170.86,1174.492,1170.583,1174.401,60
2010-03-26,08:30:00,5.6,5.9,5.9,gdq.xlsx,,,,,,,,,,,,,,,,1.33487,1.33828,1.33451,1.3367,4534,1.48235,1.48495,1.48105,1.4829,14832,,,,,,,,,,,,,,,,1.0214,1.02575,1.02065,1.0248,8359,1.0702,1.07025,1.06775,1.06855,32269,92.65,92.675,92.52,92.545,19763,,,,,,1096.346,1097.567,1095.956,1096.542,60
2010-02-26,09:30:00,5.9,5.6,5.7,gdq.xlsx,,,,,,,,,,,,,,,,1.35704,1.36132,1.35616,1.35935,4018,1.5273,1.53165,1.5244,1.5254,15096,,,,,,,,,,,,,,,,1.0592,1.0597,1.0563,1.0581,5141,1.078,1.0785,1.0748,1.0765,16664,89.295,89.335,89.18,89.245,25660,,,,,,1111.751,1113.639,1110.738,1112.004,60
2010-01-29,09:30:00,5.7,4.5,2.2,gdq.xlsx,,,,,,,,,,,,,,,,1.39758,1.39861,1.39597,1.39647,3891,1.6171,1.61785,1.61285,1.6148,17187,,,,,,,,,,,,,,,,1.0632,1.06455,1.0627,1.06405,6939,1.05,1.05115,1.0491,1.0508,29928,90.23,90.31,90.105,90.145,29212,,,,,,1083.854,1084.841,1080.937,1081.458,60
2009-12-22,09:30:00,2.2,2.8,2.8,gdq.xlsx,,,,,,,,,,,,,,,,1.43204,1.43281,1.43092,1.43147,4111,1.60695,1.60725,1.60185,1.60315,9522,,,,,,,,,,,,,,,,1.0587,1.05885,1.05725,1.058,9086,1.0448,1.0468,1.0448,1.04625,32820,91.315,91.33,91.18,91.22,27320,,,,,,1095.718,1096.79,1094.743,1096.63,60
2009-11-24,09:30:00,2.8,2.9,3.5,gdq.xlsx,,,,,,,,,,,,,,,,1.49176,1.49398,1.49159,1.49371,4832,1.65315,1.65515,1.6503,1.6512,16571,,,,,,,,,,,,,,,,1.06205,1.06285,1.06095,1.06165,7081,1.0131,1.01315,1.0115,1.0117,19465,88.65,88.695,88.57,88.61,27395,,,,,,1164.634,1169.571,1164.191,1166.996,60
2009-10-29,08:30:00,3.5,3.1,-0.7,gdq.xlsx,,,,,,,,,,,,,,,,1.47349,1.47515,1.47197,1.47444,4538,1.6418,1.6439,1.639,1.6422,15914,,,,,,,,,,,,,,,,1.07625,1.0779,1.0745,1.07645,12391,1.0253,1.0261,1.0239,1.0245,27588,90.66,90.79,90.55,90.685,29855,,,,,,1032.276,1034.054,1030.88,1033.378,60
2009-09-30,08:30:00,-0.7,-1.2,-1.0,gdq.xlsx,,,,,,,,,,,,,,,,1.46016,1.46396,1.45955,1.4631,4554,1.60675,1.60965,1.6064,1.6088,17200,,,,,,,,,,,,,,,,1.0799,1.0805,1.0753,1.076,12151,1.03385,1.0342,1.03075,1.0314,22171,89.745,89.82,89.385,89.455,41187,,,,,,995.29,1001.092,994.896,999.615,60
2009-08-27,08:30:00,-1.0,-1.3,-1.0,gdq.xlsx,,,,,,,,,,,,,,,,1.42404,1.42565,1.42297,1.42487,4942,1.6208,1.6233,1.6196,1.6205,19640,,,,,,,,,,,,,,,,1.0995,1.0997,1.09765,1.09885,3423,1.0688,1.0697,1.0681,1.0691,18411,93.69,93.77,93.625,93.67,32927,,,,,,944.924,945.642,943.059,943.831,60
2009-07-31,08:30:00,-1.0,-1.3,-6.4,gdq.xlsx,,,,,,,,,,,,,,,,,,,,,,,,,,,,,,,,,,,,,,,,,,,,,,,,,,,,,,,,,,,,,937.159,937.159,934.217,934.217,60
2009-06-25,08:30:00,-5.5,-5.7,-5.7,gdq.xlsx,,,,,,,,,,,,,,,,,,,,,,,,,,,,,,,,,,,,,,,,,,,,,,,,,,,,,,,,,,,,,933.598,935.652,933.146,934.803,59
2009-05-29,08:30:00,-5.7,-5.5,-6.1,gdq.xlsx,,,,,,,,,,,,,,,,,,,,,,,,,,,,,,,,,,,,,,,,,,,,,,,,,,,,,,,,,,,,,968.392,972.6,967.357,972.027,60
2009-04-29,08:30:00,-6.1,-4.9,-6.3,gdq.xlsx,,,,,,,,,,,,,,,,,,,,,,,,,,,,,,,,,,,,,,,,,,,,,,,,,,,,,,,,,,,,,893.685,895.407,892.309,895.407,60
2009-03-26,08:30:00,-6.3,-6.6,-6.2,gdq.xlsx,,,,,,,,,,,,,,,,,,,,,,,,,,,,,,,,,,,,,,,,,,,,,,,,,,,,,,,,,,,,,934.268,937.659,933.934,934.663,60
2009-02-27,09:30:00,-6.2,-5.4,-3.8,gdq.xlsx,,,,,,,,,,,,,,,,,,,,,,,,,,,,,,,,,,,,,,,,,,,,,,,,,,,,,,,,,,,,,942.527,944.356,940.489,944.159,60
2009-01-30,09:30:00,-3.8,-5.4,-0.5,gdq.xlsx,,,,,,,,,,,,,,,,,,,,,,,,,,,,,,,,,,,,,,,,,,,,,,,,,,,,,,,,,,,,,920.713,924.293,919.079,920.688,60
2008-12-23,09:30:00,-0.5,-0.5,-0.5,gdq.xlsx,,,,,,,,,,,,,,,,,,,,,,,,,,,,,,,,,,,,,,,,,,,,,,,,,,,,,,,,,,,,,844.276,845.853,843.033,844.512,60
2025-08-14,08:30:00,0.033,0.025,0.024,ppi.xlsx,65.805,66.0,65.705,65.795,60,121756.4,122065.1,121587.7,121661.8,2,4746.5,4748.1,4720.0,4724.3,2,,,,,,1.35729,1.3583,1.35627,1.3572,3929,44923.727,44948.999,44923.727,44929.999,60,6462.466,6465.966,6461.963,6462.739,60,23836.342,23845.021,23823.831,23827.853,60,1.37736,1.37832,1.37711,1.37814,5706,0.80646,0.80687,0.80594,0.80668,4218,146.551,146.633,146.423,146.551,6337,38.287,38.36,38.198,38.223,160,3345.835,3350.215,3341.278,3345.925,60
2025-07-16,08:30:00,0.023,0.025,0.027,ppi.xlsx,68.635,68.645,68.445,68.535,60,118180.9,118777.7,118119.8,118701.5,2,3160.0,3170.4,3157.1,3162.2,2,1.16182,1.16256,1.16178,1.16253,3301,1.33932,1.34012,1.33892,1.33906,5081,43975.515,44053.039,43964.027,44035.575,60,6231.679,6240.878,6229.872,6238.866,60,22807.253,22839.498,22794.843,22827.42,60,1.37151,1.3722,1.37118,1.37192,2611,0.80134,0.80156,0.80108,0.80121,3095,148.885,148.899,148.724,148.838,5270,37.938,38.009,37.925,37.98,90,3337.885,3342.495,3337.625,3341.805,60
2025-06-12,08:30:00,0.026,0.026,0.025,ppi.xlsx,68.95,69.175,68.865,69.095,60,107605.4,107839.9,107448.5,107731.7,2,2738.4,2758.3,2731.1,2755.6,2,1.15262,1.15471,1.1523,1.15443,6877,1.35426,1.35671,1.35377,1.35658,5232,42660.099,42683.587,42602.503,42657.299,60,5995.233,6001.119,5983.866,6000.116,60,21750.742,21779.864,21693.721,21774.865,60,1.36664,1.36715,1.36554,1.36559,7343,0.815,0.8153,0.81411,0.81456,7699,143.878,143.942,143.753,143.797,9387,35.725,35.99,35.678,35.926,212,3345.875,3360.955,3345.875,3356.565,60
2025-05-15,08:30:00,0.024,0.025,0.034,ppi.xlsx,64.175,64.335,63.505,63.605,60,101783.9,102325.1,101757.8,102274.9,2,2528.7,2564.3,2526.7,2563.1,2,1.1197,1.12112,1.11922,1.12096,7411,1.32672,1.32952,1.3263,1.32898,4130,41765.999,41885.703,41765.999,41851.727,60,5858.501,5863.631,5847.616,5850.929,60,21188.897,21206.798,21115.831,21132.231,60,1.39837,1.39882,1.39779,1.39824,3504,0.83793,0.83832,0.83589,0.83658,8370,145.887,145.992,145.639,145.748,10601,31.783,31.931,31.727,31.897,99,3141.985,3163.935,3138.715,3162.225,60
2025-04-11,08:30:00,0.027,0.033,0.032,ppi.xlsx,64.13,64.145,63.053,63.4,60,81225.1,81800.3,80743.1,81564.8,2,1549.8,1568.4,1535.2,1547.9,2,1.13639,1.14736,1.13488,1.14269,35220,1.3067,1.31334,1.30544,1.31086,18609,39610.051,39680.575,39261.575,39358.551,60,5281.049,5293.233,5223.742,5242.113,60,18428.475,18479.42,18181.253,18262.932,60,1.38969,1.39103,1.38806,1.39037,20809,0.81601,0.8177,0.811,0.81305,29031,142.834,143.08,142.062,142.41,36507,31.326,31.49,31.224,31.342,159,3212.165,3227.339,3208.145,3215.755,60
2025-03-13,08:30:00,0.032,0.033,0.037,ppi.xlsx,71.025,71.225,70.895,70.925,60,83113.5,83214.9,82366.4,82940.8,2,1868.7,1877.4,1851.1,1872.3,2,1.08654,1.08837,1.08591,1.08731,14274,1.29527,1.29658,1.29412,1.29476,7333,41156.503,41232.087,41100.527,41229.015,60,5562.329,5575.829,5554.636,5575.079,60,19413.576,19474.365,19388.321,19472.409,60,1.43964,1.44004,1.43789,1.43878,14257,0.8815,0.88188,0.88087,0.8815,4840,147.786,147.919,147.682,147.919,17644,32.96,33.083,32.921,33.028,115,2935.115,2944.775,2934.675,2941.345,60
2025-02-13,09:30:00,0.035,0.032,0.035,ppi.xlsx,74.715,74.845,74.245,74.245,60,95904.7,96274.6,95753.3,96227.6,2,2663.7,2684.0,2656.9,2680.5,2,1.04134,1.04261,1.04108,1.04229,7733,1.24756,1.24972,1.24733,1.24907,6456,44301.403,44362.499,44264.403,44351.987,60,6037.583,6051.279,6032.972,6050.222,60,21686.708,21750.642,21665.153,21740.643,60,1.42933,1.42993,1.42879,1.42909,6137,0.90778,0.90814,0.90703,0.90785,4690,154.019,154.09,153.895,153.975,11510,32.229,32.295,32.19,32.261,69,2911.535,2918.225,2909.645,2915.135,60
2025-01-14,09:30:00,0.033,0.035,0.03,ppi.xlsx,80.702,81.122,80.702,81.072,60,95428.1,97312.1,95392.9,97113.0,2,3178.8,3251.6,3173.8,3239.6,2,1.02613,1.02664,1.02535,1.02595,10293,1.22131,1.22131,1.21757,1.2178,8122,42451.451,42475.415,42431.403,42447.427,60,5868.772,5871.306,5862.583,5865.838,60,20959.264,20965.275,20920.409,20936.632,60,1.43681,1.43762,1.4366,1.43756,9826,0.91523,0.91607,0.91493,0.91594,6407,157.697,158.028,157.679,157.937,35113,29.734,29.751,29.643,29.692,72,2670.755,2671.405,2664.699,2667.125,60
2024-12-12,09:30:00,0.03,0.026,0.026,ppi.xlsx,73.898,73.958,73.683,73.748,35,100969.4,101099.7,100808.6,100809.0,2,3910.4,3934.6,3910.1,3920.6,2,1.0509,1.05171,1.05054,1.051,5040,1.27608,1.27642,1.27551,1.27588,3537,44039.039,44071.039,44036.003,44070.299,36,6074.527,6075.983,6072.757,6073.517,33,21716.797,21727.287,21695.831,21698.775,35,1.4139,1.41435,1.41328,1.41363,6187,0.88723,0.88855,0.88517,0.88651,5923,152.501,152.596,152.458,152.524,17363,32.169,32.228,32.024,32.137,34,2717.775,2718.555,2713.755,2714.315,36
2024-11-14,09:30:00,0.024,0.023,0.019,ppi.xlsx,72.363,72.433,71.913,72.308,60,90575.2,90938.7,90396.2,90932.2,2,3201.5,3216.8,3192.7,3203.9,6,1.05361,1.0542,1.05177,1.05202,16372,1.26692,1.26748,1.26551,1.26564,7925,43999.027,44042.799,43996.015,44015.039,60,5991.029,5996.1,5989.031,5989.533,60,21054.885,21079.01,21041.108,21043.143,60,1.39982,1.40075,1.39937,1.40035,6431,0.88755,0.88951,0.88743,0.88929,6834,155.945,156.146,155.931,156.107,30632,29.88,29.929,29.66,29.806,253,2556.035,2558.248,2536.664,2543.328,60
2024-10-11,08:30:00,0.018,0.016,0.019,ppi.xlsx,78.528,78.973,78.358,78.453,60,60640.2,60767.6,60592.9,60626.2,2,2404.7,2407.3,2399.7,2400.4,2,1.09446,1.09537,1.09416,1.09495,7378,1.30748,1.30809,1.30662,1.30731,4677,42440.299,42459.499,42406.203,42424.499,60,5778.376,5778.981,5770.114,5771.117,60,20226.532,20228.699,20171.71,20176.789,60,1.37562,1.37659,1.37519,1.37636,5836,0.85661,0.85697,0.85586,0.85609,3266,148.774,148.826,148.67,148.736,12436,31.172,31.213,31.109,31.122,80,2645.265,2646.065,2638.975,2639.128,60
2024-09-12,08:30:00,0.017,0.018,0.021,ppi.xlsx,71.597,71.607,71.232,71.252,60,58100.7,58323.9,58076.9,58137.2,2,2357.2,2363.7,2355.5,2356.9,2,1.10077,1.10218,1.10055,1.10154,13698,1.30386,1.30509,1.30323,1.3047,4767,40917.799,40939.027,40883.075,40911.299,60,5560.822,5567.099,5555.823,5563.097,60,19254.887,19288.687,19232.975,19271.686,60,1.35746,1.35802,1.35735,1.35771,5495,0.85446,0.85485,0.85413,0.85427,6153,142.764,142.764,142.534,142.582,44795,28.823,28.903,28.771,28.794,126,2515.775,2519.178,2514.985,2517.245,60
2024-08-13,08:30:00,0.022,0.023,0.027,ppi.xlsx,81.848,82.063,81.773,81.843,60,59210.1,59303.0,58911.5,59060.4,2,2646.9,2656.2,2630.8,2640.5,4,1.093,1.093,1.09206,1.09233,8369,1.28088,1.2809,1.27952,1.27976,3294,39491.015,39501.515,39416.027,39442.587,60,5370.684,5372.117,5362.613,5365.657,60,18679.331,18683.898,18639.564,18649.389,60,1.37274,1.37342,1.37263,1.37332,2539,0.86699,0.8677,0.86623,0.86727,4617,147.854,147.891,147.666,147.842,28621,27.771,27.775,27.669,27.745,75,2464.125,2464.195,2458.825,2460.518,60
2024-07-12,08:30:00,0.026,0.023,0.024,ppi.xlsx,86.047,86.243,85.933,86.233,60,57070.1,57286.2,57002.5,57285.0,2,3069.9,3083.4,3065.7,3078.8,4,1.08754,1.08872,1.08753,1.08868,9596,1.29279,1.29457,1.29274,1.29457,4125,39819.063,39841.527,39813.003,39828.087,60,5588.861,5593.427,5588.677,5593.373,60,20192.164,20228.389,20192.164,20226.875,60,1.36241,1.36243,1.36123,1.36131,6033,0.89571,0.89597,0.89542,0.8958,2775,159.218,159.262,159.03,159.102,9613,30.73,30.865,30.712,30.859,132,2404.045,2408.095,2403.685,2407.325,60
2024-06-13,08:30:00,0.022,0.025,0.023,ppi.xlsx,82.403,82.553,82.133,82.153,60,67689.5,67716.7,67476.8,67535.6,2,3504.8,3509.1,3500.2,3501.5,2,1.08141,1.08144,1.0805,1.08061,11688,1.27885,1.27988,1.27861,1.27985,2868,38642.039,38653.539,38581.503,38601.051,60,5431.311,5433.447,5426.737,5429.009,60,19625.298,19630.198,19597.132,19609.797,60,1.37409,1.37429,1.37348,1.37349,6310,0.89507,0.89562,0.89482,0.8954,2829,157.276,157.311,157.172,157.255,16222,29.294,29.331,29.237,29.321,72,2317.005,2317.125,2313.845,2315.488,60
2024-05-14,08:30:00,0.022,0.022,0.018,ppi.xlsx,83.262,83.303,82.957,83.143,60,61976.5,62003.6,61661.6,61821.8,2,2916.7,2917.4,2902.3,2910.6,2,1.07871,1.07872,1.07753,1.07835,8902,1.2552,1.25531,1.25092,1.25281,7012,39454.551,39466.503,39439.799,39461.015,60,5222.267,5223.927,5220.86,5223.373,60,18194.709,18213.499,18192.242,18211.297,60,1.36753,1.36819,1.36751,1.36769,3363,0.90808,0.9085,0.90742,0.90748,2683,156.462,156.49,156.408,156.455,8652,28.346,28.397,28.287,28.383,60,2339.135,2343.808,2337.695,2343.695,60
2024-04-11,08:30:00,0.021,0.022,0.016,ppi.xlsx,90.708,90.873,90.473,90.823,60,70690.2,71200.7,70591.6,70988.5,2,3580.6,3614.8,3575.4,3605.0,4,1.07432,1.07498,1.07382,1.07405,9022,1.25604,1.25694,1.25499,1.255,4485,38467.539,38484.087,38378.039,38378.575,60,5161.032,5163.077,5149.711,5149.711,60,18022.243,18031.589,17979.675,17980.089,60,1.368,1.36865,1.36728,1.36854,6021,0.91373,0.91384,0.91309,0.9138,4366,153.131,153.288,153.097,153.24,18106,27.936,27.962,27.806,27.829,146,2336.345,2337.858,2325.655,2327.858,60
2024-03-14,08:30:00,0.016,0.011,0.01,ppi.xlsx,84.318,84.653,84.123,84.613,60,73225.1,73553.0,73213.9,73305.9,2,3962.2,3980.6,3961.0,3977.5,3,1.09352,1.09439,1.09351,1.09378,13101,1.28027,1.28165,1.28021,1.2807,3494,39139.939,39181.427,39130.199,39175.427,60,5177.79,5184.227,5177.411,5183.167,60,18143.796,18173.842,18140.853,18162.231,60,1.34711,1.34747,1.3467,1.34712,2947,0.87997,0.88021,0.87926,0.87991,3042,147.865,147.916,147.766,147.863,24968,24.942,24.993,24.916,24.976,65,2168.545,2169.975,2168.045,2169.465,60
2024-02-16,09:30:00,0.009,0.006,0.01,ppi.xlsx,82.368,82.443,81.903,82.013,60,51820.2,51972.6,51580.9,51828.2,2,2814.0,2815.2,2793.2,2807.4,2,1.07699,1.07717,1.0764,1.07661,13284,1.25762,1.25885,1.25743,1.25853,3637,38738.539,38750.087,38712.539,38717.503,60,5036.867,5040.123,5034.947,5037.903,59,17941.641,17951.843,17927.91,17940.408,60,1.34835,1.34841,1.3476,1.34802,3142,0.88118,0.88164,0.88101,0.88105,2406,150.241,150.295,150.199,150.286,21364,22.978,23.01,22.951,22.981,60,2004.905,2006.345,2004.105,2004.985,60
2024-01-12,09:30:00,0.01,0.013,0.008,ppi.xlsx,79.143,79.573,78.803,79.568,60,45825.8,46034.0,45509.5,45888.1,2,2599.9,2615.4,2582.8,2612.0,6,1.09751,1.09798,1.0961,1.09624,17678,1.27673,1.2775,1.27494,1.2752,5396,37773.029,37798.579,37751.999,37755.039,60,4783.453,4787.543,4777.767,4778.272,60,16823.349,16837.709,16785.819,16787.689,60,1.33537,1.33589,1.33491,1.33559,3781,0.85171,0.85394,0.85147,0.85371,5883,145.006,145.152,144.965,145.134,30360,22.923,22.947,22.878,22.886,80,2038.605,2039.995,2037.755,2038.055,60
2023-12-13,09:30:00,0.009,0.01,0.012,ppi.xlsx,72.683,73.203,72.497,73.083,60,41219.7,41220.7,41033.7,41158.8,2,2180.6,2180.9,2164.6,2173.2,2,1.07892,1.07917,1.07806,1.07872,12348,1.25317,1.25319,1.25188,1.25258,2968,36648.999,36648.999,36616.999,36624.539,60,4651.722,4651.722,4648.751,4649.77,60,16386.399,16387.399,16375.419,16376.709,60,1.36023,1.36039,1.35881,1.35924,4941,0.87605,0.87673,0.87594,0.876,3989,145.845,145.906,145.718,145.836,31304,22.679,22.688,22.623,22.676,60,1980.215,1982.605,1979.475,1982.395,60
2023-11-15,09:30:00,0.013,0.019,0.022,ppi.xlsx,82.403,82.423,81.722,82.123,60,35757.9,35912.7,35714.7,35752.4,2,1988.2,1993.8,1983.4,1984.0,2,1.08704,1.08705,1.08439,1.08521,19723,1.2464,1.24663,1.24531,1.24624,5672,34939.237,34945.799,34874.769,34886.759,60,4512.473,4513.213,4503.031,4504.796,60,15888.387,15888.409,15853.819,15860.529,60,1.36857,1.37038,1.36855,1.36968,3806,0.88785,0.88931,0.88782,0.88911,3870,150.488,150.535,150.331,150.396,20602,23.278,23.324,23.258,23.314,60,1971.405,1972.115,1969.925,1971.328,60
2023-10-11,08:30:00,0.022,0.016,0.02,ppi.xlsx,87.923,87.943,87.513,87.538,60,26985.3,27073.7,26979.2,27069.3,2,1554.3,1561.5,1553.5,1561.5,2,1.05999,1.06136,1.05933,1.06084,23428,1.22758,1.22863,1.22694,1.22803,7218,33747.059,33802.557,33738.549,33793.089,60,4359.957,4366.073,4357.124,4364.821,60,15155.149,15168.109,15134.329,15162.279,60,1.35955,1.35992,1.359,1.35945,7010,0.90417,0.90468,0.9026,0.90273,9756,148.759,148.824,148.621,148.664,29061,22.07,22.105,22.027,22.09,89,1867.865,1869.735,1866.815,1869.465,60
2023-09-14,08:30:00,0.016,0.012,0.008,ppi.xlsx,92.588,92.703,92.473,92.513,60,26306.6,26322.9,26243.3,26266.5,2,1618.6,1619.8,1614.7,1616.9,2,1.07336,1.074,1.07321,1.07338,11509,1.24854,1.24931,1.24821,1.24865,4671,34615.077,34632.067,34585.539,34620.069,60,4475.601,4478.846,4470.697,4477.123,60,15398.279,15405.799,15364.519,15395.549,60,1.35377,1.35401,1.35279,1.35301,3459,0.89357,0.89385,0.89315,0.8934,4051,147.277,147.358,147.246,147.29,18317,22.491,22.573,22.475,22.573,62,1905.785,1907.245,1905.425,1907.235,60
2023-08-11,08:30:00,0.008,0.007,0.002,ppi.xlsx,86.463,86.663,86.253,86.383,60,29373.1,29388.7,29339.1,29340.3,2,1844.3,1846.4,1842.8,1843.6,2,1.09923,1.10031,1.09901,1.09994,15174,1.27049,1.27129,1.26978,1.27057,4398,35204.069,35206.069,35138.549,35181.599,60,4472.623,4472.879,4461.117,4465.37,60,15143.119,15144.099,15083.319,15099.679,60,1.34411,1.3456,1.3437,1.34451,4308,0.87674,0.87761,0.87648,0.87652,4867,144.624,144.645,144.554,144.587,22878,22.71,22.773,22.678,22.74,70,1917.775,1919.285,1916.035,1918.905,60
2023-07-13,08:30:00,0.001,0.004,0.009,ppi.xlsx,80.433,80.603,80.163,80.208,60,30337.9,30390.7,30318.9,30374.7,2,1867.5,1871.7,1866.3,1870.4,2,1.11553,1.11699,1.11502,1.11608,19643,1.30265,1.30614,1.30256,1.30423,6400,34411.549,34429.599,34398.059,34418.099,60,4485.161,4488.467,4483.921,4487.679,59,15385.709,15407.399,15380.069,15405.529,60,1.31547,1.31628,1.31539,1.316,4375,0.8634,0.86363,0.86153,0.86301,5302,138.37,138.531,138.23,138.378,12176,24.229,24.248,24.198,24.212,76,1961.695,1962.635,1960.225,1960.815,60
2023-06-14,08:30:00,0.011,0.015,0.023,ppi.xlsx,75.013,75.238,74.713,75.138,60,25864.7,25910.2,25852.0,25893.0,2,1739.2,1744.0,1738.3,1741.7,2,1.07895,1.08047,1.07858,1.08018,10906,1.26188,1.26373,1.26143,1.26341,3574,34175.019,34191.299,34156.509,34186.539,60,4376.757,4379.322,4374.114,4377.599,60,14943.069,14952.387,14927.779,14935.169,60,1.3292,1.33015,1.32844,1.32887,2884,0.90434,0.90497,0.90399,0.9042,2711,139.986,139.987,139.877,139.974,15367,23.866,23.917,23.841,23.895,66,1949.545,1950.865,1948.295,1949.704,60
2023-05-11,08:30:00,0.023,0.024,0.027,ppi.xlsx,76.953,77.293,76.843,77.243,60,27430.4,27430.4,27265.2,27371.2,2,1827.5,1827.6,1809.4,1817.1,4,1.093,1.09365,1.0918,1.09282,29177,1.25656,1.25844,1.25654,1.25829,7694,33579.589,33600.299,33558.509,33567.069,60,4148.917,4152.897,4146.841,4148.657,60,13379.109,13399.259,13370.399,13385.769,60,1.34074,1.34192,1.34055,1.34093,5310,0.89354,0.89499,0.89323,0.89467,5348,134.553,134.842,134.543,134.797,43479,25.017,25.024,24.852,24.887,87,2025.544,2025.544,2021.835,2022.425,60
2023-04-13,08:30:00,0.027,0.03,0.049,ppi.xlsx,87.273,87.443,86.993,87.203,60,30067.2,30251.4,30039.2,30187.0,2,1921.3,1974.8,1918.6,1962.5,2,1.09991,1.1025,1.09991,1.10146,22477,1.24954,1.25206,1.24954,1.25204,7912,33679.997,33712.797,33656.999,33663.019,60,4099.837,4103.707,4095.591,4096.847,60,12878.907,12891.489,12858.009,12866.189,60,1.34064,1.34079,1.33983,1.3405,6375,0.89358,0.89358,0.89035,0.89151,6485,133.022,133.188,132.9,133.163,29677,25.556,25.616,25.533,25.552,87,2024.395,2029.055,2024.318,2026.498,60
2023-03-15,08:30:00,0.046,0.054,0.057,ppi.xlsx,78.328,78.703,78.103,78.333,60,24945.4,24997.1,24808.0,24828.5,2,1707.6,1709.5,1697.9,1701.8,2,1.07373,1.07435,1.07266,1.07314,22982,1.21564,1.2164,1.21442,1.21591,9224,32141.297,32154.299,32055.069,32066.537,60,3920.956,3923.571,3910.777,3912.49,60,12200.899,12227.589,12187.309,12189.809,60,1.36868,1.37044,1.36853,1.36934,11187,0.91453,0.91605,0.91415,0.91522,10734,134.872,135.112,134.629,134.666,62098,21.655,21.676,21.521,21.591,97,1896.324,1896.675,1885.565,1887.435,60
2023-02-16,09:30:00,0.06,0.054,0.065,ppi.xlsx,85.552,85.677,84.883,84.957,60,24546.8,24618.2,24526.6,24613.8,2,1679.1,1685.3,1676.8,1684.9,2,1.07065,1.07126,1.06888,1.07004,16984,1.20499,1.20664,1.20387,1.20546,6210,34115.037,34158.097,34102.089,34107.559,60,4147.482,4153.45,4145.506,4145.506,60,12699.817,12713.897,12683.329,12683.519,60,1.33767,1.33838,1.33669,1.33805,5327,0.9226,0.92335,0.92194,0.92245,4974,133.823,133.96,133.674,133.871,31220,21.621,21.707,21.584,21.593,174,1837.535,1840.045,1834.685,1835.435,60
2023-01-18,09:30:00,0.062,0.068,0.073,ppi.xlsx,86.272,87.397,86.247,87.057,60,21211.0,21243.8,21142.4,21198.4,2,1573.3,1579.1,1569.1,1575.2,4,1.0843,1.08714,1.08368,1.08697,11856,1.23388,1.2363,1.23231,1.23586,10035,33941.057,33944.549,33874.579,33896.069,60,3995.905,3996.901,3990.683,3993.688,60,11566.139,11572.649,11551.309,11562.119,60,1.33689,1.33821,1.33563,1.33575,8790,0.91513,0.91609,0.91285,0.91294,8606,129.66,129.901,129.199,129.389,27361,24.225,24.236,24.124,24.204,135,1912.115,1915.818,1910.165,1914.678,60
2022-12-09,09:30:00,0.074,0.072,0.081,ppi.xlsx,76.332,77.062,75.922,76.947,60,17167.8,17215.4,17164.6,17201.0,2,1277.5,1284.9,1276.9,1282.6,2,1.05607,1.0566,1.05466,1.0557,22144,1.22393,1.22499,1.22313,1.2247,5513,33800.067,33814.799,33775.519,33787.299,60,3971.941,3974.746,3967.705,3969.266,60,11678.339,11687.919,11654.539,11660.339,60,1.36331,1.36413,1.36292,1.36367,8696,0.93449,0.93492,0.93346,0.93415,11912,136.253,136.368,136.15,136.203,37104,23.0,23.065,22.941,23.005,70,1790.568,1792.798,1788.768,1792.487,60
2022-11-15,09:30:00,0.08,0.083,0.084,ppi.xlsx,92.322,92.607,91.542,92.157,60,16878.2,16910.5,16687.2,16750.5,2,1271.1,1274.3,1252.2,1256.6,3,1.04071,1.04089,1.03883,1.04005,35591,1.18386,1.18422,1.18079,1.18228,12392,33705.017,33711.087,33661.499,33681.579,60,3983.486,3986.006,3979.769,3983.541,60,11816.309,11827.297,11805.189,11821.209,60,1.32605,1.32862,1.326,1.3274,16526,0.93963,0.94166,0.93908,0.93965,13665,139.503,139.595,139.241,139.37,56347,22.01,22.06,21.912,21.949,73,1777.377,1778.898,1772.838,1776.087,60
2022-10-12,08:30:00,0.085,0.084,0.087,ppi.xlsx,94.457,94.847,94.197,94.367,60,19074.6,19113.8,19055.3,19104.4,2,1291.3,1296.4,1289.9,1295.0,2,0.97072,0.97244,0.97017,0.97035,44056,1.09722,1.10636,1.09697,1.1035,11700,29292.037,29385.797,29277.499,29346.299,60,3600.082,3611.508,3598.333,3606.819,60,10849.737,10879.889,10843.099,10864.409,60,1.38114,1.38131,1.37748,1.37914,20505,0.99395,0.99576,0.99304,0.99563,15969,146.169,146.309,146.148,146.285,24165,19.149,19.264,19.147,19.19,82,1668.898,1673.238,1668.698,1669.938,60
2022-09-14,08:30:00,0.087,0.088,0.098,ppi.xlsx,92.612,93.337,92.392,93.072,60,20207.1,20380.1,20163.2,20351.9,2,1609.1,1609.6,1582.6,1600.4,4,0.99878,1.00099,0.9981,0.99912,44539,1.15253,1.15521,1.15189,1.15375,11381,31197.539,31274.517,31184.089,31254.549,60,3946.799,3959.752,3944.733,3955.454,60,12079.057,12135.699,12073.639,12114.359,60,1.31682,1.31702,1.31475,1.31636,15774,0.96023,0.96085,0.95887,0.96052,21977,143.308,143.444,142.896,143.336,52820,19.413,19.511,19.401,19.491,74,1703.054,1706.068,1702.894,1704.304,60
2022-08-11,08:30:00,0.098,0.104,0.113,ppi.xlsx,96.962,97.967,96.702,97.752,60,24402.4,24523.8,24323.9,24494.2,2,1877.1,1890.7,1872.1,1888.8,4,1.03254,1.03413,1.03185,1.0341,25473,1.22246,1.22451,1.22171,1.22417,6940,33366.577,33391.299,33337.569,33387.569,60,4217.599,4217.697,4210.154,4215.642,60,13416.809,13417.417,13361.179,13383.277,60,1.27647,1.27718,1.27565,1.27585,7219,0.94025,0.94096,0.93906,0.93908,8503,132.431,132.671,132.431,132.512,19897,20.491,20.492,20.373,20.477,64,1787.918,1789.704,1785.588,1789.498,60
2022-07-14,08:30:00,0.113,0.107,0.109,ppi.xlsx,99.017,99.027,97.182,97.387,60,19941.8,20001.2,19690.4,19712.3,2,1094.1,1097.0,1079.6,1081.0,4,1.00364,1.0041,1.0015,1.002,20522,1.18642,1.18679,1.18357,1.18417,14998,30594.569,30624.799,30426.579,30443.069,60,3773.799,3778.443,3751.254,3754.948,60,11641.399,11665.089,11569.709,11598.589,60,1.30177,1.30623,1.30165,1.30585,11923,0.98427,0.98622,0.98385,0.98443,13974,139.097,139.387,138.971,139.072,13748,18.994,19.014,18.901,18.909,91,1718.184,1718.768,1715.286,1716.628,60
2022-06-14,08:30:00,0.108,0.109,0.109,ppi.xlsx,123.317,123.352,122.972,123.162,60,22808.6,22901.1,22506.2,22534.4,2,1236.0,1239.1,1210.9,1214.7,6,1.04675,1.04846,1.04629,1.04655,17370,1.21796,1.21846,1.21494,1.21522,10026,30802.797,30814.569,30642.079,30661.099,60,3793.248,3795.997,3769.951,3772.948,60,11447.227,11454.807,11374.629,11386.409,60,1.28923,1.29118,1.28898,1.29096,10367,0.99041,0.99088,0.98732,0.98889,12654,134.418,134.454,134.013,134.182,17901,21.254,21.282,21.161,21.171,81,1827.784,1830.068,1824.543,1825.728,60
2022-05-12,08:30:00,0.11,0.107,0.115,ppi.xlsx,105.736,105.812,104.797,105.047,60,27671.0,27906.4,27020.5,27589.3,2,1882.3,1912.5,1839.3,1878.6,3,1.04595,1.04651,1.04404,1.04406,17521,1.22002,1.22056,1.21791,1.21793,12928,31800.997,31818.577,31608.579,31665.019,60,3929.733,3932.151,3901.033,3908.033,60,11925.267,11933.379,11809.179,11830.159,60,1.30114,1.30278,1.30085,1.30267,12307,0.99553,0.99652,0.99477,0.99646,7120,128.837,128.874,128.401,128.547,26587,21.348,21.355,21.205,21.255,68,1850.648,1852.165,1846.548,1847.058,60
2022-04-13,08:30:00,0.112,0.106,0.103,ppi.xlsx,104.562,105.352,104.426,105.032,60,40102.0,40207.1,40009.2,40116.3,2,3048.3,3056.3,3045.8,3052.6,2,1.0838,1.08389,1.0827,1.08368,10013,1.29994,1.30161,1.29957,1.30064,4662,34386.037,34442.099,34379.039,34424.039,60,4420.799,4430.299,4420.033,4427.648,60,14038.949,14072.099,14034.469,14060.889,60,1.26352,1.2644,1.26277,1.26426,5683,0.93218,0.93235,0.93137,0.93174,4934,126.035,126.153,125.946,126.042,15228,25.548,25.683,25.522,25.616,68,1971.083,1975.643,1969.888,1973.662,60
2022-03-15,08:30:00,0.1,0.1,0.1,ppi.xlsx,100.852,101.354,100.154,100.854,60,38438.9,38465.9,38250.0,38381.6,2,2529.5,2532.1,2512.3,2513.8,2,1.10049,1.10193,1.09876,1.10036,18105,1.30324,1.30398,1.30175,1.3031,9531,32825.049,32969.089,32707.079,32728.029,60,4159.045,4178.099,4142.048,4144.539,60,13013.119,13083.889,12964.809,12971.159,60,1.28408,1.28567,1.28374,1.28519,11533,0.9382,0.93903,0.93717,0.93821,9358,117.98,118.056,117.695,117.79,11613,24.71,24.824,24.687,24.796,101,1929.158,1935.229,1926.309,1934.769,60
2022-02-15,09:30:00,0.097,0.091,0.098,ppi.xlsx,94.882,94.882,93.792,94.157,60,43955.4,44126.1,43828.5,44109.5,2,3076.9,3096.8,3071.0,3096.5,2,1.13459,1.13501,1.13359,1.13461,6144,1.35664,1.35666,1.35439,1.35512,8352,34857.079,34911.299,34819.019,34871.079,60,4450.74,4460.546,4447.733,4456.048,60,14478.607,14542.789,14474.279,14515.819,60,1.27107,1.27204,1.27021,1.27022,9198,0.92337,0.92689,0.92336,0.92518,9178,115.58,115.645,115.543,115.602,9039,23.553,23.558,23.361,23.443,138,1861.478,1861.638,1852.368,1857.578,60
2022-01-13,09:30:00,0.097,0.098,0.098,ppi.xlsx,84.767,85.007,84.372,84.887,60,43856.9,43945.8,43708.8,43828.7,2,3355.0,3373.1,3346.0,3358.8,2,1.14663,1.14748,1.14584,1.14712,4888,1.37341,1.3742,1.37237,1.37369,3144,36257.799,36282.499,36236.039,36282.499,60,4723.533,4725.499,4719.399,4725.499,60,15896.169,15901.669,15872.809,15901.669,60,1.24832,1.24911,1.24799,1.24817,3623,0.91353,0.91467,0.91209,0.91251,6257,114.489,114.594,114.485,114.534,3989,23.102,23.148,23.054,23.137,73,1821.024,1822.748,1818.918,1822.658,60
2021-12-14,09:30:00,0.096,0.092,0.088,ppi.xlsx,75.022,75.067,73.972,74.187,60,47432.9,47453.5,46768.1,46790.1,2,3815.1,3819.5,3762.2,3764.4,4,1.12824,1.13043,1.12785,1.13012,3994,1.32149,1.32249,1.32086,1.3222,5311,35719.799,35744.799,35565.099,35578.059,60,4679.199,4682.199,4651.133,4651.354,60,16106.509,16119.609,15961.969,15961.969,60,1.28108,1.28232,1.28048,1.28204,4886,0.92087,0.92243,0.9203,0.92056,3530,113.666,113.739,113.521,113.6,6265,22.251,22.255,22.164,22.174,60,1784.715,1785.638,1782.688,1783.658,60
2021-11-09,09:30:00,0.086,0.087,0.086,ppi.xlsx,83.797,84.162,83.752,84.132,60,68069.4,68204.7,67857.1,68200.8,2,4808.6,4821.7,4801.4,4814.7,2,1.15897,1.15946,1.15832,1.15935,3268,1.35656,1.36071,1.35606,1.35999,3859,36421.497,36421.497,36376.799,36402.039,60,4701.733,4702.999,4698.736,4702.248,58,16346.707,16361.899,16343.289,16357.859,60,1.24381,1.24405,1.24282,1.24341,1903,0.91301,0.91354,0.91246,0.91281,4667,112.912,112.913,112.819,112.85,5138,24.363,24.436,24.334,24.424,61,1824.104,1826.218,1823.003,1825.333,60
2021-10-14,08:30:00,0.086,0.087,0.083,ppi.xlsx,84.002,84.212,83.902,84.022,59,57315.5,57627.0,57309.4,57406.6,2,3626.3,3645.1,3625.3,3641.6,2,1.16076,1.16187,1.16066,1.1616,6565,1.36971,1.37179,1.36954,1.37121,3343,34538.999,34587.019,34538.509,34562.559,60,4389.445,4395.299,4389.445,4393.099,60,14883.419,14904.889,14882.029,14897.919,60,1.23989,1.23999,1.23834,1.2387,6036,0.92064,0.92076,0.91983,0.92025,3420,113.37,113.446,113.31,113.42,7353,23.184,23.274,23.184,23.257,60,1793.858,1797.424,1793.664,1795.948,60
2021-09-10,08:30:00,0.083,0.082,0.078,ppi.xlsx,72.392,72.782,72.372,72.547,59,46123.1,46309.7,45614.8,45960.1,2,3399.0,3425.0,3351.5,3371.8,2,1.18421,1.1851,1.18419,1.18477,3960,1.38732,1.38849,1.38726,1.38779,3119,35046.069,35086.599,35032.999,35077.059,60,4509.736,4514.551,4509.033,4513.751,58,15605.667,15623.599,15604.139,15616.849,60,1.26152,1.26159,1.2596,1.25978,3373,0.91598,0.91621,0.91497,0.91526,2830,109.945,109.954,109.854,109.893,4502,24.254,24.276,24.176,24.233,65,1801.564,1803.244,1799.838,1801.594,60
2021-08-12,08:30:00,0.078,0.073,0.073,ppi.xlsx,71.627,71.682,71.287,71.582,60,45233.2,45355.1,45087.9,45201.8,2,3141.4,3146.6,3126.2,3129.5,3,1.17417,1.17481,1.17372,1.17467,2457,1.38774,1.38774,1.38609,1.38624,2301,35488.299,35513.799,35474.509,35506.519,60,4445.733,4447.499,4444.242,4446.942,55,15002.299,15018.499,14995.049,15013.519,60,1.25119,1.25197,1.25052,1.25093,5475,0.92147,0.92219,0.9213,0.92145,2336,110.382,110.417,110.346,110.356,3162,23.475,23.48,23.398,23.455,60,1756.658,1757.508,1753.708,1755.698,60
2021-07-14,08:30:00,0.073,0.068,0.066,ppi.xlsx,76.283,76.313,76.023,76.143,60,31888.1,31959.5,31673.3,31710.0,2,1898.2,1902.3,1874.0,1877.3,2,1.17839,1.17993,1.178,1.17836,4912,1.38375,1.38618,1.38346,1.38459,6945,34855.099,34883.029,34819.999,34849.039,60,4364.436,4369.654,4361.142,4365.248,60,14876.259,14897.989,14862.219,14891.299,60,1.25126,1.25175,1.25006,1.25171,5106,0.9186,0.91928,0.91722,0.9191,4049,110.506,110.536,110.455,110.509,4543,26.033,26.102,26.004,26.071,74,1812.528,1815.278,1811.398,1813.918,60
2021-06-15,08:30:00,0.066,0.063,0.062,ppi.xlsx,73.203,73.263,72.913,72.998,60,40338.7,40367.0,39657.5,39770.9,2,2621.5,2623.4,2572.4,2579.8,4,1.21438,1.21454,1.21302,1.21304,3499,1.41154,1.41174,1.40857,1.40866,4944,34426.549,34430.059,34392.499,34427.999,60,4262.439,4262.648,4259.433,4261.639,59,14147.787,14149.649,14139.589,14144.799,60,1.2142,1.2165,1.21386,1.21628,4837,0.89693,0.89792,0.89654,0.89773,2415,110.044,110.121,110.016,110.121,3603,27.692,27.7,27.59,27.644,80,1865.805,1866.355,1862.068,1863.908,60
2021-05-13,08:30:00,0.062,0.059,0.042,ppi.xlsx,68.063,68.123,67.603,67.933,60,50878.6,50935.3,49947.4,49996.8,2,3969.2,3988.1,3820.2,3830.4,7,1.20864,1.20945,1.20514,1.20622,10179,1.40503,1.40649,1.40222,1.40299,7676,33399.039,33459.009,33286.999,33368.579,60,4046.554,4052.548,4034.333,4045.599,60,12969.037,12979.289,12922.019,12958.009,60,1.21452,1.2157,1.21395,1.21399,4533,0.90805,0.9092,0.907,0.90848,9784,109.666,109.672,109.494,109.568,5989,26.868,26.989,26.782,26.899,91,1814.568,1818.258,1812.518,1815.068,60
2021-04-09,08:30:00,0.042,0.038,0.028,ppi.xlsx,62.808,62.883,62.553,62.763,60,58017.3,58027.0,57655.3,57721.2,2,2075.8,2076.4,2060.2,2066.5,5,1.18986,1.18989,1.18838,1.18857,7549,1.37029,1.37194,1.36904,1.37123,4338,33567.499,33571.299,33523.009,33563.529,60,4104.452,4104.497,4098.237,4102.745,60,13750.117,13755.309,13728.719,13747.569,60,1.25898,1.26029,1.2589,1.25921,3313,0.92491,0.92599,0.92491,0.92585,6270,109.5,109.681,109.489,109.659,5004,25.225,25.225,25.127,25.19,64,1747.398,1747.588,1743.908,1745.395,60
2021-03-12,09:30:00,0.028,0.027,0.017,ppi.xlsx,69.328,69.683,69.263,69.598,60,56512.8,56760.9,56279.8,56478.9,2,1792.8,1797.0,1777.6,1783.5,2,1.19327,1.19368,1.19109,1.19177,9619,1.39415,1.39441,1.39065,1.39122,6713,32429.039,32471.099,32394.499,32469.009,60,3914.999,3919.799,3911.733,3915.299,60,12831.597,12845.487,12803.999,12813.879,60,1.25653,1.25729,1.25565,1.25599,5139,0.93028,0.9321,0.9301,0.93104,3936,109.082,109.148,109.069,109.113,5293,25.65,25.662,25.402,25.463,98,1706.378,1706.768,1699.078,1701.345,60
2021-02-17,09:30:00,0.017,0.009,0.008,ppi.xlsx,63.888,63.963,63.672,63.718,60,51022.9,51671.4,51022.9,51454.0,2,1798.7,1818.0,1796.3,1811.6,4,1.20771,1.20831,1.20596,1.20679,8460,1.38907,1.39023,1.38728,1.38842,6429,31529.499,31536.059,31468.049,31493.579,60,3934.131,3934.499,3924.948,3927.199,60,13779.909,13781.117,13734.039,13743.219,60,1.26974,1.27053,1.26903,1.27035,4550,0.89466,0.89582,0.89425,0.89482,4828,105.893,106.04,105.867,105.96,4886,27.164,27.191,26.943,27.025,103,1787.458,1789.295,1783.555,1785.925,60
2021-01-15,09:30:00,0.008,0.008,0.008,ppi.xlsx,55.553,55.723,55.353,55.453,60,38224.5,38647.0,37994.0,38617.4,2,1214.4,1232.2,1203.3,1228.9,4,1.21308,1.21415,1.21279,1.2139,8292,1.36493,1.36566,1.36372,1.36399,6592,30891.507,30931.589,30888.539,30918.599,60,3785.342,3789.199,3784.633,3786.154,60,12897.069,12905.689,12881.329,12883.089,60,1.26853,1.26978,1.26802,1.26907,4640,0.88795,0.88813,0.88725,0.88731,3245,103.744,103.761,103.655,103.658,3897,25.34,25.486,25.336,25.466,70,1850.958,1856.848,1850.925,1855.125,60
2020-12-11,09:30:00,0.008,0.008,0.005,ppi.xlsx,50.204,50.294,49.909,49.949,60,17861.4,17868.4,17704.1,17777.5,2,543.1,543.1,536.3,539.8,2,1.21256,1.21339,1.21124,1.21176,12461,1.32132,1.32428,1.32085,1.32191,14076,29851.529,29918.589,29844.009,29852.519,60,3646.033,3653.545,3644.336,3645.045,60,12331.477,12349.179,12321.109,12324.049,60,1.27639,1.27682,1.27541,1.27669,5135,0.88702,0.88749,0.8866,0.88716,3622,104.116,104.139,103.995,104.03,5128,23.735,23.922,23.733,23.878,68,1831.808,1837.575,1831.308,1836.875,60
2020-11-13,09:30:00,0.005,0.004,0.004,ppi.xlsx,43.04,43.275,42.94,43.17,60,16257.3,16345.7,16221.0,16314.1,2,463.5,467.3,463.4,465.9,2,1.18138,1.18271,1.18069,1.18267,20748,1.31505,1.31748,1.31398,1.31725,13727,29194.027,29302.299,29192.007,29289.029,60,3556.549,3568.999,3556.133,3567.933,60,11900.607,11940.019,11893.109,11931.699,60,1.31488,1.31582,1.31246,1.3126,3682,0.91505,0.91543,0.91367,0.91374,3103,105.111,105.149,105.012,105.022,6639,24.263,24.332,24.192,24.319,65,1879.008,1880.735,1875.668,1880.468,60
2020-10-14,08:30:00,0.004,0.002,-0.002,ppi.xlsx,42.25,42.605,42.185,42.555,60,11400.6,11435.7,11397.5,11429.9,2,381.0,381.7,380.4,381.4,2,1.17416,1.17536,1.17368,1.17404,81822,1.28867,1.29155,1.28847,1.29048,12559,28765.07,28837.1,28755.0,28794.02,60,3525.643,3532.2,3523.837,3528.355,60,12162.25,12171.8,12141.31,12147.28,60,1.31331,1.3134,1.31184,1.31208,5100,0.91382,0.91442,0.91321,0.91429,3157,105.422,105.436,105.357,105.369,6136,24.142,24.265,24.138,24.201,87,1895.598,1899.885,1895.598,1898.908,60
2020-09-10,08:30:00,-0.002,-0.003,-0.004,ppi.xlsx,40.375,40.525,40.205,40.335,60,10257.4,10280.8,10240.2,10252.7,2,362.5,365.0,360.1,362.5,2,1.18187,1.184,1.18172,1.18341,38386,1.29974,1.3023,1.29916,1.30158,14563,27851.03,27881.04,27791.53,27849.04,60,3382.5,3387.8,3375.755,3383.734,60,11300.19,11342.72,11268.0,11318.9,60,1.31628,1.31686,1.3157,1.31589,3163,0.90966,0.90995,0.90839,0.90857,5071,106.058,106.061,106.005,106.056,6882,26.946,27.016,26.899,26.966,62,1944.105,1948.118,1942.705,1946.205,60
2020-08-11,08:30:00,-0.004,-0.007,-0.008,ppi.xlsx,45.315,45.475,45.216,45.445,60,11700.7,11716.5,11654.2,11658.9,2,389.7,390.5,387.3,387.7,2,1.17459,1.17744,1.17446,1.17722,25321,1.30827,1.30932,1.30758,1.30876,20713,27961.55,28060.1,27947.03,28057.0,60,3374.552,3383.3,3372.734,3383.037,60,11138.2,11156.9,11127.21,11156.26,60,1.33276,1.33302,1.33052,1.33053,7551,0.91477,0.91501,0.91329,0.91427,5921,106.126,106.161,106.056,106.099,14895,28.217,28.271,27.701,28.198,156,1995.028,1995.918,1983.255,1989.285,60
2020-07-10,08:30:00,-0.008,-0.002,-0.008,ppi.xlsx,41.855,42.015,41.505,41.615,60,9092.7,9136.1,9092.6,9114.3,11,236.2,238.6,236.1,237.3,3,1.12789,1.12911,1.12779,1.12856,12114,1.25891,1.2597,1.25806,1.25966,11919,25551.56,25639.04,25514.3,25543.07,60,3134.655,3144.149,3131.146,3134.155,60,10698.6,10721.41,10690.86,10700.67,60,1.36091,1.36168,1.36034,1.36127,5784,0.94212,0.94239,0.94131,0.94172,5162,106.841,106.844,106.752,106.76,5319,18.576,18.673,18.576,18.628,180,1799.348,1805.335,1799.348,1804.938,60
2020-06-11,08:30:00,-0.008,-0.012,-0.012,ppi.xlsx,40.125,40.505,40.095,40.305,60,9742.5,9770.1,9732.2,9754.0,19,244.4,245.3,244.4,245.0,3,1.13632,1.13909,1.13584,1.13896,17923,1.26803,1.27001,1.26692,1.26976,28978,26382.09,26450.1,26317.02,26356.02,60,3129.352,3137.4,3121.543,3125.84,60,9953.69,9981.94,9923.3,9926.74,60,1.3492,1.34966,1.34579,1.34691,10038,0.94137,0.94178,0.94018,0.94021,6667,106.939,107.046,106.795,106.825,14366,17.842,17.891,17.832,17.89,162,1735.868,1736.415,1730.615,1733.675,60
2020-05-13,08:30:00,-0.012,-0.002,0.007,ppi.xlsx,29.08,29.435,28.896,29.335,60,8816.8,8864.8,8780.3,8858.5,47,188.4,188.9,186.9,188.8,6,1.08382,1.08456,1.08354,1.08423,11721,1.227,1.22862,1.2267,1.22749,12496,23685.1,23758.07,23647.01,23673.08,60,2859.652,2868.837,2854.355,2857.855,60,9103.26,9133.82,9086.02,9102.12,60,1.407,1.40757,1.40351,1.40446,5918,0.97047,0.97069,0.96984,0.97026,4513,107.054,107.058,106.963,107.051,5899,15.439,15.486,15.394,15.462,125,1701.545,1702.048,1699.348,1701.958,60
2020-04-09,08:30:00,0.007,0.005,0.013,ppi.xlsx,33.885,34.055,33.695,33.965,60,7285.5,7306.8,7270.8,7288.3,28,171.2,172.0,170.3,171.1,5,1.08756,1.08784,1.08674,1.0869,9054,1.24032,1.24113,1.23924,1.24037,19261,23685.26,23702.27,23410.0,23410.73,60,2774.7,2776.6,2743.746,2743.934,60,8270.47,8276.0,8190.58,8193.02,60,1.40281,1.40546,1.40256,1.40453,7695,0.97067,0.97113,0.97029,0.97098,5347,108.932,108.96,108.851,108.891,7009,15.156,15.164,15.071,15.122,96,1658.328,1660.768,1655.208,1657.685,60
2020-03-12,08:30:00,0.013,0.018,0.021,ppi.xlsx,33.965,34.455,33.765,33.855,60,7329.2,7401.4,7252.4,7312.7,22,169.8,170.4,165.0,167.5,17,1.13116,1.13129,1.12536,1.12675,11935,1.28157,1.28284,1.27657,1.27724,13263,22580.36,22705.31,22361.3,22405.9,56,2633.455,2647.0,2606.143,2612.046,60,7685.62,7721.1,7606.12,7627.33,60,1.37644,1.3771,1.37535,1.37652,5679,0.93345,0.93742,0.93311,0.93636,10923,103.671,103.802,103.507,103.753,20807,16.696,16.748,16.646,16.705,299,1639.938,1645.448,1638.485,1642.835,60
2020-02-19,09:30:00,0.021,0.016,0.013,ppi.xlsx,58.061,58.456,58.0,58.391,60,10121.5,10121.5,10069.1,10079.4,33,281.8,281.8,276.6,277.7,12,1.08038,1.08079,1.07992,1.08031,7308,1.29941,1.30229,1.29742,1.30068,13992,29284.81,29308.9,29277.86,29287.8,60,3376.052,3377.9,3375.343,3376.1,57,9649.0,9661.3,9648.81,9655.4,60,1.32346,1.32353,1.32285,1.3235,3152,0.98324,0.98378,0.98302,0.98354,3725,110.181,110.249,110.167,110.235,5849,18.35,18.383,18.336,18.351,269,1607.795,1609.138,1607.395,1608.878,60
2020-01-15,09:30:00,0.013,0.013,0.011,ppi.xlsx,64.155,64.271,64.12,64.231,60,8564.4,8702.1,8564.1,8680.7,24,160.0,163.6,160.0,163.3,6,1.113,1.11334,1.11257,1.11282,8886,1.30169,1.30204,1.2985,1.29914,11852,28920.34,28926.9,28907.85,28916.84,60,3282.4,3283.4,3281.034,3282.049,59,9031.25,9033.77,9026.46,9031.69,60,1.30692,1.30778,1.30687,1.30759,2923,0.96609,0.9664,0.96564,0.96628,3091,109.915,109.928,109.846,109.868,3645,17.859,17.864,17.816,17.837,145,1553.405,1553.628,1551.488,1553.165,60
2019-12-12,09:30:00,0.011,0.012,0.011,ppi.xlsx,63.99,64.206,63.935,64.166,59,7067.4,7106.2,7066.4,7097.8,26,137.5,140.3,137.5,139.0,3,1.11357,1.11357,1.11246,1.11275,7423,1.32084,1.32138,1.31832,1.31832,6349,27958.07,27978.07,27940.57,27962.07,60,3147.469,3149.47,3145.27,3147.97,56,8418.67,8424.27,8412.859,8420.36,60,1.31673,1.31728,1.31664,1.31707,2073,0.98159,0.98275,0.98136,0.9826,3897,108.636,108.704,108.636,108.68,3506,16.825,16.857,16.822,16.848,97,1472.655,1473.595,1472.468,1473.375,60
2019-11-14,09:30:00,0.011,0.009,0.014,ppi.xlsx,62.685,62.815,62.615,62.785,60,8533.2,8566.7,8517.2,8556.0,14,180.5,182.0,179.9,180.9,2,1.10084,1.10092,1.09975,1.1001,8729,1.28422,1.2867,1.28398,1.28502,9410,27750.069,27764.07,27731.57,27756.57,60,3090.469,3091.97,3087.969,3090.97,58,8242.47,8248.669,8235.87,8245.27,60,1.32643,1.32663,1.32599,1.32641,3441,0.98756,0.988,0.98698,0.98756,6028,108.663,108.667,108.564,108.593,7495,17.073,17.097,17.05,17.079,198,1469.608,1470.468,1468.568,1469.645,60
2019-10-08,08:30:00,0.014,0.018,0.018,ppi.xlsx,58.546,58.816,58.405,58.806,60,8161.8,8161.8,8096.5,8120.7,23,177.1,178.3,175.7,176.6,6,1.09792,1.09917,1.09791,1.09905,15017,1.22864,1.22899,1.22602,1.22722,12798,26441.569,26482.57,26436.569,26460.07,60,2934.27,2938.77,2933.27,2935.57,59,7719.67,7731.86,7715.669,7722.96,60,1.33038,1.33051,1.32967,1.32983,8665,0.99334,0.99344,0.99164,0.99222,5399,107.155,107.218,107.101,107.158,11708,17.477,17.514,17.441,17.495,252,1496.688,1499.458,1495.698,1498.508,60
2019-09-11,08:30:00,0.018,0.017,0.017,ppi.xlsx,62.855,63.166,62.755,63.151,60,9992.2,9999.2,9933.4,9933.4,12,174.6,176.0,173.6,173.6,2,1.10342,1.10347,1.10231,1.10255,7403,1.23658,1.23698,1.23417,1.23592,9782,26944.57,26950.57,26907.569,26916.069,60,2982.969,2983.67,2978.169,2979.67,59,7826.869,7830.67,7813.759,7820.259,60,1.31531,1.31602,1.31514,1.31532,3144,0.99289,0.99403,0.99287,0.99362,4821,107.804,107.826,107.746,107.753,8224,18.075,18.15,18.068,18.148,157,1489.855,1493.868,1488.855,1493.738,60
2019-08-09,08:30:00,0.017,0.017,0.017,ppi.xlsx,57.455,57.816,57.385,57.776,60,11780.6,11904.5,11730.6,11758.7,26,211.9,215.3,211.3,212.9,7,1.11874,1.11981,1.11833,1.1194,15862,1.21305,1.21311,1.20872,1.21159,8615,26286.07,26296.57,26256.069,26288.569,60,2926.47,2927.27,2922.469,2926.47,60,7680.76,7681.56,7664.56,7675.259,60,1.32214,1.32294,1.32214,1.32215,3305,0.97514,0.97536,0.97406,0.97417,4577,105.948,105.97,105.906,105.906,7379,17.015,17.017,16.974,16.996,123,1502.285,1503.068,1501.178,1502.355,60
2019-07-12,08:30:00,0.017,0.016,0.018,ppi.xlsx,67.085,67.235,66.975,67.185,60,11612.6,11653.2,11518.2,11562.0,31,269.0,273.2,268.5,272.0,10,1.12646,1.127,1.12614,1.1262,14552,1.2536,1.25469,1.25323,1.25399,9430,27150.57,27175.57,27146.07,27160.569,60,3004.869,3007.37,3004.169,3006.669,57,7907.16,7919.96,7904.46,7917.47,60,1.30254,1.30297,1.30176,1.30282,4347,0.98658,0.9871,0.98617,0.98672,5205,108.366,108.374,108.248,108.34,7124,15.153,15.177,15.134,15.134,130,1409.988,1411.435,1408.775,1408.935,60
2019-06-11,08:30:00,0.018,0.02,0.022,ppi.xlsx,62.446,62.556,62.145,62.265,60,7883.0,7904.7,7871.1,7899.8,3,242.3,243.1,240.8,242.8,2,1.13209,1.13248,1.13115,1.13128,22716,1.26971,1.27107,1.26834,1.27077,11419,26144.569,26166.07,26137.069,26158.069,60,2894.87,2898.67,2894.669,2898.169,60,7537.86,7554.66,7537.67,7552.07,60,1.32555,1.32653,1.32526,1.32613,4261,0.98966,0.99113,0.98949,0.99111,4573,108.599,108.699,108.562,108.669,7331,14.664,14.68,14.655,14.667,97,1322.828,1323.565,1321.815,1321.855,60
2019-05-09,08:30:00,0.022,0.023,0.022,ppi.xlsx,69.676,70.055,69.585,69.965,60,6001.8,6012.9,5989.5,5992.3,2,164.5,166.7,164.5,166.2,2,1.11866,1.11895,1.11734,1.11886,25091,1.30043,1.3005,1.29749,1.2991,10070,25819.57,25845.57,25781.57,25827.07,60,2861.669,2864.67,2857.669,2863.469,60,7559.37,7566.67,7546.86,7565.16,60,1.34882,1.34965,1.34834,1.34834,6933,1.01757,1.01837,1.01728,1.01772,6881,109.621,109.732,109.608,109.703,8804,14.841,14.848,14.824,14.831,109,1284.785,1285.548,1284.238,1284.768,60
2019-04-11,08:30:00,0.022,0.019,0.019,ppi.xlsx,71.255,71.506,71.205,71.365,59,5144.2,5145.9,5102.1,5144.7,11,166.4,166.6,162.3,165.5,2,1.12814,1.1285,1.12749,1.12792,26132,1.30983,1.31006,1.30579,1.30787,13266,26111.07,26150.57,26108.569,26140.57,60,2885.869,2889.87,2885.37,2888.869,54,7602.069,7612.87,7599.56,7609.959,60,1.33538,1.33569,1.33469,1.33486,4757,1.00109,1.00143,1.00095,1.00128,6221,111.093,111.156,111.087,111.109,5510,15.171,15.174,15.143,15.153,76,1305.215,1305.215,1303.608,1304.608,60
2019-03-13,08:30:00,0.019,0.019,0.02,ppi.xlsx,66.906,66.93,66.735,66.865,60,3803.2,3803.6,3791.8,3792.5,3,127.4,127.6,126.4,127.0,2,1.12796,1.12968,1.12773,1.12941,18961,1.31435,1.31558,1.31287,1.31513,22828,25508.333,25549.57,25505.07,25546.57,60,2789.37,2794.37,2789.369,2794.17,59,7199.769,7213.66,7199.56,7213.069,60,1.3367,1.33681,1.33517,1.3356,4608,1.00815,1.00846,1.00658,1.00662,7046,111.322,111.386,111.322,111.338,6264,15.444,15.489,15.437,15.488,115,1304.228,1306.948,1303.845,1306.555,60
2019-02-14,09:30:00,0.02,0.021,0.025,ppi.xlsx,64.566,64.796,64.395,64.43,60,3507.4,3512.4,3506.3,3511.1,2,116.0,116.8,115.7,116.3,2,1.12597,1.12698,1.12564,1.12663,21336,1.28242,1.28381,1.28175,1.2833,11911,25566.569,25589.07,25553.069,25563.07,60,2755.969,2758.47,2754.969,2755.47,58,7034.76,7041.66,7030.959,7034.17,60,1.32612,1.32632,1.32555,1.32613,3486,1.00905,1.00931,1.00816,1.00866,7527,111.061,111.065,110.958,110.997,6217,15.59,15.615,15.571,15.576,132,1305.595,1307.015,1305.345,1305.815,60
2019-01-15,09:30:00,0.025,0.025,0.025,ppi.xlsx,59.235,59.591,59.095,59.45,60,3604.6,3605.0,3562.5,3581.9,2,123.5,123.5,120.3,120.8,2,1.14609,1.14632,1.14232,1.14335,28572,1.2875,1.28788,1.28468,1.28668,20195,24007.57,24010.57,23955.07,23965.07,60,2590.369,2590.669,2584.17,2585.169,60,6570.07,6571.07,6552.669,6556.159,60,1.32592,1.32784,1.32571,1.3273,4984,0.98308,0.98527,0.98289,0.98497,6962,108.581,108.63,108.515,108.564,9001,15.59,15.596,15.537,15.558,192,1288.845,1289.475,1287.475,1288.675,60
2018-12-11,09:30:00,0.025,0.025,0.029,ppi.xlsx,59.776,59.971,59.701,59.781,60,3347.4,3356.9,3328.0,3332.2,2,85.3,85.9,84.5,85.1,2,1.1378,1.13843,1.13752,1.13818,10131,1.26109,1.26382,1.26068,1.26173,9003,24397.569,24464.569,24388.07,24458.57,60,2633.069,2641.569,2632.369,2640.869,60,6671.059,6696.859,6667.869,6695.36,60,1.34113,1.34157,1.34072,1.34127,2697,0.98728,0.98741,0.98629,0.98677,3506,113.055,113.109,113.026,113.027,3762,14.594,14.606,14.57,14.593,115,1248.408,1248.985,1247.768,1248.718,60
2018-11-09,09:30:00,0.029,0.025,0.026,ppi.xlsx,70.255,70.566,70.055,70.136,60,6343.5,6343.5,6274.3,6296.7,2,206.0,206.0,203.3,204.0,2,1.13307,1.13437,1.13299,1.13376,14664,1.30066,1.30217,1.29883,1.30073,9491,26102.569,26137.07,26088.07,26125.57,60,2794.57,2798.37,2792.57,2796.57,60,7107.77,7119.76,7102.66,7115.66,60,1.31939,1.31973,1.31889,1.31956,4003,1.00794,1.00826,1.00752,1.00804,4338,113.784,113.887,113.779,113.884,6095,14.352,14.378,14.337,14.338,132,1220.728,1221.468,1220.155,1220.155,60
2018-10-10,08:30:00,0.026,0.028,0.028,ppi.xlsx,84.705,84.805,84.56,84.685,60,6485.6,6499.5,6446.0,6486.2,2,219.2,219.8,218.3,219.2,2,1.1494,1.14972,1.14854,1.14863,12865,1.31634,1.31669,1.31368,1.31369,10183,26436.07,26455.57,26408.069,26429.069,60,2880.27,2881.27,2877.469,2878.77,60,7366.669,7368.76,7356.669,7358.87,60,1.29488,1.2961,1.29453,1.29606,4033,0.99222,0.99303,0.99188,0.99303,6401,113.078,113.207,113.072,113.188,7890,14.373,14.381,14.319,14.32,127,1188.809,1189.008,1186.409,1186.628,60
2018-09-12,08:30:00,0.028,0.032,0.033,ppi.xlsx,79.316,79.356,78.925,78.966,60,6181.8,6189.5,6142.3,6182.2,2,168.7,169.5,165.8,168.7,2,1.15966,1.16047,1.15758,1.15904,14022,1.30296,1.30477,1.30206,1.30243,9601,26036.069,26048.069,26029.069,26036.07,60,2892.869,2894.07,2892.369,2893.07,49,7530.459,7535.76,7528.76,7533.26,60,1.3056,1.306,1.30457,1.30557,7852,0.97424,0.97493,0.97344,0.97428,6518,111.491,111.514,111.434,111.481,4532,14.152,14.191,14.146,14.174,202,1196.308,1196.529,1194.278,1195.502,60
2018-08-09,08:30:00,0.033,0.034,0.034,ppi.xlsx,71.835,72.5,71.835,72.475,60,6255.8,6264.9,6226.4,6249.9,2,357.3,358.1,356.6,357.9,2,1.15836,1.15928,1.15819,1.15928,13502,1.28486,1.28828,1.28479,1.28819,8273,25531.069,25558.07,25527.569,25556.069,60,2854.569,2856.769,2853.769,2856.57,48,7461.37,7467.16,7459.16,7465.859,60,1.30241,1.30285,1.30119,1.3012,3639,0.99443,0.99454,0.9939,0.99397,4819,111.045,111.172,111.019,111.129,5868,15.371,15.421,15.366,15.421,128,1211.668,1212.838,1210.968,1212.838,60
2018-07-11,08:30:00,0.034,0.032,0.031,ppi.xlsx,77.475,77.661,77.095,77.415,60,6286.2,6312.2,6285.9,6310.3,69,433.3,436.8,433.2,436.6,2,1.17331,1.17406,1.17081,1.17084,15062,1.32746,1.32847,1.32514,1.32564,8251,24693.07,24727.569,24675.07,24725.07,60,2770.27,2773.769,2768.57,2773.57,60,7205.869,7216.86,7203.16,7215.67,60,1.3136,1.31532,1.31322,1.31532,5124,0.99132,0.9931,0.99091,0.99308,7430,111.009,111.16,110.991,111.16,7541,15.992,16.015,15.954,15.958,157,1252.678,1253.379,1250.789,1250.928,60
2018-06-13,08:30:00,0.031,0.028,0.026,ppi.xlsx,75.356,75.691,75.33,75.506,60,6477.7,6493.4,6440.9,6461.2,78,486.7,486.8,472.6,475.2,3,1.17462,1.17497,1.1733,1.17437,12265,1.33493,1.33508,1.33109,1.3324,9488,25308.07,25314.07,25295.07,25314.07,60,2786.37,2786.67,2784.969,2786.47,51,7205.96,7209.869,7202.059,7209.36,60,1.3035,1.30462,1.30275,1.3034,5532,0.98827,0.98948,0.98817,0.98867,5016,110.63,110.718,110.615,110.622,5314,16.819,16.833,16.793,16.828,82,1293.852,1294.489,1291.409,1294.349,60
2018-05-09,08:30:00,0.026,0.028,0.03,ppi.xlsx,76.881,77.115,76.725,77.096,60,8952.2,9058.2,8949.8,9038.8,55,713.3,724.9,713.2,722.7,3,1.1839,1.18589,1.18328,1.1856,11412,1.35332,1.35515,1.35226,1.35476,8923,24451.069,24499.57,24427.07,24494.07,60,2680.97,2686.27,2678.97,2685.769,56,6832.16,6844.97,6824.169,6844.17,60,1.29552,1.29586,1.29377,1.29381,4578,1.00367,1.00418,1.00253,1.0026,6095,109.712,109.805,109.668,109.757,7536,16.382,16.401,16.37,16.399,85,1306.128,1306.871,1305.151,1306.198,60
2018-04-10,08:30:00,0.03,0.029,0.028,ppi.xlsx,69.615,69.636,69.415,69.466,59,6649.1,6660.5,6587.3,6660.5,53,392.7,392.9,390.2,391.9,2,1.23298,1.23306,1.23125,1.23248,14425,1.41612,1.41685,1.41485,1.41666,7798,24258.07,24331.069,24241.069,24286.57,60,2641.57,2649.37,2640.069,2644.87,60,6568.969,6596.27,6564.059,6579.76,60,1.26953,1.26969,1.26818,1.26874,6821,0.95481,0.95613,0.95446,0.95549,5611,106.9,107.063,106.844,106.983,8084,16.504,16.509,16.465,16.509,59,1337.252,1337.708,1334.199,1336.349,60
2018-03-14,08:30:00,0.028,0.028,0.027,ppi.xlsx,64.585,65.044,64.44,65.005,60,9045.1,9081.9,9040.6,9076.5,23,685.3,687.2,685.1,686.0,2,1.23887,1.24015,1.23637,1.23749,17227,1.39597,1.39668,1.39407,1.39537,11256,25090.069,25128.07,25074.069,25107.069,56,2773.27,2777.27,2771.269,2774.469,56,7068.46,7088.37,7062.66,7082.769,56,1.29552,1.296,1.29389,1.29396,10236,0.94469,0.94622,0.94395,0.94571,7139,106.597,106.715,106.562,106.586,9554,16.573,16.596,16.547,16.589,189,1324.828,1325.742,1323.389,1324.882,60
2018-02-15,09:30:00,0.027,0.025,0.026,ppi.xlsx,64.676,64.691,64.296,64.631,60,9819.7,9904.7,9513.0,9569.8,48,940.6,942.3,912.2,914.8,3,1.24915,1.25001,1.24832,1.2487,14255,1.40484,1.40775,1.40396,1.40601,12260,25075.069,25136.07,25066.07,25125.569,60,2714.57,2719.37,2713.57,2718.07,59,6727.27,6734.67,6723.859,6730.27,60,1.24766,1.24833,1.24682,1.24782,7328,0.92451,0.9254,0.92382,0.92532,5618,106.374,106.434,106.268,106.416,8140,16.962,16.964,16.918,16.943,101,1356.398,1356.592,1353.258,1354.621,60
2018-01-11,09:30:00,0.026,0.03,0.031,ppi.xlsx,69.185,69.385,69.155,69.325,60,13700.0,13734.9,13387.6,13499.8,32,1234.0,1236.1,1206.3,1220.0,5456,1.19379,1.19495,1.19331,1.19478,11394,1.34776,1.34938,1.34743,1.3487,8949,25404.069,25409.07,25384.069,25390.07,60,2753.14,2753.64,2751.139,2751.72,57,6674.669,6676.569,6669.469,6671.73,60,1.25744,1.259,1.25627,1.25652,6819,0.9804,0.98082,0.97934,0.97937,5504,111.721,111.751,111.575,111.623,6278,17.002,17.013,16.988,17.003,152,1317.218,1318.759,1316.771,1318.318,60
2017-12-12,09:30:00,0.031,0.029,0.028,ppi.xlsx,65.53,65.585,65.225,65.315,60,16866.0,17010.1,16827.8,16924.4,13,513.4,516.6,506.6,511.3,6108,1.17908,1.17913,1.17776,1.17834,9571,1.33508,1.33799,1.33378,1.33449,11511,24415.069,24429.57,24405.069,24412.069,60,2662.199,2663.77,2661.199,2662.019,59,6397.269,6401.04,6394.24,6396.84,60,1.28336,1.28344,1.28253,1.2828,6118,0.98962,0.98977,0.98898,0.98945,3248,113.432,113.46,113.397,113.451,4931,15.77,15.807,15.759,15.785,142,1243.952,1244.611,1243.318,1243.959,60
2017-11-14,09:30:00,0.028,0.024,0.026,ppi.xlsx,63.065,63.125,62.835,63.095,59,6504.2,6583.6,6493.2,6577.9,178,,,,,,1.17097,1.17199,1.1703,1.17182,9489,1.31169,1.31197,1.30747,1.30966,9491,23448.07,23448.07,23428.569,23439.569,60,2582.649,2582.67,2579.97,2581.469,58,6313.57,6313.57,6305.969,6310.57,59,1.27515,1.27572,1.27399,1.27416,3526,0.99496,0.99523,0.99447,0.99476,4439,113.866,113.888,113.742,113.765,6727,16.915,16.943,16.908,16.926,186,1272.552,1274.008,1272.251,1273.192,60
2017-10-12,08:30:00,0.026,0.025,0.024,ppi.xlsx,56.735,56.75,56.525,56.605,60,4972.2,5181.0,4971.9,5103.7,125,,,,,,1.1867,1.1867,1.18595,1.18622,8012,1.32548,1.32566,1.32301,1.32308,5985,22857.069,22861.47,22845.469,22847.47,47,2551.499,2552.12,2550.249,2550.499,27,6075.27,6076.569,6071.77,6072.87,48,1.24433,1.24531,1.2443,1.24529,5408,0.9727,0.97413,0.97259,0.97363,5607,112.23,112.288,112.225,112.269,5185,17.234,17.25,17.217,17.223,102,1296.781,1297.071,1295.841,1295.918,60
2017-09-13,08:30:00,0.024,0.025,0.019,ppi.xlsx,54.26,54.585,54.245,54.545,60,3955.3,3990.1,3910.6,3964.7,179,,,,,,1.19847,1.19947,1.19785,1.1979,12332,1.3318,1.33222,1.32677,1.32762,9462,22099.97,22112.17,22097.969,22109.469,59,2492.17,2493.8,2491.97,2493.299,56,5983.27,5987.969,5981.87,5984.97,60,1.21549,1.21555,1.21374,1.2144,6011,0.95888,0.96,0.95844,0.95969,7569,109.941,110.06,109.91,110.044,6488,17.923,17.953,17.907,17.919,70,1332.231,1334.031,1332.181,1332.378,60
2017-08-10,08:30:00,0.019,0.022,0.02,ppi.xlsx,53.02,53.135,52.915,52.99,60,3394.6,3414.8,3381.1,3397.8,73,,,,,,1.17204,1.17345,1.17196,1.1723,11162,1.29625,1.29887,1.29612,1.29873,6462,22019.97,22022.07,21998.87,22003.069,60,2468.62,2469.37,2465.339,2465.569,51,5898.17,5898.57,5887.569,5888.869,60,1.27332,1.27345,1.27237,1.27238,4307,0.96658,0.96658,0.96548,0.9658,4557,110.014,110.022,109.928,109.954,6366,17.024,17.053,17.013,17.039,94,1278.429,1279.299,1277.759,1278.288,60
2017-07-13,08:30:00,0.02,0.019,0.024,ppi.xlsx,47.475,47.485,47.145,47.455,59,2370.7,2390.6,2363.3,2384.6,56,,,,,,1.14214,1.14229,1.13956,1.14035,13141,1.29326,1.29445,1.29222,1.29279,7020,21550.47,21555.47,21542.969,21554.469,60,2445.88,2446.88,2444.669,2446.849,56,5797.069,5802.869,5794.369,5801.969,60,1.27525,1.27574,1.274,1.2742,6113,0.96285,0.96468,0.96245,0.96419,9364,113.124,113.128,112.953,113.097,7749,15.884,15.914,15.881,15.889,116,1222.081,1223.099,1221.209,1221.508,60
2017-06-13,08:30:00,0.024,0.023,0.025,ppi.xlsx,48.435,48.635,48.435,48.485,60,2751.7,2784.5,2731.3,2758.5,118,,,,,,1.12171,1.12249,1.12088,1.12123,11116,1.26859,1.27164,1.26827,1.26991,10243,21270.97,21274.57,21254.469,21259.47,60,2433.769,2434.27,2432.77,2433.569,56,5724.17,5725.27,5721.469,5723.469,59,1.32645,1.32686,1.3256,1.32594,3702,0.96667,0.96742,0.96619,0.96685,4321,110.237,110.257,110.132,110.152,5600,16.847,16.867,16.822,16.852,96,1263.919,1264.609,1261.622,1262.181,60
2017-05-11,08:30:00,0.025,0.022,0.023,ppi.xlsx,50.765,50.93,50.66,50.685,60,,,,,,,,,,,1.08868,1.08884,1.08777,1.08783,6994,1.29337,1.29389,1.29089,1.29132,6880,20913.57,20918.07,20909.07,20911.07,60,2395.37,2396.17,2395.119,2395.17,33,5669.37,5670.37,5668.469,5668.969,51,1.3714,1.37181,1.37068,1.37144,5923,1.00751,1.0081,1.00721,1.0077,3972,114.2,114.227,114.145,114.201,6058,16.298,16.31,16.274,16.29,57,1221.388,1222.199,1221.031,1221.252,60
2017-04-13,08:30:00,0.023,0.024,0.022,ppi.xlsx,55.675,55.84,55.595,55.825,59,,,,,,,,,,,1.06444,1.06508,1.06383,1.06423,9059,1.25552,1.25595,1.2539,1.25485,6993,20563.57,20566.068,20538.07,20554.068,60,2341.89,2342.269,2338.969,2340.89,50,5368.669,5369.87,5362.469,5365.67,59,1.3225,1.32375,1.32243,1.3235,5288,1.00335,1.00388,1.00266,1.00387,4764,109.017,109.085,108.9,109.04,8780,18.518,18.553,18.507,18.527,82,1285.572,1287.398,1285.362,1286.042,60
2017-03-14,08:30:00,0.022,0.02,0.016,ppi.xlsx,51.345,51.575,51.235,51.485,60,,,,,,,,,,,1.06376,1.06481,1.06329,1.06473,12707,1.21356,1.21444,1.21092,1.21414,11028,20866.936,20868.936,20837.943,20838.729,60,2373.32,2373.32,2368.619,2368.949,60,5393.763,5393.842,5385.375,5386.138,60,1.34704,1.34797,1.34596,1.34606,8293,1.00957,1.01007,1.00686,1.00699,7711,115.166,115.193,115.02,115.056,9971,16.918,16.956,16.9,16.947,90,1201.282,1203.869,1200.798,1203.739,60
2017-02-14,09:30:00,0.016,0.015,0.016,ppi.xlsx,55.945,56.195,55.935,56.025,60,,,,,,,,,,,1.06312,1.06319,1.06139,1.06176,13469,1.25321,1.25344,1.24584,1.24718,12464,20412.97,20412.97,20399.969,20403.47,60,2327.34,2327.37,2326.019,2326.349,60,5255.03,5255.03,5252.154,5253.402,60,1.30389,1.30545,1.30383,1.30471,7296,1.00319,1.00476,1.00311,1.00438,6251,113.522,113.614,113.459,113.469,8058,17.875,17.884,17.84,17.857,115,1228.138,1228.978,1226.791,1228.069,60
2017-01-13,09:30:00,0.016,0.016,0.013,ppi.xlsx,56.005,56.025,55.825,55.855,60,,,,,,,,,,,1.06341,1.06509,1.06275,1.06441,10223,1.21879,1.2209,1.21789,1.22069,8961,19888.639,19892.469,19879.969,19891.969,56,2269.677,2270.989,2269.26,2270.984,60,5041.813,5044.563,5039.818,5044.563,60,1.31447,1.31539,1.31414,1.31496,6402,1.00847,1.00894,1.00697,1.00803,5633,114.736,114.868,114.563,114.639,10821,16.758,16.813,16.718,16.794,128,1195.769,1197.879,1194.398,1197.008,60
2016-12-14,09:30:00,0.013,0.009,0.008,ppi.xlsx,55.2,55.25,54.985,55.075,60,,,,,,,,,,,1.0626,1.06297,1.06179,1.06261,9318,1.26741,1.26839,1.2652,1.26563,10199,19904.47,19910.969,19894.94,19898.469,60,2271.767,2273.029,2271.119,2271.357,60,4939.669,4942.27,4937.569,4937.969,60,1.31146,1.31188,1.31118,1.31163,5253,1.01086,1.01179,1.01086,1.01136,5184,115.092,115.215,115.057,115.184,7482,17.031,17.061,17.008,17.035,117,1161.801,1161.818,1160.638,1160.871,60
2016-11-16,09:30:00,0.008,0.012,0.007,ppi.xlsx,46.755,46.845,46.445,46.785,60,,,,,,,,,,,1.07153,1.07298,1.07137,1.07146,15203,1.24711,1.24795,1.24428,1.24567,12397,18892.969,18894.47,18874.969,18874.969,60,2179.093,2180.204,2177.551,2177.62,60,4758.732,4761.68,4754.858,4755.433,60,1.34533,1.34735,1.34533,1.34733,8099,1.0021,1.00297,1.00097,1.00291,6404,109.529,109.557,109.387,109.513,9754,17.042,17.074,17.015,17.033,189,1227.81,1228.769,1227.349,1227.36,60
2016-10-14,08:30:00,0.007,0.006,0.0,ppi.xlsx,52.42,52.46,52.305,52.38,60,,,,,,,,,,,1.10119,1.10249,1.10099,1.10228,57348,1.21894,1.22157,1.21804,1.22144,28434,18114.969,18143.47,18105.969,18137.717,60,2134.362,2137.15,2133.059,2136.65,60,4801.24,4808.679,4798.563,4807.508,60,1.31945,1.3198,1.31862,1.31881,28749,0.9888,0.9888,0.98722,0.98756,13483,104.2,104.242,104.125,104.184,31637,17.474,17.533,17.457,17.53,529,1256.181,1256.962,1255.599,1256.76,60
2016-09-15,08:30:00,0.0,0.001,-0.002,ppi.xlsx,45.95,46.015,45.655,46.0,60,,,,,,,,,,,1.12248,1.12361,1.12246,1.12335,53900,1.32025,1.32454,1.31998,1.32104,30852,18014.053,18035.064,18005.969,18031.691,60,2121.898,2124.31,2120.899,2124.133,60,4735.698,4743.133,4734.269,4742.351,60,1.32276,1.32292,1.32064,1.3209,25239,0.97612,0.97613,0.97515,0.97516,23314,102.451,102.473,102.371,102.394,24684,18.9,18.951,18.894,18.94,83,1318.958,1320.599,1318.808,1320.398,60
2016-08-12,08:30:00,-0.002,0.002,0.003,ppi.xlsx,46.019,46.159,45.726,45.835,60,,,,,,,,,,,1.11444,1.11592,1.11442,1.11545,39754,1.29518,1.29671,1.29502,1.29636,13317,18618.498,18629.93,18612.318,18622.958,60,2185.144,2186.76,2184.656,2186.031,60,4804.185,4808.188,4802.609,4805.38,60,1.29705,1.29766,1.29646,1.29751,20061,0.9747,0.97482,0.9741,0.97468,13509,102.057,102.083,101.969,102.058,12892,19.965,19.984,19.854,19.883,71,1338.899,1339.659,1337.189,1337.801,60
2016-07-14,08:30:00,0.003,-0.001,-0.001,ppi.xlsx,46.587,46.639,46.319,46.572,60,,,,,,,,,,,1.10991,1.11102,1.10933,1.11078,11960,1.32094,1.32425,1.32086,1.32203,12564,18487.814,18497.88,18482.721,18484.796,60,2165.596,2166.86,2164.803,2165.491,57,4596.855,4599.171,4595.344,4596.091,60,1.29425,1.29442,1.29295,1.2931,8592,0.98327,0.98347,0.98055,0.98077,4736,105.435,105.701,105.434,105.651,8822,20.283,20.289,20.094,20.169,92,1333.002,1333.719,1324.861,1325.539,60
2016-06-15,08:30:00,-0.001,-0.001,0.0,ppi.xlsx,49.312,49.498,49.104,49.12,60,,,,,,,,,,,1.12201,1.12263,1.12133,1.12192,10649,1.41717,1.42139,1.41637,1.41901,8514,17694.162,17726.496,17692.544,17717.471,60,2077.175,2080.796,2076.882,2079.909,60,4431.508,4441.013,4430.671,4438.926,60,1.28584,1.28615,1.28408,1.28519,7718,0.96565,0.96634,0.96514,0.96564,4688,106.251,106.395,106.237,106.308,6717,17.383,17.423,17.357,17.403,136,1282.721,1283.27,1280.778,1281.931,60
2016-05-13,08:30:00,0.0,0.002,-0.001,ppi.xlsx,47.994,48.009,47.619,47.702,60,,,,,,,,,,,1.13442,1.13567,1.1337,1.13512,15533,1.44154,1.44207,1.44011,1.44113,10614,17648.374,17658.456,17625.83,17635.989,60,2055.517,2057.119,2052.594,2053.993,60,4322.028,4325.503,4314.85,4318.594,60,1.28535,1.28791,1.28533,1.28597,9759,0.97307,0.97336,0.97021,0.97056,5845,108.791,108.814,108.667,108.715,6701,17.119,17.127,17.077,17.113,154,1274.21,1276.268,1273.449,1275.369,60
2016-04-13,08:30:00,-0.001,0.003,0.0,ppi.xlsx,44.268,44.409,44.005,44.107,60,,,,,,,,,,,1.13532,1.13582,1.13365,1.13375,17552,1.42239,1.42403,1.42039,1.42039,9693,17801.912,17809.696,17789.153,17801.907,60,2071.498,2072.38,2070.311,2071.823,60,4523.379,4526.219,4519.391,4524.954,60,1.27847,1.28039,1.27805,1.27953,9269,0.95869,0.96028,0.95844,0.96,6839,108.923,109.208,108.923,109.18,8710,16.111,16.123,16.028,16.034,65,1249.252,1250.309,1244.601,1245.202,60
2016-03-15,08:30:00,0.0,0.001,-0.002,ppi.xlsx,38.576,38.741,38.484,38.531,60,,,,,,,,,,,1.11154,1.11205,1.11061,1.11109,21817,1.42538,1.42664,1.42187,1.42332,9288,17156.709,17171.21,17132.735,17140.765,60,2009.731,2011.863,2007.056,2007.559,60,4344.931,4349.69,4337.794,4340.602,60,1.33484,1.33566,1.33356,1.3353,6938,0.98614,0.98684,0.98488,0.98657,7221,113.067,113.11,112.925,112.998,10898,15.306,15.385,15.303,15.368,70,1230.429,1236.07,1230.368,1235.23,60
2016-02-17,09:30:00,-0.002,-0.006,-0.01,ppi.xlsx,32.458,33.039,32.307,33.029,60,,,,,,,,,,,1.11604,1.11627,1.11294,1.11305,20810,1.42711,1.43174,1.4253,1.43105,12534,16179.354,16237.49,16175.84,16232.388,60,1893.876,1901.87,1893.357,1901.864,60,4088.521,4112.632,4087.209,4112.618,60,1.38623,1.38663,1.38407,1.38425,9618,0.98755,0.99122,0.98718,0.99102,8595,113.853,114.133,113.796,114.078,11100,15.194,15.214,15.149,15.201,88,1203.979,1204.918,1200.462,1202.321,60
2016-01-15,09:30:00,-0.01,-0.01,-0.011,ppi.xlsx,29.806,30.058,29.708,29.866,60,,,,,,,,,,,1.09005,1.09176,1.08894,1.09049,16513,1.4357,1.43791,1.43376,1.43711,12499,16142.458,16165.758,16104.947,16138.926,60,1895.374,1897.658,1890.179,1893.811,60,4199.969,4202.993,4185.787,4194.979,60,1.45075,1.45469,1.44964,1.45138,12681,1.00311,1.00453,1.00197,1.00321,8106,117.361,117.494,117.231,117.432,14841,13.833,13.842,13.806,13.812,68,1083.719,1084.859,1082.948,1083.32,60
2015-12-11,09:30:00,-0.011,-0.014,-0.016,ppi.xlsx,39.498,39.678,39.315,39.447,59,,,,,,,,,,,1.0963,1.09702,1.09371,1.09434,11028,1.51641,1.51669,1.51359,1.5136,7358,17541.835,17573.029,17521.935,17563.384,60,2048.496,2052.387,2045.962,2051.387,60,4638.926,4645.0,4631.804,4642.993,60,1.36575,1.36698,1.36551,1.36679,5588,0.98708,0.98863,0.9865,0.9884,5073,121.924,121.989,121.83,121.937,6279,14.061,14.086,14.036,14.059,69,1068.579,1069.449,1067.388,1068.242,60
2015-11-13,09:30:00,-0.016,-0.012,-0.011,ppi.xlsx,45.747,45.819,45.586,45.798,60,,,,,,,,,,,1.07561,1.07658,1.0752,1.07561,7573,1.52194,1.52256,1.52119,1.52222,5453,17477.0,17477.971,17436.922,17454.897,60,2049.094,2049.4,2044.551,2046.367,60,4589.888,4590.0,4577.899,4580.908,60,1.32972,1.33072,1.32933,1.32976,4274,1.00413,1.00434,1.00328,1.00342,4203,122.786,122.794,122.692,122.714,4715,14.287,14.324,14.263,14.313,65,1083.879,1084.609,1083.191,1083.839,60
2015-10-14,08:30:00,-0.011,-0.007,-0.008,ppi.xlsx,49.187,49.434,48.964,48.985,60,,,,,,,,,,,1.14148,1.1418,1.14002,1.14058,10694,1.53105,1.53661,1.52825,1.53644,13926,17056.948,17090.994,17038.636,17049.984,60,2000.334,2004.198,1997.693,1998.955,60,4338.987,4349.999,4333.826,4337.445,60,1.29884,1.30024,1.29802,1.29952,6974,0.95618,0.95704,0.95579,0.9566,4501,119.612,119.705,119.428,119.462,6554,16.032,16.065,16.007,16.036,67,1174.552,1174.852,1173.429,1174.659,60
2015-09-11,08:30:00,-0.008,-0.009,-0.008,ppi.xlsx,48.276,48.3,47.704,47.906,60,,,,,,,,,,,1.12853,1.13038,1.12831,1.12908,9739,1.54358,1.54461,1.54235,1.54318,8590,16306.983,16313.997,16220.428,16228.702,60,1950.096,1951.035,1938.185,1939.891,60,4288.43,4291.0,4260.814,4263.994,60,1.32584,1.32702,1.32543,1.3259,4708,0.97304,0.97378,0.97153,0.97335,4202,120.561,120.581,120.425,120.481,8528,14.647,14.658,14.605,14.625,100,1108.958,1108.958,1105.379,1107.278,60
2015-08-14,08:30:00,-0.008,-0.009,-0.007,ppi.xlsx,49.524,49.569,49.236,49.328,60,,,,,,,,,,,1.11285,1.11461,1.11259,1.11395,7799,1.55901,1.56113,1.5589,1.56078,8270,17441.763,17445.993,17407.281,17407.84,60,2088.499,2088.687,2083.17,2083.17,60,4528.999,4529.999,4514.93,4514.99,60,1.30744,1.30839,1.30635,1.30672,5968,0.9774,0.9779,0.97483,0.97554,4119,124.343,124.385,124.27,124.282,4217,15.432,15.471,15.416,15.447,64,1116.331,1117.809,1115.968,1116.721,60
2015-07-15,08:30:00,-0.007,-0.009,-0.011,ppi.xlsx,58.228,58.278,57.906,58.19,60,,,,,,,,,,,1.10151,1.10355,1.10151,1.10276,11697,1.56551,1.56624,1.56026,1.56405,14803,18048.922,18066.914,18047.813,18063.953,60,2109.308,2111.124,2109.129,2110.923,60,4528.054,4534.993,4527.912,4533.968,60,1.27545,1.27628,1.27474,1.27569,6625,0.9458,0.94676,0.94467,0.94622,8339,123.523,123.646,123.505,123.575,5559,15.318,15.334,15.291,15.308,68,1155.118,1155.619,1154.022,1155.022,60
2015-06-12,08:30:00,-0.011,-0.011,-0.013,ppi.xlsx,64.549,64.77,64.149,64.237,59,,,,,,,,,,,1.12201,1.12296,1.11512,1.11669,16384,1.55021,1.55149,1.54662,1.5481,11488,18021.794,18026.986,17993.608,18003.899,60,2106.531,2107.198,2103.134,2104.665,60,4479.848,4481.998,4471.849,4473.99,60,1.23073,1.23293,1.23061,1.23243,5229,0.93439,0.93905,0.93341,0.93711,7329,123.721,123.814,123.65,123.734,7377,15.946,15.954,15.885,15.908,64,1181.938,1181.938,1178.679,1179.429,60
2015-05-14,08:30:00,-0.013,-0.008,-0.008,ppi.xlsx,67.006,67.269,66.947,67.198,60,,,,,,,,,,,1.13904,1.14171,1.1379,1.14034,14422,1.57576,1.57735,1.57516,1.57632,25082,18118.114,18151.922,18095.739,18137.878,60,2105.915,2109.696,2103.393,2108.174,60,4440.923,4454.0,4436.818,4450.888,60,1.19546,1.19651,1.19463,1.19558,6634,0.91469,0.91556,0.91309,0.91366,6618,119.17,119.265,119.16,119.199,7815,17.123,17.17,17.103,17.135,63,1215.019,1215.872,1213.238,1214.338,60
2015-04-14,08:30:00,-0.008,-0.008,-0.006,ppi.xlsx,58.458,58.577,58.028,58.028,60,,,,,,,,,,,1.05476,1.0563,1.05382,1.05496,11164,1.46448,1.46584,1.46031,1.46112,23098,18035.755,18040.859,17991.425,17997.858,60,2098.929,2099.158,2093.06,2093.818,60,4420.387,4420.844,4407.201,4409.037,60,1.25844,1.26017,1.25839,1.25985,6299,0.97673,0.97838,0.97647,0.9781,4053,119.862,119.908,119.714,119.75,6041,16.191,16.191,16.094,16.135,60,1194.176,1194.176,1190.112,1191.118,60
2015-03-13,08:30:00,-0.006,0.0,0.0,ppi.xlsx,56.819,57.145,56.675,56.989,57,,,,,,,,,,,1.06123,1.06347,1.0603,1.06186,13497,1.48764,1.48935,1.48636,1.48792,19502,17892.894,17897.986,17872.929,17876.163,60,2068.05,2068.603,2065.474,2065.803,60,4335.548,4340.965,4334.102,4337.863,60,1.27139,1.27287,1.27105,1.27106,5403,1.00415,1.0062,1.00302,1.00438,4574,121.34,121.445,121.322,121.399,6468,15.587,15.642,15.566,15.607,60,1159.168,1160.289,1158.118,1158.422,60
2015-02-18,09:30:00,0.0,0.003,0.011,ppi.xlsx,61.78,61.888,61.357,61.536,60,,,,,,,,,,,1.14073,1.14118,1.13887,1.1393,9723,1.53635,1.54364,1.53607,1.54361,23222,18043.705,18052.98,18037.606,18041.62,60,2099.683,2100.647,2098.77,2098.907,60,4387.986,4389.991,4384.887,4385.999,60,1.24113,1.24192,1.24048,1.241,4343,0.93781,0.93915,0.93719,0.93875,8162,119.149,119.174,119.079,119.153,5176,16.452,16.508,16.447,16.461,60,1209.418,1210.632,1207.631,1208.139,60
2015-01-15,09:30:00,0.011,0.01,0.014,ppi.xlsx,48.657,48.759,48.107,48.477,60,,,,,,,,,,,1.17594,1.17658,1.15675,1.17219,20532,1.52146,1.52367,1.51587,1.51863,18259,17551.999,17551.999,17265.924,17369.435,60,2027.198,2027.198,1991.951,2005.825,60,4180.957,4180.957,4097.833,4127.172,60,1.19507,1.19938,1.19507,1.19599,12573,1.02123,1.02196,0.72627,0.87266,10528,117.586,117.596,116.619,116.97,19040,16.776,17.031,16.714,16.954,63,1228.982,1239.612,1226.922,1237.351,60
2014-12-12,09:30:00,0.014,0.014,0.015,ppi.xlsx,63.279,63.348,62.727,63.269,60,,,,,,,,,,,1.24243,1.24539,1.24234,1.24263,13541,1.57029,1.57301,1.56992,1.57069,21890,17469.686,17475.994,17437.822,17443.812,60,2020.462,2021.399,2016.392,2018.079,56,4208.999,4209.991,4192.486,4200.866,60,1.15466,1.15576,1.15346,1.15555,6947,0.96655,0.96655,0.9642,0.9663,10570,118.521,118.562,118.05,118.362,10344,17.105,17.193,17.09,17.168,68,1222.359,1227.311,1222.068,1225.402,60
2014-11-18,09:30:00,0.015,0.012,0.016,ppi.xlsx,79.197,79.91,79.126,79.636,60,,,,,,,,,,,1.24937,1.25187,1.24873,1.25149,14458,1.5656,1.56683,1.56313,1.56553,23495,17642.738,17658.67,17636.604,17654.669,60,2040.865,2043.36,2039.891,2042.968,52,4213.911,4218.999,4211.81,4217.811,38,1.12696,1.1282,1.12639,1.12808,3792,0.96146,0.96192,0.95949,0.95969,9880,116.669,117.007,116.666,116.915,8189,16.33,16.349,16.276,16.339,60,1197.728,1198.779,1195.789,1198.488,60
2014-10-15,08:30:00,0.016,0.018,0.018,ppi.xlsx,83.377,84.098,83.364,83.91,60,,,,,,,,,,,1.26462,1.26694,1.26436,1.26533,13894,1.58956,1.59385,1.58904,1.59148,19162,16315.365,16324.631,16289.683,16299.44,60,1876.495,1876.999,1872.678,1873.961,57,3812.812,3816.0,3805.848,3809.944,60,1.13514,1.13743,1.13513,1.13603,5118,0.95487,0.95506,0.95305,0.95433,5689,107.233,107.302,107.09,107.164,9061,17.085,17.137,17.061,17.104,60,1223.309,1224.679,1221.81,1224.171,60
2014-09-16,08:30:00,0.018,0.018,0.017,ppi.xlsx,97.634,97.907,97.457,97.706,59,,,,,,,,,,,1.29426,1.29484,1.29385,1.29459,10759,1.61834,1.61897,1.61618,1.61704,21596,17001.199,17002.447,16990.117,16994.673,47,1982.479,1982.684,1980.964,1981.5,30,4023.403,4025.107,4020.489,4021.397,58,1.10636,1.10663,1.10558,1.10563,4136,0.93415,0.93437,0.93358,0.93375,6421,107.099,107.125,107.021,107.075,7916,18.705,18.771,18.68,18.745,61,1236.971,1241.012,1236.437,1239.762,60
2014-08-15,08:30:00,0.017,0.018,0.019,ppi.xlsx,102.282,102.307,102.043,102.156,60,,,,,,,,,,,1.33769,1.33917,1.33734,1.33835,7905,1.66806,1.67007,1.66799,1.66954,6087,16724.601,16762.141,16723.599,16761.738,60,1958.182,1961.98,1958.158,1961.98,56,3975.087,3982.528,3974.696,3982.41,58,1.08956,1.08963,1.08935,1.0895,2297,0.90549,0.90576,0.90469,0.90528,2733,102.521,102.554,102.48,102.549,3523,19.877,19.903,19.872,19.878,60,1312.996,1313.918,1312.954,1313.441,60
2014-07-16,08:30:00,0.019,0.018,0.02,ppi.xlsx,106.289,107.258,106.184,106.344,60,,,,,,,,,,,1.35537,1.35558,1.35419,1.35432,10295,1.7144,1.71508,1.71124,1.71236,9707,17084.8,17114.428,17082.226,17110.436,60,1975.496,1979.692,1975.476,1979.483,56,3925.316,3935.057,3924.701,3933.979,60,1.07548,1.07629,1.07539,1.07629,2453,0.89671,0.89756,0.89657,0.89747,4527,101.695,101.71,101.666,101.705,3884,20.682,20.729,20.648,20.713,60,1297.485,1298.243,1296.221,1297.653,60
2014-06-13,08:30:00,0.02,0.024,0.021,ppi.xlsx,113.837,113.837,113.082,113.134,60,,,,,,,,,,,1.35743,1.3579,1.35702,1.35712,11515,1.69833,1.69848,1.69709,1.69832,6260,16735.856,16761.279,16734.186,16750.95,60,1930.264,1933.797,1930.264,1932.283,58,3769.292,3775.843,3769.292,3771.632,60,1.08508,1.08548,1.08483,1.08537,2232,0.8963,0.89656,0.89597,0.89646,4397,101.824,101.904,101.824,101.878,4325,19.572,19.578,19.518,19.553,60,1274.73,1274.95,1273.226,1273.578,60
2014-05-14,08:30:00,0.021,0.017,0.014,ppi.xlsx,109.626,109.786,109.602,109.645,60,,,,,,,,,,,1.37162,1.37256,1.37027,1.3725,12678,1.68616,1.68741,1.68051,1.681,9879,16706.809,16710.288,16699.13,16707.403,60,1897.475,1897.995,1896.476,1897.18,58,3609.815,3610.39,3606.709,3608.077,60,1.09092,1.09097,1.08966,1.08969,2122,0.88936,0.89045,0.88868,0.88888,6858,102.105,102.109,101.829,101.836,7733,19.687,19.812,19.654,19.789,62,1300.274,1302.291,1299.463,1301.574,60
2014-04-11,08:30:00,0.014,0.011,0.009,ppi.xlsx,107.152,107.16,106.952,107.139,60,,,,,,,,,,,1.38992,1.39016,1.38853,1.38854,6905,1.6776,1.67809,1.67627,1.6765,4558,16198.108,16204.38,16177.182,16177.945,60,1835.584,1836.095,1833.362,1833.387,60,3489.514,3491.092,3484.122,3484.122,60,1.09321,1.0937,1.093,1.0935,1712,0.87523,0.87613,0.87522,0.87609,5220,101.732,101.776,101.661,101.663,4301,19.928,19.963,19.916,19.938,61,1316.531,1316.852,1314.044,1315.055,60
2014-03-14,08:30:00,0.009,0.012,0.012,ppi.xlsx,107.031,107.255,106.843,106.885,60,,,,,,,,,,,1.38651,1.38784,1.38626,1.3874,7835,1.6614,1.66212,1.66074,1.66204,4385,16109.88,16136.396,16106.604,16117.818,60,1846.99,1850.468,1846.463,1847.984,57,3651.559,3658.181,3649.719,3653.267,60,1.11023,1.11024,1.10893,1.10949,2504,0.8758,0.87591,0.87444,0.87468,3967,101.767,101.805,101.609,101.662,5864,21.25,21.253,21.181,21.242,60,1371.18,1371.18,1368.81,1370.909,60
2014-02-19,09:30:00,0.012,0.012,0.011,ppi.xlsx,110.063,110.107,110.002,110.054,60,,,,,,,,,,,1.37546,1.37586,1.37478,1.37486,10455,1.6719,1.67293,1.66611,1.66773,10284,16121.319,16126.955,16115.106,16120.405,60,1838.078,1838.796,1837.563,1838.067,55,3675.349,3677.775,3674.2,3676.159,60,1.09298,1.09324,1.09139,1.09144,2084,0.88867,0.88889,0.888,0.88847,3825,102.154,102.214,102.07,102.074,3437,21.808,21.83,21.776,21.793,61,1320.562,1321.443,1319.02,1319.569,60
2014-01-15,09:30:00,0.012,0.011,0.007,ppi.xlsx,106.249,106.447,106.249,106.346,12,,,,,,,,,,,1.3623,1.36245,1.3608,1.36167,12320,1.64014,1.64223,1.63956,1.64205,5300,16392.633,16394.717,16380.65,16384.634,60,1840.96,1841.496,1840.16,1840.483,59,3587.17,3590.189,3586.56,3588.168,60,1.09754,1.09909,1.09687,1.09694,2715,0.90702,0.90822,0.9069,0.90703,6285,104.388,104.431,104.247,104.296,4807,20.07,20.086,19.958,20.018,61,1239.0,1239.337,1235.611,1236.988,60
2013-12-13,09:30:00,0.007,0.008,0.003,ppi.xlsx,,,,,,,,,,,,,,,,1.37619,1.37624,1.37489,1.375,8981,1.63471,1.63488,1.63321,1.63328,4071,15773.972,15779.983,15768.62,15776.739,59,1780.682,1781.697,1780.159,1781.677,60,3470.346,3473.168,3468.315,3471.789,59,1.06404,1.06561,1.06404,1.06561,1166,0.88869,0.88912,0.88849,0.8891,3275,103.561,103.589,103.435,103.512,5988,19.504,19.518,19.45,19.483,60,1227.742,1228.023,1224.88,1225.053,60
2013-11-21,09:30:00,0.003,0.003,0.003,ppi.xlsx,107.943,108.016,107.864,107.93,49,,,,,,,,,,,1.34279,1.34413,1.34173,1.34297,15850,1.60948,1.60997,1.60801,1.60936,7914,15901.621,15933.844,15897.781,15928.749,60,1780.186,1784.484,1779.979,1783.958,55,3363.713,3372.346,3362.0,3372.113,60,1.04612,1.04711,1.04611,1.04625,4662,0.9175,0.91826,0.91674,0.91738,8813,100.716,100.931,100.706,100.911,7383,19.899,20.039,19.88,19.995,65,1246.667,1249.798,1246.337,1248.218,60
2013-10-29,08:30:00,0.003,0.006,0.014,ppi.xlsx,108.985,109.412,108.958,109.187,57,,,,,,,,,,,1.37758,1.37853,1.37589,1.37634,14733,1.6097,1.61055,1.60778,1.60846,4931,15565.698,15606.892,15565.698,15598.682,60,1761.686,1766.461,1761.686,1765.667,57,3380.592,3391.621,3380.537,3390.063,60,1.04354,1.04454,1.04326,1.04433,2908,0.89601,0.89819,0.89561,0.89774,7184,97.491,97.618,97.489,97.599,4641,22.36,22.396,22.296,22.322,66,1344.662,1347.517,1342.742,1344.462,60
2013-09-13,08:30:00,0.014,0.013,0.021,ppi.xlsx,111.167,111.349,110.796,110.807,60,,,,,,,,,,,1.32929,1.32962,1.3285,1.32871,8588,1.58089,1.58171,1.58,1.58089,4101,15315.0,15316.0,15294.0,15304.0,60,1684.69,1684.695,1681.662,1682.897,60,3179.367,3179.693,3173.612,3176.14,60,1.03342,1.03454,1.03342,1.03422,2440,0.93113,0.9315,0.93068,0.93141,4872,99.674,99.722,99.594,99.674,4507,21.821,21.834,21.449,21.481,70,1316.716,1317.175,1308.732,1309.842,60
2013-08-14,08:30:00,0.021,0.024,0.025,ppi.xlsx,109.498,109.669,109.274,109.435,60,,,,,,,,,,,1.32695,1.32711,1.32584,1.32682,11584,1.54367,1.5506,1.54221,1.54735,10937,15409.0,15421.0,15400.0,15417.0,60,1689.181,1690.177,1687.862,1689.373,59,3132.784,3135.89,3132.255,3134.604,60,1.03522,1.03605,1.035,1.03581,4866,0.93533,0.93666,0.93533,0.93593,7586,98.182,98.359,98.174,98.29,6473,21.364,21.516,21.344,21.471,67,1322.005,1325.005,1321.343,1324.179,60
2013-07-12,08:30:00,0.025,0.021,0.017,ppi.xlsx,107.41,107.77,107.263,107.697,60,,,,,,,,,,,1.30385,1.3049,1.30358,1.30384,9600,1.51295,1.51446,1.51271,1.51341,4095,15440.0,15461.0,15439.0,15450.0,60,1672.675,1674.691,1672.666,1673.88,60,3056.362,3059.289,3056.153,3057.783,60,1.03673,1.03683,1.03592,1.03629,2701,0.95042,0.95073,0.94972,0.95068,5829,99.106,99.13,98.947,99.055,3966,19.782,19.809,19.749,19.763,60,1275.99,1277.69,1275.955,1275.973,60
2013-06-14,08:30:00,0.017,0.014,0.006,ppi.xlsx,104.758,105.168,104.635,104.976,60,,,,,,,,,,,1.33235,1.33405,1.33215,1.33301,14910,1.56532,1.56648,1.5618,1.56249,9309,15197.0,15205.0,15182.0,15202.0,60,1637.788,1638.299,1635.968,1638.294,60,2964.132,2965.286,2960.777,2964.972,60,1.01681,1.01752,1.01656,1.01694,4292,0.92548,0.92549,0.92263,0.92394,8344,95.11,95.192,94.85,94.982,9399,21.796,21.801,21.709,21.754,61,1386.083,1386.273,1381.642,1382.255,60
2013-05-15,08:30:00,0.006,0.008,0.011,ppi.xlsx,,,,,,,,,,,,,,,,1.29057,1.29164,1.28947,1.29006,13639,1.52318,1.52563,1.52146,1.52384,11058,,,,,,,,,,,,,,,,1.0191,1.02019,1.01859,1.0201,4067,0.96894,0.97077,0.96717,0.96947,9349,102.368,102.464,102.32,102.441,7130,22.918,23.0,22.866,22.978,65,1410.152,1413.054,1408.352,1411.94,60
2013-04-12,08:30:00,0.011,0.014,0.017,ppi.xlsx,,,,,,,,,,,,,,,,1.30636,1.3076,1.30585,1.30634,16017,1.53729,1.53812,1.53567,1.53616,9459,,,,,,,,,,,,,,,,1.01154,1.01187,1.01135,1.01164,3140,0.93197,0.9325,0.93138,0.93211,7775,99.287,99.443,98.969,99.135,13581,27.517,27.561,27.503,27.515,60,1556.94,1557.993,1556.74,1557.152,60
2013-03-14,08:30:00,0.017,0.017,0.014,ppi.xlsx,,,,,,,,,,,,,,,,1.29561,1.29768,1.29466,1.29556,15649,1.49373,1.4958,1.4932,1.49325,12238,,,,,,,,,,,,,,,,1.02665,1.02721,1.02609,1.02673,4886,0.95412,0.95465,0.95096,0.95377,11863,96.19,96.524,96.166,96.415,11803,28.91,28.936,28.832,28.854,60,1588.38,1589.213,1587.268,1587.662,60
2013-02-20,09:30:00,0.014,0.014,0.013,ppi.xlsx,,,,,,,,,,,,,,,,1.34214,1.34312,1.34099,1.34187,10956,1.54389,1.54404,1.53159,1.53247,15771,,,,,,,,,,,,,,,,1.01169,1.01243,1.01148,1.01221,2956,0.91966,0.92034,0.91842,0.91909,8296,93.363,93.407,93.307,93.393,5505,29.607,29.607,29.523,29.528,67,1606.193,1606.286,1604.152,1604.242,60
2013-01-15,09:30:00,0.013,0.014,0.015,ppi.xlsx,,,,,,,,,,,,,,,,1.33727,1.33859,1.3357,1.3383,10065,1.60924,1.60942,1.60711,1.60888,11329,,,,,,,,,,,,,,,,0.98384,0.98439,0.98369,0.98385,4107,0.92245,0.92338,0.9223,0.92261,9453,88.787,88.846,88.687,88.84,9083,31.34,31.381,31.274,31.311,66,1681.433,1683.113,1680.152,1681.143,60
2012-12-13,09:30:00,0.015,0.018,0.023,ppi.xlsx,,,,,,,,,,,,,,,,1.30646,1.30738,1.30495,1.3063,9877,1.6126,1.61323,1.61192,1.61227,7661,,,,,,,,,,,,,,,,0.98344,0.98364,0.98298,0.98305,3333,0.92522,0.9267,0.92467,0.92591,9055,83.399,83.468,83.243,83.342,7324,32.879,32.92,32.839,32.884,60,1696.752,1699.291,1696.59,1698.452,60
2012-11-14,09:30:00,0.023,0.026,0.021,ppi.xlsx,,,,,,,,,,,,,,,,1.27314,1.27562,1.2725,1.2749,13826,1.5884,1.59005,1.58732,1.58975,8543,,,,,,,,,,,,,,,,1.00045,1.00079,0.99979,0.99994,4705,0.9454,0.94591,0.94379,0.94416,8705,79.916,79.989,79.903,79.923,4985,32.566,32.597,32.491,32.574,63,1726.433,1726.852,1724.413,1726.023,60
2012-10-12,08:30:00,0.021,0.018,0.02,ppi.xlsx,,,,,,,,,,,,,,,,1.2984,1.2984,1.2964,1.29683,12072,1.60706,1.60715,1.60517,1.60569,9811,,,,,,,,,,,,,,,,0.9778,0.97852,0.97777,0.97807,6087,0.93157,0.93298,0.93157,0.93262,8282,78.482,78.488,78.437,78.459,3706,34.078,34.082,33.894,33.953,62,1770.835,1771.233,1768.535,1769.252,60
2012-09-13,08:30:00,0.02,0.014,0.005,ppi.xlsx,,,,,,,,,,,,,,,,1.29093,1.2928,1.29061,1.292,10322,1.61113,1.6124,1.61094,1.61158,8617,,,,,,,,,,,,,,,,0.9765,0.97717,0.97641,0.97665,4783,0.93806,0.93808,0.9363,0.93754,6938,77.652,77.699,77.58,77.692,3814,33.009,33.068,33.009,33.03,61,1729.796,1731.103,1729.627,1730.018,60
2012-08-14,08:30:00,0.005,0.005,0.007,ppi.xlsx,,,,,,,,,,,,,,,,1.23763,1.23841,1.23655,1.23692,13162,1.57065,1.57282,1.5691,1.56912,12282,,,,,,,,,,,,,,,,0.99185,0.99255,0.99153,0.9925,10594,0.97034,0.97111,0.9697,0.97074,9832,78.563,78.583,78.51,78.52,2905,27.968,27.975,27.903,27.913,63,1615.113,1615.452,1613.675,1613.933,60
2012-07-13,08:30:00,0.007,0.002,0.007,ppi.xlsx,,,,,,,,,,,,,,,,1.22004,1.22141,1.2194,1.22044,12597,1.54367,1.5444,1.54231,1.54437,9717,,,,,,,,,,,,,,,,1.01703,1.01736,1.01614,1.01637,7716,0.98425,0.98475,0.98315,0.9839,8342,79.291,79.308,79.242,79.251,3221,27.358,27.38,27.324,27.358,62,1576.943,1578.593,1575.625,1577.803,60
2012-06-13,08:30:00,0.007,0.011,0.019,ppi.xlsx,,,,,,,,,,,,,,,,1.25274,1.25324,1.2512,1.25225,16964,1.55696,1.55737,1.55577,1.55724,11713,,,,,,,,,,,,,,,,1.02569,1.02695,1.02542,1.02645,9236,0.9587,0.95988,0.95839,0.95907,13847,79.568,79.61,79.525,79.587,6024,28.978,29.004,28.836,28.894,70,1614.077,1614.4,1610.463,1611.773,60
2012-05-11,08:30:00,0.019,0.021,0.028,ppi.xlsx,,,,,,,,,,,,,,,,1.2925,1.2951,1.29238,1.29414,15946,1.61055,1.61283,1.61043,1.61211,11675,,,,,,,,,,,,,,,,1.0046,1.00481,1.00274,1.00383,7861,0.92925,0.92941,0.92743,0.92814,11722,79.813,79.956,79.802,79.91,7129,28.526,28.646,28.515,28.564,60,1575.645,1579.126,1575.398,1577.939,60
2012-03-01,05:00:00,0.028,,0.031,ppi.xlsx,,,,,,,,,,,,,,,,1.33467,1.33556,1.33438,1.33455,5322,1.59273,1.59344,1.59221,1.59227,2462,,,,,,,,,,,,,,,,0.98832,0.9887,0.98813,0.98866,3073,0.90283,0.90306,0.9021,0.90298,5142,81.029,81.034,80.837,80.997,4426,35.143,35.143,34.849,34.854,60,1724.563,1724.597,1720.352,1720.516,60
2012-02-01,05:00:00,0.031,,0.033,ppi.xlsx,,,,,,,,,,,,,,,,1.30665,1.30712,1.3064,1.30685,5791,1.57538,1.57547,1.57472,1.57485,3898,,,,,,,,,,,,,,,,1.00307,1.00356,1.00301,1.00317,2757,0.92208,0.92234,0.92169,0.92188,3828,76.193,76.216,76.188,76.216,1997,33.288,33.299,33.235,33.26,61,1738.623,1738.623,1735.885,1737.703,60
2011-12-01,05:00:00,0.037,,0.038,ppi.xlsx,,,,,,,,,,,,,,,,1.34663,1.34683,1.3457,1.34587,5856,1.57022,1.57053,1.56916,1.56922,5951,,,,,,,,,,,,,,,,1.01713,1.01933,1.01713,1.01915,2719,0.91298,0.91432,0.91284,0.91432,3296,77.666,77.697,77.654,77.693,2483,32.725,32.77,32.623,32.64,60,1747.437,1748.085,1745.172,1745.494,60
2011-11-01,05:00:00,0.038,,0.045,ppi.xlsx,,,,,,,,,,,,,,,,1.38137,1.38225,1.37927,1.38138,9099,1.60462,1.6048,1.6028,1.60398,6650,,,,,,,,,,,,,,,,1.0015,1.00271,1.00107,1.0018,4112,0.87907,0.88032,0.87856,0.87903,4274,78.158,78.158,78.012,78.121,4450,34.452,34.508,34.344,34.418,60,1718.235,1720.075,1717.398,1719.262,60
2011-09-01,05:00:00,0.044,,0.044,ppi.xlsx,,,,,,,,,,,,,,,,1.43651,1.43724,1.43573,1.43687,5196,1.62341,1.62412,1.62314,1.62316,3953,,,,,,,,,,,,,,,,0.97764,0.97764,0.97662,0.97694,1711,0.80347,0.80553,0.80321,0.80366,4485,76.832,76.852,76.761,76.768,2730,41.533,41.56,41.439,41.484,60,1823.775,1824.479,1821.009,1821.76,60
2011-08-01,05:00:00,0.044,,0.044,ppi.xlsx,,,,,,,,,,,,,,,,1.43929,1.44034,1.43838,1.4386,6562,1.64458,1.64532,1.64277,1.64375,4169,,,,,,,,,,,,,,,,0.952,0.95209,0.95101,0.95148,2042,0.79265,0.79437,0.79247,0.79337,4045,77.566,77.67,77.556,77.649,2887,39.488,39.514,39.299,39.373,90,1614.319,1614.532,1611.621,1612.928,60
2011-07-01,05:00:00,0.044,,0.041,ppi.xlsx,,,,,,,,,,,,,,,,1.45144,1.45258,1.45114,1.45147,5665,1.60571,1.6071,1.60556,1.60673,4540,,,,,,,,,,,,,,,,0.9626,0.96262,0.96199,0.96211,2093,0.84148,0.84308,0.84123,0.84278,3767,80.735,80.738,80.687,80.699,3090,34.545,34.545,34.474,34.509,77,1500.999,1501.023,1498.284,1498.967,60
2011-06-01,05:00:00,0.041,,0.04,ppi.xlsx,,,,,,,,,,,,,,,,1.44332,1.44421,1.44212,1.44386,6993,1.64761,1.64766,1.64523,1.64625,5769,,,,,,,,,,,,,,,,0.96721,0.96786,0.96699,0.96759,2113,0.85294,0.85308,0.85233,0.85275,4049,81.262,81.327,81.24,81.297,4237,38.07,38.128,37.913,38.026,64,1530.657,1531.669,1529.61,1531.492,60
2011-04-01,05:00:00,0.039,,0.033,ppi.xlsx,,,,,,,,,,,,,,,,1.41708,1.41763,1.4166,1.41749,4173,1.60436,1.60648,1.60432,1.60633,4008,,,,,,,,,,,,,,,,0.96961,0.96961,0.96879,0.96919,1884,0.92055,0.92056,0.91952,0.92002,4176,83.587,83.631,83.532,83.546,5705,37.671,37.687,37.616,37.644,138,1433.149,1433.833,1432.367,1433.628,60
2011-03-01,05:00:00,0.033,,0.025,ppi.xlsx,,,,,,,,,,,,,,,,1.38054,1.38104,1.3802,1.38054,4882,1.62661,1.62693,1.62527,1.62617,4496,,,,,,,,,,,,,,,,0.97088,0.97164,0.9708,0.97123,1564,0.93191,0.93206,0.93152,0.93189,2754,82.158,82.208,82.131,82.189,4101,,,,,,1412.818,1413.829,1412.507,1413.665,60
2011-02-01,05:00:00,0.025,,0.028,ppi.xlsx,,,,,,,,,,,,,,,,1.3728,1.37297,1.37135,1.37249,5313,1.60561,1.60783,1.60452,1.60723,4434,,,,,,,,,,,,,,,,0.99784,0.99829,0.9977,0.998,1766,0.9416,0.94192,0.94097,0.94126,3537,81.9,81.901,81.75,81.897,6667,,,,,,1337.972,1339.384,1335.726,1337.268,60
